step,train/domain,train/loss,train/psnr,val/avg_psnr,val/imagenet-blur_psnr,val/imagenet-blur_ssim
0,48.0,0.5137426257133484,10.774395942687988,16.480606079101562,16.480606079101562,0.3927307426929474
1,,,,16.509187698364258,16.509187698364258,0.40151023864746094
2,,,,16.81281089782715,16.81281089782715,0.4076657295227051
3,,,,17.12428092956543,17.12428092956543,0.43019577860832214
4,,,,17.130929946899414,17.130929946899414,0.4339439272880554
5,,,,17.049633026123047,17.049633026123047,0.43331125378608704
6,,,,17.1031494140625,17.1031494140625,0.4377082884311676
7,,,,17.29612922668457,17.29612922668457,0.449811190366745
8,,,,17.250850677490234,17.250850677490234,0.45231369137763977
9,,,,17.27410888671875,17.27410888671875,0.45158496499061584
10,,,,17.45825958251953,17.45825958251953,0.46671727299690247
11,,,,17.44159507751465,17.44159507751465,0.46606874465942383
12,,,,17.47429656982422,17.47429656982422,0.46834245324134827
13,,,,17.4810848236084,17.4810848236084,0.4704791307449341
14,,,,17.604528427124023,17.604528427124023,0.47949936985969543
15,,,,17.41458511352539,17.41458511352539,0.4703904092311859
16,,,,17.576688766479492,17.576688766479492,0.48094868659973145
17,,,,17.620689392089844,17.620689392089844,0.4800022840499878
18,,,,17.63652801513672,17.63652801513672,0.48714494705200195
19,,,,17.65303611755371,17.65303611755371,0.4901547133922577
20,,,,17.686134338378906,17.686134338378906,0.489178866147995
21,,,,17.773366928100586,17.773366928100586,0.49591967463493347
22,,,,17.820297241210938,17.820297241210938,0.49723759293556213
23,,,,17.845413208007812,17.845413208007812,0.49845680594444275
24,,,,17.681108474731445,17.681108474731445,0.4931027889251709
25,,,,17.799312591552734,17.799312591552734,0.5022708177566528
26,,,,17.778911590576172,17.778911590576172,0.4973737895488739
27,,,,17.985694885253906,17.985694885253906,0.508531391620636
28,,,,17.943023681640625,17.943023681640625,0.5056890845298767
29,,,,18.06636619567871,18.06636619567871,0.513112485408783
30,,,,17.998737335205078,17.998737335205078,0.5103363394737244
31,,,,18.256895065307617,18.256895065307617,0.5227218270301819
32,,,,18.136764526367188,18.136764526367188,0.5216241478919983
33,,,,18.021448135375977,18.021448135375977,0.5120358467102051
34,,,,18.24360466003418,18.24360466003418,0.5232183337211609
35,,,,18.079132080078125,18.079132080078125,0.5189415812492371
36,,,,17.919538497924805,17.919538497924805,0.5093443393707275
37,,,,18.240806579589844,18.240806579589844,0.527222752571106
38,,,,18.174156188964844,18.174156188964844,0.5263806581497192
39,,,,18.062576293945312,18.062576293945312,0.5202642679214478
40,,,,18.273250579833984,18.273250579833984,0.5342125296592712
41,,,,18.10437774658203,18.10437774658203,0.5191136002540588
42,,,,18.321697235107422,18.321697235107422,0.5315814018249512
43,,,,18.37267303466797,18.37267303466797,0.5342344641685486
44,,,,18.255571365356445,18.255571365356445,0.5266356468200684
45,,,,18.287477493286133,18.287477493286133,0.5295155048370361
46,,,,18.261404037475586,18.261404037475586,0.5351392030715942
47,,,,18.29165267944336,18.29165267944336,0.5313977003097534
48,,,,18.405176162719727,18.405176162719727,0.5381096005439758
49,,,,18.258739471435547,18.258739471435547,0.5322895050048828
50,,,,18.466482162475586,18.466482162475586,0.5468910932540894
51,,,,18.44463348388672,18.44463348388672,0.5424524545669556
52,,,,18.38568115234375,18.38568115234375,0.5399234890937805
53,,,,18.53805160522461,18.53805160522461,0.5469769835472107
54,,,,18.54892349243164,18.54892349243164,0.5497912168502808
55,,,,18.56997299194336,18.56997299194336,0.5514335036277771
56,,,,18.40073585510254,18.40073585510254,0.5460718870162964
57,,,,18.454124450683594,18.454124450683594,0.548610508441925
58,,,,18.54216957092285,18.54216957092285,0.55073481798172
59,,,,18.660385131835938,18.660385131835938,0.5566980838775635
60,,,,18.600343704223633,18.600343704223633,0.5541135668754578
61,,,,18.597448348999023,18.597448348999023,0.5534401535987854
62,,,,18.60470962524414,18.60470962524414,0.5505222678184509
63,,,,18.6342830657959,18.6342830657959,0.5546519756317139
64,,,,18.560726165771484,18.560726165771484,0.5550790429115295
65,,,,18.631322860717773,18.631322860717773,0.5583250522613525
66,,,,18.6649169921875,18.6649169921875,0.5576685070991516
67,,,,18.65890121459961,18.65890121459961,0.5582029819488525
68,,,,18.699209213256836,18.699209213256836,0.55887770652771
69,,,,18.582599639892578,18.582599639892578,0.55771803855896
70,,,,18.761354446411133,18.761354446411133,0.5633552074432373
71,,,,18.733091354370117,18.733091354370117,0.5595424771308899
72,,,,18.72763442993164,18.72763442993164,0.565035879611969
73,,,,18.654027938842773,18.654027938842773,0.5602342486381531
74,,,,18.71661376953125,18.71661376953125,0.561933696269989
75,,,,18.763551712036133,18.763551712036133,0.5646325945854187
76,,,,18.702877044677734,18.702877044677734,0.5609381198883057
77,,,,18.78387451171875,18.78387451171875,0.5661478042602539
78,,,,18.839740753173828,18.839740753173828,0.5711442232131958
79,,,,18.82760238647461,18.82760238647461,0.5690643191337585
80,,,,18.79384422302246,18.79384422302246,0.5657086968421936
81,,,,18.782533645629883,18.782533645629883,0.5683392882347107
82,,,,18.82094955444336,18.82094955444336,0.5704724788665771
83,,,,18.78268051147461,18.78268051147461,0.5663346648216248
84,,,,18.78542709350586,18.78542709350586,0.5663163065910339
85,,,,18.803674697875977,18.803674697875977,0.5680232048034668
86,,,,18.834484100341797,18.834484100341797,0.5697600841522217
87,,,,18.74175262451172,18.74175262451172,0.5656883120536804
88,,,,18.84781837463379,18.84781837463379,0.5689504742622375
89,,,,18.761632919311523,18.761632919311523,0.5674300193786621
90,,,,18.782461166381836,18.782461166381836,0.5686162710189819
91,,,,18.780500411987305,18.780500411987305,0.5677932500839233
92,,,,18.856901168823242,18.856901168823242,0.570363461971283
93,,,,18.812557220458984,18.812557220458984,0.5689011216163635
94,,,,18.79146957397461,18.79146957397461,0.5682252049446106
95,,,,18.782615661621094,18.782615661621094,0.567939817905426
96,,,,18.794822692871094,18.794822692871094,0.5688538551330566
97,,,,18.795326232910156,18.795326232910156,0.5683396458625793
98,,,,18.80649185180664,18.80649185180664,0.5689870715141296
99,,,,18.803842544555664,18.803842544555664,0.5688867568969727
100,48.0,0.36643415689468384,13.111668586730957,,,
200,48.0,0.29663577675819397,14.833006858825684,,,
300,48.0,0.33425581455230713,13.623899459838867,,,
400,48.0,0.31757187843322754,14.162179946899414,,,
500,48.0,0.29229530692100525,14.774741172790527,,,
600,48.0,0.3172590434551239,14.598304748535156,,,
700,48.0,0.32396289706230164,14.087532043457031,,,
800,48.0,0.33914369344711304,14.129817962646484,,,
900,48.0,0.2828652858734131,15.212638854980469,,,
1000,48.0,0.3037242293357849,14.556991577148438,,,
1100,48.0,0.2971511483192444,14.661603927612305,,,
1200,48.0,0.24055306613445282,16.51884651184082,,,
1300,48.0,0.29486334323883057,14.486557006835938,,,
1400,48.0,0.29767367243766785,14.64391803741455,,,
1500,48.0,0.2592346668243408,15.70201301574707,,,
1600,48.0,0.31326815485954285,14.308277130126953,,,
1700,48.0,0.2771681249141693,15.373578071594238,,,
1800,48.0,0.27260515093803406,15.82638931274414,,,
1900,48.0,0.23415648937225342,16.403244018554688,,,
2000,48.0,0.2748851478099823,15.335065841674805,,,
2100,48.0,0.30017560720443726,14.560260772705078,,,
2200,48.0,0.3403714895248413,13.880565643310547,,,
2300,48.0,0.3135058879852295,14.713987350463867,,,
2400,48.0,0.27586984634399414,15.565776824951172,,,
2500,48.0,0.2740481197834015,15.272504806518555,,,
2600,48.0,0.3086014688014984,14.73941421508789,,,
2700,48.0,0.24052417278289795,16.244155883789062,,,
2800,48.0,0.23709070682525635,16.723548889160156,,,
2900,48.0,0.2850128710269928,15.021379470825195,,,
3000,48.0,0.284399151802063,15.487716674804688,,,
3100,48.0,0.21127949655056,17.284786224365234,,,
3200,48.0,0.3316478133201599,13.579416275024414,,,
3300,48.0,0.3080332577228546,14.352941513061523,,,
3400,48.0,0.29612135887145996,14.835468292236328,,,
3500,48.0,0.2605038583278656,15.717643737792969,,,
3600,48.0,0.30436205863952637,14.59271240234375,,,
3700,48.0,0.2973191440105438,15.043673515319824,,,
3800,48.0,0.32928571105003357,13.834661483764648,,,
3900,48.0,0.26499179005622864,15.839841842651367,,,
4000,48.0,0.276990681886673,15.132720947265625,,,
4100,48.0,0.2673700451850891,15.373971939086914,,,
4200,48.0,0.25494149327278137,15.704132080078125,,,
4300,48.0,0.26684606075286865,15.539079666137695,,,
4400,48.0,0.3161483108997345,14.428262710571289,,,
4500,48.0,0.2673285901546478,15.337045669555664,,,
4600,48.0,0.2481684535741806,16.35346031188965,,,
4700,48.0,0.2578691840171814,15.942572593688965,,,
4800,48.0,0.34049826860427856,13.442424774169922,,,
4900,48.0,0.2861889898777008,15.576376914978027,,,
5000,48.0,0.3217141926288605,14.089265823364258,,,
5100,48.0,0.2861565053462982,14.91911506652832,,,
5200,48.0,0.3376782238483429,14.169496536254883,,,
5300,48.0,0.3212824761867523,13.721479415893555,,,
5400,48.0,0.2219551056623459,16.73137855529785,,,
5500,48.0,0.3095953166484833,14.332347869873047,,,
5600,48.0,0.2567662000656128,15.641130447387695,,,
5700,48.0,0.3121015131473541,14.628948211669922,,,
5800,48.0,0.3015182316303253,14.689702033996582,,,
5900,48.0,0.28576982021331787,14.983564376831055,,,
6000,48.0,0.23798710107803345,16.458768844604492,,,
6100,48.0,0.2592102885246277,16.066513061523438,,,
6200,48.0,0.27928486466407776,14.806808471679688,,,
6300,48.0,0.34287571907043457,13.620838165283203,,,
6400,48.0,0.2768971025943756,14.893548965454102,,,
6500,48.0,0.2877857983112335,14.870441436767578,,,
6600,48.0,0.2801748514175415,15.377254486083984,,,
6700,48.0,0.2663683295249939,15.647418022155762,,,
6800,48.0,0.33298081159591675,14.54620361328125,,,
6900,48.0,0.2659950852394104,15.777015686035156,,,
7000,48.0,0.27307379245758057,15.394491195678711,,,
7100,48.0,0.26998353004455566,15.750940322875977,,,
7200,48.0,0.27033907175064087,15.51225757598877,,,
7300,48.0,0.29784783720970154,14.900333404541016,,,
7400,48.0,0.2417680323123932,16.08835220336914,,,
7500,48.0,0.2453189343214035,16.216543197631836,,,
7600,48.0,0.2815648317337036,15.153218269348145,,,
7700,48.0,0.28651267290115356,15.294363021850586,,,
7800,48.0,0.24830998480319977,16.23326873779297,,,
7900,48.0,0.285699725151062,14.94566822052002,,,
8000,48.0,0.27311766147613525,15.28770637512207,,,
8100,48.0,0.24630725383758545,16.381248474121094,,,
8200,48.0,0.26779410243034363,15.270697593688965,,,
8300,48.0,0.2796922028064728,15.031720161437988,,,
8400,48.0,0.28835076093673706,14.801204681396484,,,
8500,48.0,0.2563980519771576,15.945611953735352,,,
8600,48.0,0.28931042551994324,14.913701057434082,,,
8700,48.0,0.3202923834323883,14.206989288330078,,,
8800,48.0,0.2714436948299408,15.685998916625977,,,
8900,48.0,0.2686893343925476,15.566486358642578,,,
9000,48.0,0.2543889880180359,15.85383415222168,,,
9100,48.0,0.2819322347640991,16.431121826171875,,,
9200,48.0,0.30001702904701233,14.692546844482422,,,
9300,48.0,0.2622072696685791,15.849630355834961,,,
9400,48.0,0.2562084496021271,15.380358695983887,,,
9500,48.0,0.2963612377643585,15.012866973876953,,,
9600,48.0,0.3197013735771179,13.965806007385254,,,
9700,48.0,0.3091849982738495,14.730912208557129,,,
9800,48.0,0.26715558767318726,15.613924026489258,,,
9900,48.0,0.24881550669670105,16.243377685546875,,,
10000,48.0,0.25675535202026367,15.719036102294922,,,
10100,48.0,0.29401829838752747,14.426830291748047,,,
10200,48.0,0.2752179205417633,15.27357006072998,,,
10300,48.0,0.26512911915779114,15.186530113220215,,,
10400,48.0,0.236748605966568,16.567838668823242,,,
10500,48.0,0.24520188570022583,16.347246170043945,,,
10600,48.0,0.26401254534721375,15.760788917541504,,,
10700,48.0,0.25246483087539673,15.945528030395508,,,
10800,48.0,0.26034054160118103,15.478221893310547,,,
10900,48.0,0.31876784563064575,14.279064178466797,,,
11000,48.0,0.2816244661808014,14.53073501586914,,,
11100,48.0,0.24845357239246368,16.406776428222656,,,
11200,48.0,0.2363821417093277,16.467897415161133,,,
11300,48.0,0.2898053526878357,15.166733741760254,,,
11400,48.0,0.2782842218875885,15.169961929321289,,,
11500,48.0,0.2671351730823517,15.373527526855469,,,
11600,48.0,0.2713853120803833,15.803253173828125,,,
11700,48.0,0.3053112328052521,14.381904602050781,,,
11800,48.0,0.2170668989419937,17.26996612548828,,,
11900,48.0,0.2106913924217224,17.543899536132812,,,
12000,48.0,0.2543204426765442,15.392498016357422,,,
12100,48.0,0.2725115120410919,15.427210807800293,,,
12200,48.0,0.28908681869506836,14.85141658782959,,,
12300,48.0,0.26773759722709656,15.879057884216309,,,
12400,48.0,0.23984746634960175,15.946706771850586,,,
12500,48.0,0.27439871430397034,15.244007110595703,,,
12600,48.0,0.25738251209259033,15.909503936767578,,,
12700,48.0,0.2727716267108917,15.108626365661621,,,
12800,48.0,0.2838377058506012,15.10892391204834,,,
12900,48.0,0.26652416586875916,15.460542678833008,,,
13000,48.0,0.25086697936058044,16.238130569458008,,,
13100,48.0,0.23180121183395386,16.764198303222656,,,
13200,48.0,0.2706765830516815,15.040748596191406,,,
13300,48.0,0.25009432435035706,16.237396240234375,,,
13400,48.0,0.29836228489875793,14.920210838317871,,,
13500,48.0,0.2564273476600647,16.107646942138672,,,
13600,48.0,0.21486109495162964,17.199657440185547,,,
13700,48.0,0.26751959323883057,15.60470962524414,,,
13800,48.0,0.2059374749660492,17.385955810546875,,,
13900,48.0,0.30113816261291504,14.831666946411133,,,
14000,48.0,0.24674127995967865,16.08890724182129,,,
14100,48.0,0.26555174589157104,15.673507690429688,,,
14200,48.0,0.29488134384155273,14.30166244506836,,,
14300,48.0,0.2683361768722534,15.878149032592773,,,
14400,48.0,0.23680748045444489,16.321598052978516,,,
14500,48.0,0.3076227009296417,14.407875061035156,,,
14600,48.0,0.23218096792697906,16.432592391967773,,,
14700,48.0,0.25378748774528503,15.847639083862305,,,
14800,48.0,0.22758840024471283,16.496137619018555,,,
14900,48.0,0.25436335802078247,15.182910919189453,,,
15000,48.0,0.2550450265407562,15.587674140930176,,,
15100,48.0,0.22043412923812866,16.853662490844727,,,
15200,48.0,0.2808786928653717,14.836645126342773,,,
15300,48.0,0.2455635964870453,15.94002914428711,,,
15400,48.0,0.31092411279678345,14.62272834777832,,,
15500,48.0,0.21263381838798523,17.42981719970703,,,
15600,48.0,0.28638336062431335,14.681392669677734,,,
15700,48.0,0.2539484202861786,16.433561325073242,,,
15800,48.0,0.21845722198486328,17.31955337524414,,,
15900,48.0,0.3364282250404358,14.09686279296875,,,
16000,48.0,0.2833172678947449,14.938756942749023,,,
16100,48.0,0.23928377032279968,16.533004760742188,,,
16200,48.0,0.26110947132110596,15.954451560974121,,,
16300,48.0,0.25103333592414856,16.18588638305664,,,
16400,48.0,0.2732602655887604,15.451278686523438,,,
16500,48.0,0.25189775228500366,15.770843505859375,,,
16600,48.0,0.2428327053785324,15.905195236206055,,,
16700,48.0,0.2728443741798401,14.958948135375977,,,
16800,48.0,0.23099689185619354,16.51995277404785,,,
16900,48.0,0.3156462609767914,14.063896179199219,,,
17000,48.0,0.27843961119651794,15.027771949768066,,,
17100,48.0,0.2348913848400116,16.355003356933594,,,
17200,48.0,0.2900671064853668,14.813814163208008,,,
17300,48.0,0.24490977823734283,16.47320556640625,,,
17400,48.0,0.303573340177536,13.90266227722168,,,
17500,48.0,0.2274046540260315,16.562965393066406,,,
17600,48.0,0.23168958723545074,16.340805053710938,,,
17700,48.0,0.22770483791828156,17.0930118560791,,,
17800,48.0,0.3071464002132416,14.683932304382324,,,
17900,48.0,0.2718571126461029,15.016131401062012,,,
18000,48.0,0.2830406725406647,15.197347640991211,,,
18100,48.0,0.215549498796463,16.977500915527344,,,
18200,48.0,0.2893401086330414,14.789026260375977,,,
18300,48.0,0.24623394012451172,16.43360710144043,,,
18400,48.0,0.2770918905735016,15.631667137145996,,,
18500,48.0,0.2635817229747772,15.79486083984375,,,
18600,48.0,0.24867738783359528,16.244688034057617,,,
18700,48.0,0.23699310421943665,16.541126251220703,,,
18800,48.0,0.2646763026714325,15.718792915344238,,,
18900,48.0,0.3179977238178253,14.474140167236328,,,
19000,48.0,0.2725358307361603,15.460526466369629,,,
19100,48.0,0.30054840445518494,14.459575653076172,,,
19200,48.0,0.2499171495437622,15.80732250213623,,,
19300,48.0,0.218647301197052,16.92001724243164,,,
19400,48.0,0.24172696471214294,16.038528442382812,,,
19500,48.0,0.27135851979255676,15.09914779663086,,,
19600,48.0,0.24684137105941772,16.36135482788086,,,
19700,48.0,0.2598896026611328,15.859480857849121,,,
19800,48.0,0.26386430859565735,15.661182403564453,,,
19900,48.0,0.22768089175224304,16.51844596862793,,,
20000,48.0,0.27383923530578613,15.09915542602539,,,
20100,48.0,0.25014036893844604,16.29746437072754,,,
20200,48.0,0.29385191202163696,14.67121696472168,,,
20300,48.0,0.25561267137527466,15.61740493774414,,,
20400,48.0,0.268464058637619,15.164873123168945,,,
20500,48.0,0.27425017952919006,15.240206718444824,,,
20600,48.0,0.2519861161708832,15.94522762298584,,,
20700,48.0,0.28492429852485657,15.34368896484375,,,
20800,48.0,0.267198771238327,15.822978973388672,,,
20900,48.0,0.2827758193016052,15.18120288848877,,,
21000,48.0,0.32506367564201355,14.255887985229492,,,
21100,48.0,0.26201051473617554,15.801549911499023,,,
21200,48.0,0.22375644743442535,17.074077606201172,,,
21300,48.0,0.30924856662750244,14.679837226867676,,,
21400,48.0,0.2920660674571991,14.768814086914062,,,
21500,48.0,0.3002014756202698,14.750514030456543,,,
21600,48.0,0.206252783536911,17.43368911743164,,,
21700,48.0,0.25520068407058716,15.75378131866455,,,
21800,48.0,0.2466680258512497,16.515993118286133,,,
21900,48.0,0.2573627531528473,15.757089614868164,,,
22000,48.0,0.2651405334472656,15.81972885131836,,,
22100,48.0,0.2359926849603653,16.371013641357422,,,
22200,48.0,0.30758169293403625,14.404287338256836,,,
22300,48.0,0.26673269271850586,15.540854454040527,,,
22400,48.0,0.25313636660575867,15.78858470916748,,,
22500,48.0,0.2588062286376953,15.681436538696289,,,
22600,48.0,0.27677667140960693,15.502273559570312,,,
22700,48.0,0.24123942852020264,16.03115463256836,,,
22800,48.0,0.320579469203949,14.080421447753906,,,
22900,48.0,0.2186151146888733,17.56560516357422,,,
23000,48.0,0.20791752636432648,17.255470275878906,,,
23100,48.0,0.3027666509151459,14.539731979370117,,,
23200,48.0,0.2729160785675049,15.740067481994629,,,
23300,48.0,0.2899368107318878,14.90898323059082,,,
23400,48.0,0.25187069177627563,15.757874488830566,,,
23500,48.0,0.2624730169773102,15.18698501586914,,,
23600,48.0,0.2712644934654236,15.402162551879883,,,
23700,48.0,0.20868448913097382,17.222822189331055,,,
23800,48.0,0.2684367299079895,15.474111557006836,,,
23900,48.0,0.2820380926132202,15.00827693939209,,,
24000,48.0,0.2554374039173126,16.09999656677246,,,
24100,48.0,0.2875271737575531,15.51749038696289,,,
24200,48.0,0.3088672161102295,14.228208541870117,,,
24300,48.0,0.21777556836605072,16.72311019897461,,,
24400,48.0,0.19040608406066895,18.59229278564453,,,
24500,48.0,0.21710021793842316,16.903902053833008,,,
24600,48.0,0.25204020738601685,15.793888092041016,,,
24700,48.0,0.2727285623550415,15.966723442077637,,,
24800,48.0,0.36736929416656494,12.813474655151367,,,
24900,48.0,0.2488010674715042,16.544109344482422,,,
25000,48.0,0.31787109375,13.969701766967773,,,
25100,48.0,0.27425214648246765,15.519134521484375,,,
25200,48.0,0.2712167799472809,15.781795501708984,,,
25300,48.0,0.2907244861125946,14.5621976852417,,,
25400,48.0,0.25933071970939636,15.644142150878906,,,
25500,48.0,0.2475508749485016,16.127214431762695,,,
25600,48.0,0.23792335391044617,16.246238708496094,,,
25700,48.0,0.2611844837665558,16.089126586914062,,,
25800,48.0,0.29733553528785706,14.989950180053711,,,
25900,48.0,0.2708152234554291,16.165660858154297,,,
26000,48.0,0.2577202022075653,15.40591049194336,,,
26100,48.0,0.28017571568489075,14.952637672424316,,,
26200,48.0,0.2837578058242798,14.482582092285156,,,
26300,48.0,0.2842455804347992,15.274120330810547,,,
26400,48.0,0.21795253455638885,16.641632080078125,,,
26500,48.0,0.2242697775363922,16.659286499023438,,,
26600,48.0,0.28021007776260376,15.905998229980469,,,
26700,48.0,0.22658196091651917,16.551326751708984,,,
26800,48.0,0.21788038313388824,18.01959800720215,,,
26900,48.0,0.2784598171710968,14.885161399841309,,,
27000,48.0,0.26746708154678345,15.297264099121094,,,
27100,48.0,0.2599635422229767,15.35476016998291,,,
27200,48.0,0.23586943745613098,16.53373146057129,,,
27300,48.0,0.27686306834220886,15.259674072265625,,,
27400,48.0,0.23739227652549744,17.12166976928711,,,
27500,48.0,0.2590482234954834,15.318078994750977,,,
27600,48.0,0.2317069172859192,16.847291946411133,,,
27700,48.0,0.27286428213119507,15.805091857910156,,,
27800,48.0,0.22612762451171875,17.019615173339844,,,
27900,48.0,0.26257771253585815,15.464612007141113,,,
28000,48.0,0.29227399826049805,14.83880615234375,,,
28100,48.0,0.28478196263313293,14.508512496948242,,,
28200,48.0,0.25207290053367615,15.832411766052246,,,
28300,48.0,0.2450428307056427,16.271041870117188,,,
28400,48.0,0.2600436806678772,15.866265296936035,,,
28500,48.0,0.27485647797584534,15.769355773925781,,,
28600,48.0,0.22363030910491943,16.84960174560547,,,
28700,48.0,0.3250478506088257,13.890571594238281,,,
28800,48.0,0.25114166736602783,15.864607810974121,,,
28900,48.0,0.2488688826560974,15.842889785766602,,,
29000,48.0,0.26215189695358276,16.52655601501465,,,
29100,48.0,0.2412882000207901,16.332582473754883,,,
29200,48.0,0.3294699788093567,13.500890731811523,,,
29300,48.0,0.2949891686439514,14.81038761138916,,,
29400,48.0,0.24950872361660004,16.358779907226562,,,
29500,48.0,0.21933673322200775,16.986980438232422,,,
29600,48.0,0.29352349042892456,15.009733200073242,,,
29700,48.0,0.2729441225528717,15.069826126098633,,,
29800,48.0,0.287645548582077,14.50017261505127,,,
29900,48.0,0.2742866277694702,15.365686416625977,,,
30000,48.0,0.2813529968261719,14.945869445800781,,,
30100,48.0,0.19797776639461517,17.63682746887207,,,
30200,48.0,0.27106207609176636,15.639032363891602,,,
30300,48.0,0.2503250539302826,16.04680824279785,,,
30400,48.0,0.27688997983932495,15.120133399963379,,,
30500,48.0,0.290626585483551,14.741256713867188,,,
30600,48.0,0.26783105731010437,15.649194717407227,,,
30700,48.0,0.27120599150657654,15.399001121520996,,,
30800,48.0,0.3409988582134247,13.64785385131836,,,
30900,48.0,0.22970597445964813,16.642894744873047,,,
31000,48.0,0.27394717931747437,15.605353355407715,,,
31100,48.0,0.2666774392127991,15.25193977355957,,,
31200,48.0,0.3156927227973938,13.955015182495117,,,
31300,48.0,0.263725608587265,15.53036880493164,,,
31400,48.0,0.23852534592151642,16.678022384643555,,,
31500,48.0,0.2625647783279419,15.502907752990723,,,
31600,48.0,0.23365874588489532,16.790935516357422,,,
31700,48.0,0.21333293616771698,17.019920349121094,,,
31800,48.0,0.2506462037563324,16.17384147644043,,,
31900,48.0,0.25364169478416443,16.038856506347656,,,
32000,48.0,0.249803826212883,17.125829696655273,,,
32100,48.0,0.24641714990139008,16.058944702148438,,,
32200,48.0,0.24501334130764008,15.967071533203125,,,
32300,48.0,0.3275777995586395,14.241695404052734,,,
32400,48.0,0.28296130895614624,15.580957412719727,,,
32500,48.0,0.24340446293354034,16.393550872802734,,,
32600,48.0,0.280288964509964,15.338592529296875,,,
32700,48.0,0.2279372662305832,16.557252883911133,,,
32800,48.0,0.2872307300567627,14.969413757324219,,,
32900,48.0,0.2569514513015747,16.14732551574707,,,
33000,48.0,0.2301241010427475,16.516220092773438,,,
33100,48.0,0.3039604127407074,14.477298736572266,,,
33200,48.0,0.22432878613471985,17.2737979888916,,,
33300,48.0,0.232132688164711,16.618885040283203,,,
33400,48.0,0.25612783432006836,15.461299896240234,,,
33500,48.0,0.3091585040092468,14.557188034057617,,,
33600,48.0,0.2988000512123108,14.329229354858398,,,
33700,48.0,0.25010526180267334,15.956548690795898,,,
33800,48.0,0.25424572825431824,15.407158851623535,,,
33900,48.0,0.21841062605381012,17.144222259521484,,,
34000,48.0,0.20838426053524017,17.00189781188965,,,
34100,48.0,0.22276091575622559,16.720748901367188,,,
34200,48.0,0.25508368015289307,16.181028366088867,,,
34300,48.0,0.27751046419143677,15.646944046020508,,,
34400,48.0,0.2563161849975586,15.790118217468262,,,
34500,48.0,0.296927273273468,14.821699142456055,,,
34600,48.0,0.2799201011657715,14.820965766906738,,,
34700,48.0,0.22735659778118134,16.33979606628418,,,
34800,48.0,0.25547900795936584,16.16244888305664,,,
34900,48.0,0.26667168736457825,15.6107759475708,,,
35000,48.0,0.22276292741298676,17.372379302978516,,,
35100,48.0,0.2373846471309662,16.50970458984375,,,
35200,48.0,0.22958305478096008,16.826919555664062,,,
35300,48.0,0.24469463527202606,16.60805320739746,,,
35400,48.0,0.2568736672401428,15.726725578308105,,,
35500,48.0,0.2745448350906372,15.468406677246094,,,
35600,48.0,0.2634068429470062,15.578178405761719,,,
35700,48.0,0.26487278938293457,15.133927345275879,,,
35800,48.0,0.22546015679836273,16.834333419799805,,,
35900,48.0,0.27784839272499084,15.930424690246582,,,
36000,48.0,0.2610420286655426,15.56489372253418,,,
36100,48.0,0.23696410655975342,16.495750427246094,,,
36200,48.0,0.2681069076061249,15.444836616516113,,,
36300,48.0,0.29509320855140686,14.902740478515625,,,
36400,48.0,0.2653529644012451,15.434785842895508,,,
36500,48.0,0.25159603357315063,16.102758407592773,,,
36600,48.0,0.20942147076129913,17.046184539794922,,,
36700,48.0,0.2654699385166168,15.321878433227539,,,
36800,48.0,0.24961231648921967,15.677377700805664,,,
36900,48.0,0.20655931532382965,17.487144470214844,,,
37000,48.0,0.21670861542224884,17.16398811340332,,,
37100,48.0,0.2805769741535187,15.268704414367676,,,
37200,48.0,0.3056984543800354,15.449217796325684,,,
37300,48.0,0.38922908902168274,12.504172325134277,,,
37400,48.0,0.381912499666214,12.825838088989258,,,
37500,48.0,0.264072060585022,15.290205001831055,,,
37600,48.0,0.2330104261636734,16.328428268432617,,,
37700,48.0,0.2600054442882538,16.331125259399414,,,
37800,48.0,0.3160802125930786,14.68351936340332,,,
37900,48.0,0.2679925858974457,15.587491989135742,,,
38000,48.0,0.25047335028648376,15.948201179504395,,,
38100,48.0,0.3181181252002716,14.321433067321777,,,
38200,48.0,0.2791927456855774,15.04018783569336,,,
38300,48.0,0.2780996859073639,15.168109893798828,,,
38400,48.0,0.20250393450260162,17.71435546875,,,
38500,48.0,0.20925408601760864,17.655670166015625,,,
38600,48.0,0.2557891607284546,16.054134368896484,,,
38700,48.0,0.20155465602874756,17.151336669921875,,,
38800,48.0,0.23192477226257324,16.63385009765625,,,
38900,48.0,0.24986238777637482,15.731620788574219,,,
39000,48.0,0.27385371923446655,15.312910079956055,,,
39100,48.0,0.29739826917648315,14.842554092407227,,,
39200,48.0,0.2787620723247528,15.054549217224121,,,
39300,48.0,0.32582998275756836,14.027948379516602,,,
39400,48.0,0.21934358775615692,16.841651916503906,,,
39500,48.0,0.22552038729190826,16.838781356811523,,,
39600,48.0,0.2365192472934723,16.71449089050293,,,
39700,48.0,0.22713153064250946,16.645118713378906,,,
39800,48.0,0.30696186423301697,14.742551803588867,,,
39900,48.0,0.26737889647483826,15.831624984741211,,,
40000,48.0,0.24512125551700592,16.462406158447266,,,
40100,48.0,0.19742800295352936,17.73871421813965,,,
40200,48.0,0.2600145936012268,16.050548553466797,,,
40300,48.0,0.24456413090229034,16.3347225189209,,,
40400,48.0,0.3087884485721588,13.910213470458984,,,
40500,48.0,0.24305008351802826,17.26835823059082,,,
40600,48.0,0.2613568902015686,16.112590789794922,,,
40700,48.0,0.2453642636537552,16.1633358001709,,,
40800,48.0,0.19452565908432007,17.929359436035156,,,
40900,48.0,0.23934152722358704,16.01565170288086,,,
41000,48.0,0.2356770783662796,17.1151123046875,,,
41100,48.0,0.26788634061813354,15.706156730651855,,,
41200,48.0,0.26346033811569214,15.425029754638672,,,
41300,48.0,0.2795913815498352,15.075738906860352,,,
41400,48.0,0.26978352665901184,15.672693252563477,,,
41500,48.0,0.19183781743049622,18.003068923950195,,,
41600,48.0,0.2783249020576477,15.09913444519043,,,
41700,48.0,0.2707025706768036,14.763408660888672,,,
41800,48.0,0.26764392852783203,15.775875091552734,,,
41900,48.0,0.22955989837646484,16.602176666259766,,,
42000,48.0,0.2923356294631958,14.935014724731445,,,
42100,48.0,0.24639560282230377,16.031818389892578,,,
42200,48.0,0.22523823380470276,16.990989685058594,,,
42300,48.0,0.28030693531036377,15.239622116088867,,,
42400,48.0,0.26219263672828674,15.31930923461914,,,
42500,48.0,0.26562830805778503,15.219538688659668,,,
42600,48.0,0.27800631523132324,15.21303939819336,,,
42700,48.0,0.25427550077438354,16.09750747680664,,,
42800,48.0,0.22690623998641968,16.791484832763672,,,
42900,48.0,0.24623353779315948,15.956981658935547,,,
43000,48.0,0.2603626549243927,15.904891014099121,,,
43100,48.0,0.24177852272987366,16.312435150146484,,,
43200,48.0,0.24766805768013,15.925396919250488,,,
43300,48.0,0.23415163159370422,16.923358917236328,,,
43400,48.0,0.2845847010612488,15.068992614746094,,,
43500,48.0,0.22109933197498322,17.128456115722656,,,
43600,48.0,0.27936452627182007,15.03851318359375,,,
43700,48.0,0.23618075251579285,16.411304473876953,,,
43800,48.0,0.26475051045417786,15.298402786254883,,,
43900,48.0,0.27618277072906494,15.63940143585205,,,
44000,48.0,0.23734334111213684,16.496044158935547,,,
44100,48.0,0.2688640356063843,15.598831176757812,,,
44200,48.0,0.3221738338470459,13.77541732788086,,,
44300,48.0,0.21058091521263123,17.39466094970703,,,
44400,48.0,0.213701069355011,17.67629051208496,,,
44500,48.0,0.2367045134305954,16.537691116333008,,,
44600,48.0,0.2176455855369568,16.768150329589844,,,
44700,48.0,0.2555299699306488,15.578149795532227,,,
44800,48.0,0.23518836498260498,16.276655197143555,,,
44900,48.0,0.23491337895393372,16.65373420715332,,,
45000,48.0,0.2506526708602905,16.00539779663086,,,
45100,48.0,0.20420114696025848,17.333938598632812,,,
45200,48.0,0.24707089364528656,16.0203857421875,,,
45300,48.0,0.2458537518978119,15.976971626281738,,,
45400,48.0,0.24550509452819824,16.14151954650879,,,
45500,48.0,0.2298545092344284,16.553939819335938,,,
45600,48.0,0.2971189022064209,14.737577438354492,,,
45700,48.0,0.2335119992494583,15.853303909301758,,,
45800,48.0,0.24577121436595917,16.239761352539062,,,
45900,48.0,0.2574883997440338,16.559354782104492,,,
46000,48.0,0.2402500957250595,16.347278594970703,,,
46100,48.0,0.2399710863828659,15.74105453491211,,,
46200,48.0,0.21400199830532074,17.186424255371094,,,
46300,48.0,0.272428423166275,15.25541877746582,,,
46400,48.0,0.2271314412355423,16.74228286743164,,,
46500,48.0,0.23877015709877014,16.05228042602539,,,
46600,48.0,0.2556265890598297,15.977981567382812,,,
46700,48.0,0.2403692603111267,16.638832092285156,,,
46800,48.0,0.24872376024723053,16.421201705932617,,,
46900,48.0,0.27415090799331665,16.05669403076172,,,
47000,48.0,0.29637905955314636,15.5418119430542,,,
47100,48.0,0.25761643052101135,15.811498641967773,,,
47200,48.0,0.2916305363178253,14.536346435546875,,,
47300,48.0,0.27792292833328247,15.01937484741211,,,
47400,48.0,0.26352953910827637,15.935784339904785,,,
47500,48.0,0.26649168133735657,15.396963119506836,,,
47600,48.0,0.2366636097431183,16.338106155395508,,,
47700,48.0,0.34111011028289795,13.62618637084961,,,
47800,48.0,0.2493058294057846,16.58975601196289,,,
47900,48.0,0.2590367794036865,15.721052169799805,,,
48000,48.0,0.3026593327522278,14.452582359313965,,,
48100,48.0,0.29138556122779846,14.915359497070312,,,
48200,48.0,0.2561928927898407,15.960054397583008,,,
48300,48.0,0.23761408030986786,16.409770965576172,,,
48400,48.0,0.3057924807071686,14.377511978149414,,,
48500,48.0,0.23170436918735504,17.041065216064453,,,
48600,48.0,0.28693071007728577,15.35921859741211,,,
48700,48.0,0.2530648708343506,16.218841552734375,,,
48800,48.0,0.21964168548583984,16.686904907226562,,,
48900,48.0,0.2694433033466339,14.747483253479004,,,
49000,48.0,0.3296247720718384,14.018500328063965,,,
49100,48.0,0.27727657556533813,15.26911449432373,,,
49200,48.0,0.2692900002002716,15.802637100219727,,,
49300,48.0,0.23766839504241943,16.427715301513672,,,
49400,48.0,0.2789064943790436,15.560246467590332,,,
49500,48.0,0.2680864632129669,15.815278053283691,,,
49600,48.0,0.2483021318912506,15.736442565917969,,,
49700,48.0,0.27943187952041626,15.112878799438477,,,
49800,48.0,0.2643358111381531,15.691001892089844,,,
49900,48.0,0.26308897137641907,14.994501113891602,,,
50000,48.0,0.2662186026573181,15.445510864257812,,,
50100,48.0,0.26036375761032104,15.524641036987305,,,
50200,48.0,0.26949381828308105,15.892605781555176,,,
50300,48.0,0.22030413150787354,16.788358688354492,,,
50400,48.0,0.2236567586660385,17.255840301513672,,,
50500,48.0,0.2202584594488144,16.76542091369629,,,
50600,48.0,0.2797476351261139,15.129663467407227,,,
50700,48.0,0.2878083288669586,14.967733383178711,,,
50800,48.0,0.2578703761100769,15.561406135559082,,,
50900,48.0,0.22104215621948242,16.854053497314453,,,
51000,48.0,0.23118247091770172,16.703990936279297,,,
51100,48.0,0.2519524395465851,15.976360321044922,,,
51200,48.0,0.3021121919155121,15.12745475769043,,,
51300,48.0,0.32104822993278503,14.648649215698242,,,
51400,48.0,0.21892978250980377,17.035114288330078,,,
51500,48.0,0.21944189071655273,16.84393882751465,,,
51600,48.0,0.25567343831062317,15.494085311889648,,,
51700,48.0,0.1903110295534134,18.209381103515625,,,
51800,48.0,0.20228323340415955,17.242904663085938,,,
51900,48.0,0.23549620807170868,16.64963722229004,,,
52000,48.0,0.20556479692459106,17.322608947753906,,,
52100,48.0,0.25096818804740906,16.247512817382812,,,
52200,48.0,0.23966823518276215,16.2056941986084,,,
52300,48.0,0.2337130308151245,17.030574798583984,,,
52400,48.0,0.28379806876182556,16.048603057861328,,,
52500,48.0,0.3131653666496277,13.968790054321289,,,
52600,48.0,0.2520442605018616,16.01555061340332,,,
52700,48.0,0.23496031761169434,16.531185150146484,,,
52800,48.0,0.26750102639198303,15.340924263000488,,,
52900,48.0,0.21217797696590424,17.291301727294922,,,
53000,48.0,0.26918554306030273,15.934203147888184,,,
53100,48.0,0.31826117634773254,14.448856353759766,,,
53200,48.0,0.25026124715805054,15.920035362243652,,,
53300,48.0,0.22600673139095306,17.162233352661133,,,
53400,48.0,0.27756011486053467,15.483959197998047,,,
53500,48.0,0.25065356492996216,16.405155181884766,,,
53600,48.0,0.2735591530799866,15.570053100585938,,,
53700,48.0,0.2642180025577545,15.576390266418457,,,
53800,48.0,0.2605006992816925,15.787775039672852,,,
53900,48.0,0.236209899187088,16.421127319335938,,,
54000,48.0,0.2588394284248352,15.479772567749023,,,
54100,48.0,0.2856513559818268,15.477428436279297,,,
54200,48.0,0.2544671595096588,15.839895248413086,,,
54300,48.0,0.2146688848733902,17.04098892211914,,,
54400,48.0,0.2705836892127991,15.599804878234863,,,
54500,48.0,0.291471928358078,15.198005676269531,,,
54600,48.0,0.28427979350090027,14.982828140258789,,,
54700,48.0,0.226516455411911,17.121768951416016,,,
54800,48.0,0.1914282888174057,18.140827178955078,,,
54900,48.0,0.25162291526794434,16.07143783569336,,,
55000,48.0,0.28730565309524536,15.298395156860352,,,
55100,48.0,0.24262842535972595,16.029420852661133,,,
55200,48.0,0.2904076874256134,15.319539070129395,,,
55300,48.0,0.27778440713882446,15.358743667602539,,,
55400,48.0,0.23252980411052704,16.818769454956055,,,
55500,48.0,0.23062296211719513,16.621822357177734,,,
55600,48.0,0.225328728556633,17.435256958007812,,,
55700,48.0,0.30010873079299927,14.950308799743652,,,
55800,48.0,0.30323532223701477,14.607011795043945,,,
55900,48.0,0.23949339985847473,16.17026138305664,,,
56000,48.0,0.22258825600147247,17.036550521850586,,,
56100,48.0,0.23479308187961578,16.421276092529297,,,
56200,48.0,0.23568254709243774,16.52499771118164,,,
56300,48.0,0.24196143448352814,16.771347045898438,,,
56400,48.0,0.21872709691524506,17.120464324951172,,,
56500,48.0,0.2631356120109558,16.073833465576172,,,
56600,48.0,0.2456805408000946,16.206619262695312,,,
56700,48.0,0.24852268397808075,16.25351333618164,,,
56800,48.0,0.2159530371427536,17.43079948425293,,,
56900,48.0,0.24512439966201782,16.632801055908203,,,
57000,48.0,0.24031676352024078,16.576562881469727,,,
57100,48.0,0.2146170735359192,17.150920867919922,,,
57200,48.0,0.24906082451343536,16.09881019592285,,,
57300,48.0,0.26068633794784546,15.8190336227417,,,
57400,48.0,0.24420496821403503,15.94919204711914,,,
57500,48.0,0.2502027451992035,15.986963272094727,,,
57600,48.0,0.25389283895492554,15.826759338378906,,,
57700,48.0,0.2499581128358841,16.078474044799805,,,
57800,48.0,0.21031558513641357,16.936464309692383,,,
57900,48.0,0.24446618556976318,16.527626037597656,,,
58000,48.0,0.2568924129009247,15.678776741027832,,,
58100,48.0,0.24914507567882538,16.27440643310547,,,
58200,48.0,0.2711246907711029,16.315105438232422,,,
58300,48.0,0.26037898659706116,15.679790496826172,,,
58400,48.0,0.27098244428634644,15.018912315368652,,,
58500,48.0,0.19086723029613495,18.03862953186035,,,
58600,48.0,0.2962420880794525,15.051703453063965,,,
58700,48.0,0.2765486538410187,15.351656913757324,,,
58800,48.0,0.2725163996219635,15.820987701416016,,,
58900,48.0,0.2633060812950134,15.921463012695312,,,
59000,48.0,0.24648742377758026,16.18917465209961,,,
59100,48.0,0.24836008250713348,16.21329116821289,,,
59200,48.0,0.24334776401519775,16.341842651367188,,,
59300,48.0,0.2939709424972534,14.77688980102539,,,
59400,48.0,0.2833683490753174,15.086026191711426,,,
59500,48.0,0.243771031498909,15.687776565551758,,,
59600,48.0,0.25876951217651367,15.56564712524414,,,
59700,48.0,0.23250126838684082,16.713481903076172,,,
59800,48.0,0.23486505448818207,16.730377197265625,,,
59900,48.0,0.18877777457237244,17.838088989257812,,,
60000,48.0,0.23112070560455322,16.677215576171875,,,
60100,48.0,0.23131011426448822,16.494403839111328,,,
60200,48.0,0.24417541921138763,16.333391189575195,,,
60300,48.0,0.25583523511886597,15.780611038208008,,,
60400,48.0,0.2717612683773041,15.690885543823242,,,
60500,48.0,0.24629069864749908,16.082408905029297,,,
60600,48.0,0.28730854392051697,14.984963417053223,,,
60700,48.0,0.25081655383110046,16.15821647644043,,,
60800,48.0,0.21841983497142792,17.652835845947266,,,
60900,48.0,0.22028881311416626,17.159517288208008,,,
61000,48.0,0.24826499819755554,16.220062255859375,,,
61100,48.0,0.278411865234375,14.770127296447754,,,
61200,48.0,0.24099776148796082,16.323631286621094,,,
61300,48.0,0.2702764570713043,15.993666648864746,,,
61400,48.0,0.2516337037086487,15.854185104370117,,,
61500,48.0,0.2499716430902481,15.98049545288086,,,
61600,48.0,0.25420787930488586,15.953125,,,
61700,48.0,0.21641714870929718,16.957576751708984,,,
61800,48.0,0.2627103626728058,16.130332946777344,,,
61900,48.0,0.2394883781671524,16.421714782714844,,,
62000,48.0,0.2188737541437149,17.204147338867188,,,
62100,48.0,0.2477586418390274,16.704849243164062,,,
62200,48.0,0.25483912229537964,16.484115600585938,,,
62300,48.0,0.2558690309524536,16.442413330078125,,,
62400,48.0,0.2960030436515808,14.92675495147705,,,
62500,48.0,0.2963434159755707,15.212300300598145,,,
62600,48.0,0.250560998916626,16.205108642578125,,,
62700,48.0,0.24686861038208008,16.02634048461914,,,
62800,48.0,0.27155131101608276,15.520614624023438,,,
62900,48.0,0.30518606305122375,14.639273643493652,,,
63000,48.0,0.2929687201976776,15.347673416137695,,,
63100,48.0,0.2728179693222046,15.328409194946289,,,
63200,48.0,0.2529344856739044,15.528563499450684,,,
63300,48.0,0.28846704959869385,14.837812423706055,,,
63400,48.0,0.2136228382587433,16.822307586669922,,,
63500,48.0,0.2581682801246643,15.229745864868164,,,
63600,48.0,0.20816244184970856,17.565380096435547,,,
63700,48.0,0.2744733691215515,15.268417358398438,,,
63800,48.0,0.2642679214477539,15.603174209594727,,,
63900,48.0,0.23834621906280518,16.170246124267578,,,
64000,48.0,0.2900642156600952,14.614059448242188,,,
64100,48.0,0.2669876515865326,15.882944107055664,,,
64200,48.0,0.23006299138069153,16.370237350463867,,,
64300,48.0,0.298136830329895,14.622193336486816,,,
64400,48.0,0.20328812301158905,18.18199348449707,,,
64500,48.0,0.25675588846206665,15.777097702026367,,,
64600,48.0,0.28296318650245667,14.97393798828125,,,
64700,48.0,0.24102771282196045,16.58675765991211,,,
64800,48.0,0.2586410939693451,15.606559753417969,,,
64900,48.0,0.2796509265899658,15.204567909240723,,,
65000,48.0,0.28868332505226135,15.092472076416016,,,
65100,48.0,0.30492666363716125,14.75747299194336,,,
65200,48.0,0.2192392498254776,17.213552474975586,,,
65300,48.0,0.20358586311340332,17.44325065612793,,,
65400,48.0,0.31314098834991455,14.74221420288086,,,
65500,48.0,0.20066948235034943,18.154443740844727,,,
65600,48.0,0.20751479268074036,16.85563850402832,,,
65700,48.0,0.2424074411392212,16.507741928100586,,,
65800,48.0,0.2494097650051117,15.668777465820312,,,
65900,48.0,0.19358007609844208,17.82678985595703,,,
66000,48.0,0.2302769422531128,17.172710418701172,,,
66100,48.0,0.2658928334712982,15.705953598022461,,,
66200,48.0,0.25440502166748047,15.811176300048828,,,
66300,48.0,0.24143771827220917,16.160846710205078,,,
66400,48.0,0.222739577293396,17.347640991210938,,,
66500,48.0,0.21986079216003418,16.922977447509766,,,
66600,48.0,0.22113022208213806,18.014984130859375,,,
66700,48.0,0.3185042142868042,14.234955787658691,,,
66800,48.0,0.2372431606054306,16.39504623413086,,,
66900,48.0,0.2321324348449707,16.800350189208984,,,
67000,48.0,0.23209603130817413,17.050655364990234,,,
67100,48.0,0.2630149722099304,15.544395446777344,,,
67200,48.0,0.21326175332069397,17.28255271911621,,,
67300,48.0,0.24316582083702087,16.797443389892578,,,
67400,48.0,0.21283574402332306,17.272396087646484,,,
67500,48.0,0.21950742602348328,17.122520446777344,,,
67600,48.0,0.27135568857192993,15.294963836669922,,,
67700,48.0,0.24680276215076447,16.428293228149414,,,
67800,48.0,0.29128125309944153,14.908438682556152,,,
67900,48.0,0.25113406777381897,16.321008682250977,,,
68000,48.0,0.23739776015281677,16.199121475219727,,,
68100,48.0,0.23335400223731995,16.776885986328125,,,
68200,48.0,0.24605534970760345,16.545244216918945,,,
68300,48.0,0.2362302839756012,16.337512969970703,,,
68400,48.0,0.23394900560379028,16.436817169189453,,,
68500,48.0,0.25025707483291626,16.63644027709961,,,
68600,48.0,0.26303502917289734,15.433606147766113,,,
68700,48.0,0.23027636110782623,16.33477783203125,,,
68800,48.0,0.27286821603775024,15.331199645996094,,,
68900,48.0,0.23366864025592804,16.713769912719727,,,
69000,48.0,0.26869428157806396,15.86652946472168,,,
69100,48.0,0.22300365567207336,17.041105270385742,,,
69200,48.0,0.28334659337997437,14.797859191894531,,,
69300,48.0,0.2664676308631897,15.526931762695312,,,
69400,48.0,0.20940417051315308,17.445812225341797,,,
69500,48.0,0.19126121699810028,18.236156463623047,,,
69600,48.0,0.22897382080554962,16.955760955810547,,,
69700,48.0,0.24006107449531555,16.353492736816406,,,
69800,48.0,0.23579630255699158,16.36467742919922,,,
69900,48.0,0.28868961334228516,15.140562057495117,,,
70000,48.0,0.21326503157615662,17.257225036621094,,,
70100,48.0,0.28858569264411926,15.115865707397461,,,
70200,48.0,0.24544252455234528,16.520145416259766,,,
70300,48.0,0.2599094808101654,15.893795013427734,,,
70400,48.0,0.20669488608837128,17.235910415649414,,,
70500,48.0,0.24272534251213074,16.450176239013672,,,
70600,48.0,0.25739341974258423,15.56756591796875,,,
70700,48.0,0.2669917345046997,15.299315452575684,,,
70800,48.0,0.24907653033733368,16.262447357177734,,,
70900,48.0,0.2750498354434967,14.84975814819336,,,
71000,48.0,0.2344556748867035,16.747018814086914,,,
71100,48.0,0.20399022102355957,17.51586151123047,,,
71200,48.0,0.2839822471141815,14.77700138092041,,,
71300,48.0,0.25557437539100647,15.98475456237793,,,
71400,48.0,0.22374743223190308,16.530433654785156,,,
71500,48.0,0.2511056065559387,16.277807235717773,,,
71600,48.0,0.27292007207870483,15.293084144592285,,,
71700,48.0,0.24248890578746796,16.651386260986328,,,
71800,48.0,0.2267007678747177,16.632312774658203,,,
71900,48.0,0.22763974964618683,17.249446868896484,,,
72000,48.0,0.2391170710325241,16.77427101135254,,,
72100,48.0,0.2565591037273407,16.235759735107422,,,
72200,48.0,0.23158903419971466,16.732709884643555,,,
72300,48.0,0.25632816553115845,15.567398071289062,,,
72400,48.0,0.25329160690307617,15.824639320373535,,,
72500,48.0,0.28223752975463867,15.177923202514648,,,
72600,48.0,0.21348248422145844,17.285903930664062,,,
72700,48.0,0.2302095741033554,16.787826538085938,,,
72800,48.0,0.2705915570259094,15.541894912719727,,,
72900,48.0,0.2476119101047516,15.980451583862305,,,
73000,48.0,0.24000826478004456,16.353012084960938,,,
73100,48.0,0.23794789612293243,16.312164306640625,,,
73200,48.0,0.2549177408218384,16.44057846069336,,,
73300,48.0,0.24157004058361053,16.309995651245117,,,
73400,48.0,0.2594354450702667,16.269500732421875,,,
73500,48.0,0.2139597088098526,17.212553024291992,,,
73600,48.0,0.2456718385219574,16.631099700927734,,,
73700,48.0,0.27871468663215637,15.476898193359375,,,
73800,48.0,0.20652851462364197,17.802921295166016,,,
73900,48.0,0.20487776398658752,17.869844436645508,,,
74000,48.0,0.22283510863780975,16.91431427001953,,,
74100,48.0,0.2524396777153015,16.229400634765625,,,
74200,48.0,0.2566096782684326,16.076147079467773,,,
74300,48.0,0.1884123831987381,18.277956008911133,,,
74400,48.0,0.22959007322788239,16.724315643310547,,,
74500,48.0,0.288607120513916,14.774269104003906,,,
74600,48.0,0.191940575838089,17.998966217041016,,,
74700,48.0,0.21599891781806946,16.961952209472656,,,
74800,48.0,0.2757120132446289,15.61811351776123,,,
74900,48.0,0.22214308381080627,16.96303939819336,,,
75000,48.0,0.17838943004608154,18.603975296020508,,,
75100,48.0,0.30027496814727783,14.779729843139648,,,
75200,48.0,0.2409067004919052,16.14034080505371,,,
75300,48.0,0.1977384388446808,18.064334869384766,,,
75400,48.0,0.28490525484085083,15.015301704406738,,,
75500,48.0,0.21787938475608826,17.788333892822266,,,
75600,48.0,0.21562884747982025,17.138700485229492,,,
75700,48.0,0.29281526803970337,15.086779594421387,,,
75800,48.0,0.21441519260406494,17.65304946899414,,,
75900,48.0,0.2670133113861084,15.59621810913086,,,
76000,48.0,0.23444458842277527,16.98834991455078,,,
76100,48.0,0.26353582739830017,15.820605278015137,,,
76200,48.0,0.2030857503414154,17.566879272460938,,,
76300,48.0,0.2232588529586792,17.179264068603516,,,
76400,48.0,0.27696749567985535,15.270257949829102,,,
76500,48.0,0.25988441705703735,15.124959945678711,,,
76600,48.0,0.19585585594177246,18.06566619873047,,,
76700,48.0,0.2377849966287613,16.418468475341797,,,
76800,48.0,0.23260490596294403,16.644840240478516,,,
76900,48.0,0.21483567357063293,17.29975700378418,,,
77000,48.0,0.2655993402004242,15.540643692016602,,,
77100,48.0,0.21189282834529877,17.4368839263916,,,
77200,48.0,0.2402428835630417,16.254322052001953,,,
77300,48.0,0.2314929962158203,16.671682357788086,,,
77400,48.0,0.23649387061595917,16.466524124145508,,,
77500,48.0,0.28974685072898865,14.807204246520996,,,
77600,48.0,0.24144040048122406,16.421728134155273,,,
77700,48.0,0.23817956447601318,16.212406158447266,,,
77800,48.0,0.2725602388381958,15.453483581542969,,,
77900,48.0,0.269642174243927,15.616249084472656,,,
78000,48.0,0.23181821405887604,16.340938568115234,,,
78100,48.0,0.2953661382198334,14.803234100341797,,,
78200,48.0,0.24964602291584015,16.34971046447754,,,
78300,48.0,0.24092254042625427,16.256744384765625,,,
78400,48.0,0.23809723556041718,16.88668441772461,,,
78500,48.0,0.2529912292957306,15.573807716369629,,,
78600,48.0,0.2736130356788635,15.149978637695312,,,
78700,48.0,0.22447827458381653,16.852046966552734,,,
78800,48.0,0.24868321418762207,16.157184600830078,,,
78900,48.0,0.23296834528446198,16.95001983642578,,,
79000,48.0,0.2532329559326172,15.697431564331055,,,
79100,48.0,0.2885507643222809,15.337177276611328,,,
79200,48.0,0.21480169892311096,17.355165481567383,,,
79300,48.0,0.2168150693178177,17.928619384765625,,,
79400,48.0,0.21312840282917023,17.27771759033203,,,
79500,48.0,0.1981009691953659,17.29262924194336,,,
79600,48.0,0.29800471663475037,14.658794403076172,,,
79700,48.0,0.3204735815525055,14.326074600219727,,,
79800,48.0,0.26842692494392395,15.567930221557617,,,
79900,48.0,0.244716614484787,15.592313766479492,,,
80000,48.0,0.21219569444656372,17.094356536865234,,,
80100,48.0,0.29715076088905334,14.87693977355957,,,
80200,48.0,0.2818031311035156,15.487548828125,,,
80300,48.0,0.2694629728794098,15.211858749389648,,,
80400,48.0,0.2229573279619217,17.20514488220215,,,
80500,48.0,0.2520420551300049,15.974457740783691,,,
80600,48.0,0.20611949265003204,17.37511444091797,,,
80700,48.0,0.20778508484363556,17.218875885009766,,,
80800,48.0,0.22121410071849823,17.611448287963867,,,
80900,48.0,0.28735050559043884,15.263251304626465,,,
81000,48.0,0.22452427446842194,17.118057250976562,,,
81100,48.0,0.19758018851280212,17.56216049194336,,,
81200,48.0,0.17876259982585907,19.118942260742188,,,
81300,48.0,0.21815915405750275,17.12741470336914,,,
81400,48.0,0.21514594554901123,17.41452407836914,,,
81500,48.0,0.26942676305770874,15.552347183227539,,,
81600,48.0,0.18391276895999908,18.28913116455078,,,
81700,48.0,0.3024531602859497,14.720365524291992,,,
81800,48.0,0.35165831446647644,13.079042434692383,,,
81900,48.0,0.26390334963798523,15.581756591796875,,,
82000,48.0,0.24933013319969177,15.866744995117188,,,
82100,48.0,0.22780755162239075,17.344560623168945,,,
82200,48.0,0.27446672320365906,15.021413803100586,,,
82300,48.0,0.22152043879032135,17.17977523803711,,,
82400,48.0,0.2369532734155655,16.235563278198242,,,
82500,48.0,0.23792509734630585,15.955394744873047,,,
82600,48.0,0.26714885234832764,15.659796714782715,,,
82700,48.0,0.1823117882013321,18.37944984436035,,,
82800,48.0,0.29097068309783936,15.075260162353516,,,
82900,48.0,0.24616964161396027,17.033710479736328,,,
83000,48.0,0.23627831041812897,16.54085350036621,,,
83100,48.0,0.24328014254570007,16.221820831298828,,,
83200,48.0,0.22351166605949402,16.86776351928711,,,
83300,48.0,0.2328955978155136,16.04442596435547,,,
83400,48.0,0.25823765993118286,16.304153442382812,,,
83500,48.0,0.23198343813419342,16.207387924194336,,,
83600,48.0,0.25986430048942566,15.796948432922363,,,
83700,48.0,0.20901140570640564,17.79557991027832,,,
83800,48.0,0.26360583305358887,15.190488815307617,,,
83900,48.0,0.22757163643836975,17.350046157836914,,,
84000,48.0,0.28820428252220154,15.31739616394043,,,
84100,48.0,0.22256138920783997,16.69481086730957,,,
84200,48.0,0.28768301010131836,15.574950218200684,,,
84300,48.0,0.24437184631824493,16.143775939941406,,,
84400,48.0,0.2093760371208191,16.931529998779297,,,
84500,48.0,0.2175261676311493,16.982929229736328,,,
84600,48.0,0.26226410269737244,15.42841625213623,,,
84700,48.0,0.2636471092700958,15.823500633239746,,,
84800,48.0,0.29108166694641113,14.60693645477295,,,
84900,48.0,0.26456841826438904,16.178462982177734,,,
85000,48.0,0.2721131443977356,15.266145706176758,,,
85100,48.0,0.25059711933135986,15.860965728759766,,,
85200,48.0,0.2568736672401428,16.113637924194336,,,
85300,48.0,0.27073147892951965,15.230945587158203,,,
85400,48.0,0.21066631376743317,17.687786102294922,,,
85500,48.0,0.21871763467788696,17.153432846069336,,,
85600,48.0,0.23201020061969757,16.421306610107422,,,
85700,48.0,0.2592649459838867,15.91804313659668,,,
85800,48.0,0.22005847096443176,17.056182861328125,,,
85900,48.0,0.2643187940120697,15.697147369384766,,,
86000,48.0,0.22077222168445587,17.16363525390625,,,
86100,48.0,0.2382078915834427,16.3140869140625,,,
86200,48.0,0.25061464309692383,16.047990798950195,,,
86300,48.0,0.286784827709198,15.078291893005371,,,
86400,48.0,0.2644583582878113,15.508929252624512,,,
86500,48.0,0.21334202587604523,16.705650329589844,,,
86600,48.0,0.27123671770095825,15.44502067565918,,,
86700,48.0,0.23677359521389008,16.361408233642578,,,
86800,48.0,0.24071857333183289,16.809629440307617,,,
86900,48.0,0.30335915088653564,14.956025123596191,,,
87000,48.0,0.2597697675228119,16.43935203552246,,,
87100,48.0,0.2054375261068344,17.5180606842041,,,
87200,48.0,0.2641203999519348,15.515521049499512,,,
87300,48.0,0.28586092591285706,15.170711517333984,,,
87400,48.0,0.23294372856616974,16.86935806274414,,,
87500,48.0,0.25889936089515686,15.629562377929688,,,
87600,48.0,0.2643231451511383,15.628997802734375,,,
87700,48.0,0.21981951594352722,17.194530487060547,,,
87800,48.0,0.22527678310871124,16.555635452270508,,,
87900,48.0,0.20118504762649536,17.517187118530273,,,
88000,48.0,0.26394808292388916,15.475479125976562,,,
88100,48.0,0.2604961395263672,16.18597984313965,,,
88200,48.0,0.22179661691188812,17.060604095458984,,,
88300,48.0,0.3108069896697998,14.648469924926758,,,
88400,48.0,0.20594312250614166,17.590885162353516,,,
88500,48.0,0.31158629059791565,14.60061264038086,,,
88600,48.0,0.2624407112598419,15.215738296508789,,,
88700,48.0,0.18663394451141357,18.124893188476562,,,
88800,48.0,0.2311677783727646,16.205684661865234,,,
88900,48.0,0.23290739953517914,16.31536102294922,,,
89000,48.0,0.2032463401556015,17.682373046875,,,
89100,48.0,0.22605831921100616,17.037187576293945,,,
89200,48.0,0.25170284509658813,15.966351509094238,,,
89300,48.0,0.23949632048606873,16.39963150024414,,,
89400,48.0,0.2322908490896225,17.236064910888672,,,
89500,48.0,0.25733089447021484,15.830026626586914,,,
89600,48.0,0.3011542558670044,14.558201789855957,,,
89700,48.0,0.2850523293018341,15.408964157104492,,,
89800,48.0,0.2082493007183075,17.547470092773438,,,
89900,48.0,0.20630377531051636,17.848201751708984,,,
90000,48.0,0.2769339084625244,14.939262390136719,,,
90100,48.0,0.2664826214313507,15.612325668334961,,,
90200,48.0,0.25032559037208557,16.455745697021484,,,
90300,48.0,0.26284217834472656,15.594308853149414,,,
90400,48.0,0.20606905221939087,16.82538604736328,,,
90500,48.0,0.2324979603290558,16.118906021118164,,,
90600,48.0,0.2171097844839096,17.052579879760742,,,
90700,48.0,0.23184789717197418,17.362152099609375,,,
90800,48.0,0.21802669763565063,17.369266510009766,,,
90900,48.0,0.2241811603307724,16.66411590576172,,,
91000,48.0,0.30114105343818665,14.800572395324707,,,
91100,48.0,0.25896093249320984,15.825918197631836,,,
91200,48.0,0.23616290092468262,16.742834091186523,,,
91300,48.0,0.2195405513048172,16.599512100219727,,,
91400,48.0,0.2527562379837036,15.902153015136719,,,
91500,48.0,0.230880007147789,16.3460693359375,,,
91600,48.0,0.22596898674964905,16.971378326416016,,,
91700,48.0,0.23249225318431854,16.891714096069336,,,
91800,48.0,0.2910268008708954,14.837450981140137,,,
91900,48.0,0.2347979098558426,16.791236877441406,,,
92000,48.0,0.22258058190345764,16.62598419189453,,,
92100,48.0,0.23763859272003174,16.48817253112793,,,
92200,48.0,0.2371150702238083,16.632587432861328,,,
92300,48.0,0.28650516271591187,15.47607707977295,,,
92400,48.0,0.23580260574817657,16.476318359375,,,
92500,48.0,0.2310076206922531,16.7547607421875,,,
92600,48.0,0.2179478406906128,16.79676055908203,,,
92700,48.0,0.24457471072673798,16.071239471435547,,,
92800,48.0,0.28580957651138306,15.997822761535645,,,
92900,48.0,0.24452520906925201,16.100004196166992,,,
93000,48.0,0.1936311423778534,17.850765228271484,,,
93100,48.0,0.20758001506328583,17.474895477294922,,,
93200,48.0,0.27564746141433716,15.762516021728516,,,
93300,48.0,0.2657768130302429,15.979185104370117,,,
93400,48.0,0.20226211845874786,17.600980758666992,,,
93500,48.0,0.21550458669662476,16.93277359008789,,,
93600,48.0,0.23159795999526978,16.82337760925293,,,
93700,48.0,0.2479456216096878,16.068288803100586,,,
93800,48.0,0.22883182764053345,16.772310256958008,,,
93900,48.0,0.22343063354492188,17.580036163330078,,,
94000,48.0,0.23863407969474792,16.40632438659668,,,
94100,48.0,0.25413772463798523,16.304786682128906,,,
94200,48.0,0.18848752975463867,18.373811721801758,,,
94300,48.0,0.2930346131324768,14.775017738342285,,,
94400,48.0,0.2511218786239624,15.788247108459473,,,
94500,48.0,0.21900710463523865,17.287946701049805,,,
94600,48.0,0.2618701457977295,15.883623123168945,,,
94700,48.0,0.2154301553964615,17.052562713623047,,,
94800,48.0,0.2169761210680008,17.386367797851562,,,
94900,48.0,0.2510606050491333,16.86903190612793,,,
95000,48.0,0.24763742089271545,16.003314971923828,,,
95100,48.0,0.19926966726779938,17.791378021240234,,,
95200,48.0,0.2546037435531616,15.774764060974121,,,
95300,48.0,0.244907408952713,15.929399490356445,,,
95400,48.0,0.2275957316160202,16.909671783447266,,,
95500,48.0,0.2497502565383911,15.929849624633789,,,
95600,48.0,0.21988727152347565,16.95169448852539,,,
95700,48.0,0.2607095241546631,15.06396484375,,,
95800,48.0,0.2363271415233612,16.32415008544922,,,
95900,48.0,0.26364025473594666,15.977487564086914,,,
96000,48.0,0.26171088218688965,16.074922561645508,,,
96100,48.0,0.22125999629497528,17.24740219116211,,,
96200,48.0,0.2829042971134186,14.924579620361328,,,
96300,48.0,0.2705536186695099,15.344223022460938,,,
96400,48.0,0.2607579529285431,15.681190490722656,,,
96500,48.0,0.22621726989746094,16.717205047607422,,,
96600,48.0,0.25815215706825256,15.75664234161377,,,
96700,48.0,0.2885928153991699,14.570701599121094,,,
96800,48.0,0.2468494474887848,16.127103805541992,,,
96900,48.0,0.23456934094429016,16.680591583251953,,,
97000,48.0,0.19935375452041626,17.469440460205078,,,
97100,48.0,0.2152228206396103,17.45366668701172,,,
97200,48.0,0.23912283778190613,15.99856185913086,,,
97300,48.0,0.2698768973350525,15.840729713439941,,,
97400,48.0,0.21693231165409088,17.033493041992188,,,
97500,48.0,0.2507982850074768,16.35407829284668,,,
97600,48.0,0.2843451499938965,14.815796852111816,,,
97700,48.0,0.22734446823596954,16.656291961669922,,,
97800,48.0,0.260747492313385,15.762632369995117,,,
97900,48.0,0.23225818574428558,17.107696533203125,,,
98000,48.0,0.25817349553108215,16.274330139160156,,,
98100,48.0,0.2328483909368515,16.66330909729004,,,
98200,48.0,0.257511705160141,15.420900344848633,,,
98300,48.0,0.22668050229549408,16.649639129638672,,,
98400,48.0,0.3175579905509949,14.79723834991455,,,
98500,48.0,0.2705868184566498,15.376043319702148,,,
98600,48.0,0.2791082262992859,15.236982345581055,,,
98700,48.0,0.20430879294872284,17.423418045043945,,,
98800,48.0,0.2439841479063034,16.875843048095703,,,
98900,48.0,0.22540779411792755,17.093950271606445,,,
99000,48.0,0.24431295692920685,15.997636795043945,,,
99100,48.0,0.2426014095544815,16.612186431884766,,,
99200,48.0,0.276949942111969,15.096048355102539,,,
99300,48.0,0.2553580403327942,15.370293617248535,,,
99400,48.0,0.2706780731678009,15.877398490905762,,,
99500,48.0,0.205226331949234,17.45781707763672,,,
99600,48.0,0.23927944898605347,16.32162094116211,,,
99700,48.0,0.2086813747882843,18.184368133544922,,,
99800,48.0,0.22433257102966309,17.30736541748047,,,
99900,48.0,0.30026522278785706,15.068334579467773,,,
