step,train/loss,train/psnr,val/avg_psnr,val/imagenet-noise_psnr,val/imagenet-noise_ssim
0,0.2365279197692871,12.845755577087402,19.097393035888672,19.097393035888672,0.5865482091903687
1,,,19.665931701660156,19.665931701660156,0.6154067516326904
2,,,19.685171127319336,19.685171127319336,0.6202017664909363
3,,,19.744888305664062,19.744888305664062,0.6274111270904541
4,,,19.426513671875,19.426513671875,0.6139703989028931
5,,,19.963031768798828,19.963031768798828,0.6332144141197205
6,,,20.0367488861084,20.0367488861084,0.6375406384468079
7,,,19.74630355834961,19.74630355834961,0.6225231289863586
8,,,19.92341423034668,19.92341423034668,0.6324405074119568
9,,,19.94062614440918,19.94062614440918,0.6332530975341797
10,,,20.240066528320312,20.240066528320312,0.6456761956214905
11,,,19.795299530029297,19.795299530029297,0.6252292394638062
12,,,20.31700897216797,20.31700897216797,0.6499038338661194
13,,,19.90833282470703,19.90833282470703,0.630845844745636
14,,,19.65633201599121,19.65633201599121,0.6137329339981079
15,,,19.8436279296875,19.8436279296875,0.6284976005554199
16,,,20.031238555908203,20.031238555908203,0.6315407156944275
17,,,19.96451187133789,19.96451187133789,0.6329103112220764
18,,,20.056629180908203,20.056629180908203,0.6385834813117981
19,,,20.018213272094727,20.018213272094727,0.6350178122520447
20,,,19.992782592773438,19.992782592773438,0.6337279081344604
21,,,19.68964195251465,19.68964195251465,0.6163445711135864
22,,,19.991764068603516,19.991764068603516,0.633058488368988
23,,,20.06296730041504,20.06296730041504,0.6358331441879272
24,,,19.765052795410156,19.765052795410156,0.6275210380554199
25,,,19.891061782836914,19.891061782836914,0.6269704103469849
26,,,20.070785522460938,20.070785522460938,0.6396578550338745
27,,,19.962295532226562,19.962295532226562,0.6335861086845398
28,,,19.72769546508789,19.72769546508789,0.6197344064712524
29,,,19.897666931152344,19.897666931152344,0.6352019906044006
30,,,19.905025482177734,19.905025482177734,0.630133867263794
31,,,19.790508270263672,19.790508270263672,0.6270437240600586
32,,,19.915021896362305,19.915021896362305,0.6351630091667175
33,,,19.740262985229492,19.740262985229492,0.6192571520805359
34,,,19.912309646606445,19.912309646606445,0.6326953172683716
35,,,19.637779235839844,19.637779235839844,0.6194664239883423
36,,,19.903261184692383,19.903261184692383,0.6309298872947693
37,,,19.945138931274414,19.945138931274414,0.6342095732688904
38,,,20.09861946105957,20.09861946105957,0.6402637362480164
39,,,19.94647789001465,19.94647789001465,0.6325313448905945
40,,,19.93694305419922,19.93694305419922,0.6277193427085876
41,,,19.760663986206055,19.760663986206055,0.6212865114212036
42,,,19.97150421142578,19.97150421142578,0.6361153721809387
43,,,20.080671310424805,20.080671310424805,0.6371604204177856
44,,,19.852060317993164,19.852060317993164,0.627439558506012
45,,,19.94797706604004,19.94797706604004,0.6342834234237671
46,,,19.972450256347656,19.972450256347656,0.6312750577926636
47,,,19.928863525390625,19.928863525390625,0.6319695711135864
48,,,19.799287796020508,19.799287796020508,0.6311418414115906
49,,,19.881261825561523,19.881261825561523,0.6341264247894287
50,,,19.979856491088867,19.979856491088867,0.633791446685791
51,,,19.899322509765625,19.899322509765625,0.633912980556488
52,,,19.998004913330078,19.998004913330078,0.6366140246391296
53,,,19.91961669921875,19.91961669921875,0.6275759339332581
54,,,20.107162475585938,20.107162475585938,0.6393359899520874
55,,,20.040973663330078,20.040973663330078,0.6386024951934814
56,,,20.085412979125977,20.085412979125977,0.6399282813072205
57,,,19.733154296875,19.733154296875,0.6263285875320435
58,,,20.113840103149414,20.113840103149414,0.6413959860801697
59,,,19.995655059814453,19.995655059814453,0.6361683011054993
60,,,19.926509857177734,19.926509857177734,0.6319841742515564
61,,,19.893896102905273,19.893896102905273,0.6320723295211792
62,,,19.934844970703125,19.934844970703125,0.6321729421615601
63,,,20.101755142211914,20.101755142211914,0.6379057168960571
64,,,19.893606185913086,19.893606185913086,0.6299940943717957
65,,,19.9052791595459,19.9052791595459,0.6341037154197693
66,,,20.127273559570312,20.127273559570312,0.640854001045227
67,,,19.88292121887207,19.88292121887207,0.6299550533294678
68,,,19.89253807067871,19.89253807067871,0.6336771845817566
69,,,20.025148391723633,20.025148391723633,0.6377641558647156
70,,,20.081321716308594,20.081321716308594,0.6377392411231995
71,,,20.06075096130371,20.06075096130371,0.6380627751350403
72,,,19.829870223999023,19.829870223999023,0.6270372271537781
73,,,20.042612075805664,20.042612075805664,0.6378448009490967
74,,,20.094268798828125,20.094268798828125,0.6398168802261353
75,,,20.044858932495117,20.044858932495117,0.6379789710044861
76,,,20.15470314025879,20.15470314025879,0.6406664848327637
77,,,20.09990692138672,20.09990692138672,0.6411270499229431
78,,,19.98441505432129,19.98441505432129,0.6349164843559265
79,,,19.948078155517578,19.948078155517578,0.6347848773002625
80,,,19.879478454589844,19.879478454589844,0.6322494745254517
81,,,19.931249618530273,19.931249618530273,0.6327940225601196
82,,,19.984195709228516,19.984195709228516,0.6349771618843079
83,,,19.957887649536133,19.957887649536133,0.6337594985961914
84,,,19.947484970092773,19.947484970092773,0.6337488293647766
85,,,20.0599365234375,20.0599365234375,0.6387976408004761
86,,,19.993192672729492,19.993192672729492,0.6353228688240051
87,,,19.889986038208008,19.889986038208008,0.6320083737373352
88,,,19.957366943359375,19.957366943359375,0.6345047354698181
89,,,19.94937515258789,19.94937515258789,0.633811891078949
90,,,19.902084350585938,19.902084350585938,0.6316460967063904
91,,,19.95079231262207,19.95079231262207,0.6342968940734863
92,,,19.971996307373047,19.971996307373047,0.6350920796394348
93,,,19.976627349853516,19.976627349853516,0.635050892829895
94,,,19.991422653198242,19.991422653198242,0.6357549428939819
95,,,19.98267936706543,19.98267936706543,0.6351851224899292
96,,,19.977725982666016,19.977725982666016,0.6350777745246887
97,,,19.983795166015625,19.983795166015625,0.6353869438171387
98,,,19.980905532836914,19.980905532836914,0.6352767944335938
99,,,19.980281829833984,19.980281829833984,0.6352587342262268
100,0.1497892141342163,15.279199600219727,,,
200,0.12296923249959946,16.575252532958984,,,
300,0.1991344392299652,14.048600196838379,,,
400,0.1854598969221115,14.84105110168457,,,
500,0.10345327854156494,16.856369018554688,,,
600,0.1874614655971527,14.582197189331055,,,
700,0.1938878744840622,15.428170204162598,,,
800,0.155061274766922,16.317955017089844,,,
900,0.12333790957927704,16.159954071044922,,,
1000,0.2599030137062073,14.375635147094727,,,
1100,0.1137809306383133,16.952068328857422,,,
1200,0.183750718832016,15.599641799926758,,,
1300,0.10587327182292938,16.447172164916992,,,
1400,0.23906753957271576,14.172185897827148,,,
1500,0.10719490051269531,17.323413848876953,,,
1600,0.12161564826965332,16.436737060546875,,,
1700,0.09443797916173935,17.10270881652832,,,
1800,0.13215859234333038,17.03231430053711,,,
1900,0.1482449173927307,16.030118942260742,,,
2000,0.14713068306446075,15.950602531433105,,,
2100,0.14393958449363708,16.122709274291992,,,
2200,0.16264906525611877,15.6363525390625,,,
2300,0.1495683640241623,15.577357292175293,,,
2400,0.18220481276512146,14.673358917236328,,,
2500,0.14071379601955414,16.35313606262207,,,
2600,0.1538527011871338,16.595726013183594,,,
2700,0.13316816091537476,16.577835083007812,,,
2800,0.14409254491329193,15.893150329589844,,,
2900,0.10483327507972717,17.304443359375,,,
3000,0.12170913070440292,16.44029426574707,,,
3100,0.1612677276134491,16.202648162841797,,,
3200,0.12444578111171722,16.557758331298828,,,
3300,0.15369576215744019,15.8506498336792,,,
3400,0.15948227047920227,15.909841537475586,,,
3500,0.10645654052495956,16.827112197875977,,,
3600,0.16443735361099243,15.533834457397461,,,
3700,0.16607286036014557,15.343515396118164,,,
3800,0.2061803787946701,15.367914199829102,,,
3900,0.15011468529701233,16.72052764892578,,,
4000,0.11513377726078033,17.287166595458984,,,
4100,0.1635911464691162,15.907426834106445,,,
4200,0.19511640071868896,14.429561614990234,,,
4300,0.10986670851707458,16.94385528564453,,,
4400,0.10104063153266907,17.304946899414062,,,
4500,0.10728397220373154,17.294876098632812,,,
4600,0.14982661604881287,16.17060661315918,,,
4700,0.2179878056049347,15.058040618896484,,,
4800,0.14494794607162476,16.056198120117188,,,
4900,0.15484876930713654,15.994991302490234,,,
5000,0.12057435512542725,16.43391990661621,,,
5100,0.15654371678829193,15.659948348999023,,,
5200,0.20115453004837036,14.567344665527344,,,
5300,0.10377812385559082,17.632949829101562,,,
5400,0.10328459739685059,17.751745223999023,,,
5500,0.11069703102111816,17.481006622314453,,,
5600,0.13749971985816956,16.18926239013672,,,
5700,0.11600498855113983,17.122455596923828,,,
5800,0.21407382190227509,13.848490715026855,,,
5900,0.19508306682109833,15.264215469360352,,,
6000,0.15294542908668518,16.20897102355957,,,
6100,0.09487538039684296,17.47791862487793,,,
6200,0.12089338898658752,17.499027252197266,,,
6300,0.20839516818523407,14.308305740356445,,,
6400,0.13816790282726288,15.876129150390625,,,
6500,0.17613300681114197,15.138622283935547,,,
6600,0.13958142697811127,17.07632064819336,,,
6700,0.11182602494955063,17.06922149658203,,,
6800,0.16890832781791687,15.097888946533203,,,
6900,0.1298210322856903,17.4628849029541,,,
7000,0.11668505519628525,17.250988006591797,,,
7100,0.09403043985366821,17.546829223632812,,,
7200,0.09420957416296005,17.837024688720703,,,
7300,0.1381760835647583,16.71217155456543,,,
7400,0.1292334794998169,16.382274627685547,,,
7500,0.17937776446342468,15.300655364990234,,,
7600,0.22859033942222595,14.026158332824707,,,
7700,0.1466229259967804,16.106000900268555,,,
7800,0.18782006204128265,15.452799797058105,,,
7900,0.1284702718257904,16.795886993408203,,,
8000,0.175838440656662,15.761279106140137,,,
8100,0.13589081168174744,16.07840347290039,,,
8200,0.10385217517614365,17.285327911376953,,,
8300,0.2192457914352417,14.335062980651855,,,
8400,0.15426158905029297,17.146968841552734,,,
8500,0.11141906678676605,17.010147094726562,,,
8600,0.12334869801998138,17.35198974609375,,,
8700,0.21171478927135468,15.032133102416992,,,
8800,0.08522861450910568,18.32196044921875,,,
8900,0.11205851286649704,16.995140075683594,,,
9000,0.16380496323108673,15.745210647583008,,,
9100,0.1589660346508026,15.51578426361084,,,
9200,0.10102556645870209,17.629188537597656,,,
9300,0.14399679005146027,15.439725875854492,,,
9400,0.13035964965820312,16.19188117980957,,,
9500,0.14020448923110962,16.337614059448242,,,
9600,0.1043669804930687,17.307483673095703,,,
9700,0.11251358687877655,16.44791030883789,,,
9800,0.12391640990972519,16.366729736328125,,,
9900,0.11017721891403198,17.922931671142578,,,
10000,0.10512559860944748,16.916423797607422,,,
10100,0.18991748988628387,16.163379669189453,,,
10200,0.1457374095916748,16.193862915039062,,,
10300,0.07648539543151855,18.891765594482422,,,
10400,0.1574525237083435,14.802484512329102,,,
10500,0.18578314781188965,15.117430686950684,,,
10600,0.1690780371427536,15.845316886901855,,,
10700,0.14277014136314392,16.301355361938477,,,
10800,0.14971444010734558,16.880287170410156,,,
10900,0.12627126276493073,17.221811294555664,,,
11000,0.05414414405822754,19.590774536132812,,,
11100,0.17609193921089172,15.973419189453125,,,
11200,0.08877414464950562,18.3535099029541,,,
11300,0.18668171763420105,14.415928840637207,,,
11400,0.10237334668636322,17.821313858032227,,,
11500,0.11144380271434784,16.65328598022461,,,
11600,0.14549413323402405,17.06065559387207,,,
11700,0.1316201090812683,16.47132110595703,,,
11800,0.0980440229177475,17.113845825195312,,,
11900,0.05917268246412277,19.53888702392578,,,
12000,0.1085120290517807,17.37343978881836,,,
12100,0.071823850274086,18.079496383666992,,,
12200,0.13163377344608307,16.775466918945312,,,
12300,0.07660353183746338,18.56032943725586,,,
12400,0.21307502686977386,15.367300987243652,,,
12500,0.1302875280380249,17.576416015625,,,
12600,0.1018025279045105,17.430099487304688,,,
12700,0.13989216089248657,16.05597686767578,,,
12800,0.1576758623123169,16.04468536376953,,,
12900,0.14255762100219727,16.944271087646484,,,
13000,0.14024487137794495,16.628286361694336,,,
13100,0.09966170787811279,17.31517219543457,,,
13200,0.15773315727710724,15.409029006958008,,,
13300,0.1369459331035614,16.03569221496582,,,
13400,0.16728690266609192,15.379682540893555,,,
13500,0.12034197896718979,17.150203704833984,,,
13600,0.16064590215682983,17.04399871826172,,,
13700,0.11429604887962341,17.439443588256836,,,
13800,0.20848684012889862,17.38821029663086,,,
13900,0.13243721425533295,17.83342742919922,,,
14000,0.13068394362926483,16.43201446533203,,,
14100,0.11706233024597168,17.09088897705078,,,
14200,0.1295209378004074,17.055593490600586,,,
14300,0.1357574164867401,16.604110717773438,,,
14400,0.08255746960639954,18.597604751586914,,,
14500,0.11962956190109253,17.018423080444336,,,
14600,0.11352428048849106,16.746702194213867,,,
14700,0.21356117725372314,14.020381927490234,,,
14800,0.0999026894569397,17.84637451171875,,,
14900,0.10957422852516174,17.67035484313965,,,
15000,0.12166209518909454,16.856172561645508,,,
15100,0.1661117821931839,15.636083602905273,,,
15200,0.07193988561630249,18.47370147705078,,,
15300,0.12997940182685852,16.75094985961914,,,
15400,0.13138815760612488,16.34967803955078,,,
15500,0.09519724547863007,18.57878875732422,,,
15600,0.20506060123443604,14.340839385986328,,,
15700,0.12320566177368164,16.80406951904297,,,
15800,0.07786120474338531,18.617015838623047,,,
15900,0.18139883875846863,15.607808113098145,,,
16000,0.1732957810163498,16.56266212463379,,,
16100,0.20280721783638,13.794660568237305,,,
16200,0.09772463887929916,17.995697021484375,,,
16300,0.12250550836324692,17.236459732055664,,,
16400,0.09685211628675461,18.06346321105957,,,
16500,0.17681658267974854,15.90249252319336,,,
16600,0.10863697528839111,17.100833892822266,,,
16700,0.15344613790512085,15.37129020690918,,,
16800,0.11275260150432587,17.17920684814453,,,
16900,0.1760852038860321,15.759467124938965,,,
17000,0.2147025167942047,15.253701210021973,,,
17100,0.13981765508651733,16.0903263092041,,,
17200,0.14659833908081055,16.859394073486328,,,
17300,0.10939233750104904,17.753463745117188,,,
17400,0.18194517493247986,15.258257865905762,,,
17500,0.14106839895248413,16.5009765625,,,
17600,0.15554995834827423,15.955062866210938,,,
17700,0.06741885840892792,19.37519073486328,,,
17800,0.14435416460037231,16.292442321777344,,,
17900,0.17039984464645386,16.162303924560547,,,
18000,0.1300019919872284,16.806621551513672,,,
18100,0.2465132772922516,14.436640739440918,,,
18200,0.12884685397148132,16.294279098510742,,,
18300,0.16675101220607758,15.208622932434082,,,
18400,0.1159898042678833,16.78081512451172,,,
18500,0.0535619854927063,19.77526092529297,,,
18600,0.1377294808626175,15.857000350952148,,,
18700,0.1686081886291504,15.308649063110352,,,
18800,0.15254032611846924,16.57086181640625,,,
18900,0.1388172209262848,16.712993621826172,,,
19000,0.12254925817251205,16.85268211364746,,,
19100,0.12329714000225067,16.601421356201172,,,
19200,0.07906311750411987,18.034379959106445,,,
19300,0.14284813404083252,16.130313873291016,,,
19400,0.11180074512958527,17.62187385559082,,,
19500,0.17008653283119202,15.276611328125,,,
19600,0.1431727111339569,16.84231948852539,,,
19700,0.08025779575109482,18.18886375427246,,,
19800,0.1596786379814148,15.484367370605469,,,
19900,0.11546169966459274,16.79637908935547,,,
20000,0.16376058757305145,15.8819580078125,,,
20100,0.10949975252151489,17.727516174316406,,,
20200,0.13386033475399017,16.768529891967773,,,
20300,0.12566183507442474,16.75896453857422,,,
20400,0.15327806770801544,16.144641876220703,,,
20500,0.11820938438177109,17.145553588867188,,,
20600,0.11112362146377563,17.32944679260254,,,
20700,0.15001532435417175,15.75196647644043,,,
20800,0.14757737517356873,16.11219024658203,,,
20900,0.10430755466222763,17.32596206665039,,,
21000,0.18143635988235474,16.317031860351562,,,
21100,0.18104586005210876,15.121313095092773,,,
21200,0.1530100703239441,16.220169067382812,,,
21300,0.059234797954559326,19.09491539001465,,,
21400,0.21426478028297424,14.977449417114258,,,
21500,0.1359425187110901,17.222087860107422,,,
21600,0.10264252126216888,17.19432258605957,,,
21700,0.20259931683540344,15.127019882202148,,,
21800,0.1416252702474594,16.066600799560547,,,
21900,0.12272375822067261,16.99416160583496,,,
22000,0.1462281495332718,16.08233642578125,,,
22100,0.16678386926651,15.545515060424805,,,
22200,0.11498008668422699,17.360849380493164,,,
22300,0.10357724875211716,17.350677490234375,,,
22400,0.12849612534046173,16.85051918029785,,,
22500,0.07204873859882355,18.779415130615234,,,
22600,0.09844385087490082,17.805957794189453,,,
22700,0.17521145939826965,15.785310745239258,,,
22800,0.1445223093032837,15.681992530822754,,,
22900,0.10126480460166931,17.572616577148438,,,
23000,0.13420480489730835,16.535371780395508,,,
23100,0.12378978729248047,17.721378326416016,,,
23200,0.09876759350299835,17.768648147583008,,,
23300,0.1461944878101349,15.868413925170898,,,
23400,0.1469048410654068,15.946210861206055,,,
23500,0.13479618728160858,16.03131675720215,,,
23600,0.09955956041812897,17.954330444335938,,,
23700,0.14428384602069855,15.98634147644043,,,
23800,0.09784993529319763,17.753305435180664,,,
23900,0.1202402263879776,16.720905303955078,,,
24000,0.14290690422058105,16.99675941467285,,,
24100,0.17009812593460083,16.254009246826172,,,
24200,0.14181487262248993,16.31781768798828,,,
24300,0.13419876992702484,17.227954864501953,,,
24400,0.07763517647981644,18.580032348632812,,,
24500,0.14851994812488556,15.790349960327148,,,
24600,0.10591034591197968,17.303428649902344,,,
24700,0.10259181261062622,17.36709213256836,,,
24800,0.19505247473716736,15.015369415283203,,,
24900,0.1147872656583786,16.2120304107666,,,
25000,0.13949039578437805,16.96338653564453,,,
25100,0.24545502662658691,13.980233192443848,,,
25200,0.11380301415920258,17.483022689819336,,,
25300,0.14931240677833557,15.990233421325684,,,
25400,0.11812424659729004,17.081510543823242,,,
25500,0.19784854352474213,15.047464370727539,,,
25600,0.09374972432851791,18.184181213378906,,,
25700,0.1254258155822754,16.085054397583008,,,
25800,0.15483969449996948,15.984050750732422,,,
25900,0.11447801440954208,17.04424285888672,,,
26000,0.10086928308010101,16.955171585083008,,,
26100,0.18231408298015594,15.672863960266113,,,
26200,0.07784934341907501,18.210968017578125,,,
26300,0.12325672805309296,16.23606300354004,,,
26400,0.13653385639190674,16.275991439819336,,,
26500,0.13200704753398895,16.506994247436523,,,
26600,0.2605550289154053,14.839767456054688,,,
26700,0.11077247560024261,17.23111343383789,,,
26800,0.1927504539489746,14.975469589233398,,,
26900,0.20619738101959229,14.129060745239258,,,
27000,0.12792035937309265,16.798274993896484,,,
27100,0.15437473356723785,16.54471778869629,,,
27200,0.15183770656585693,16.682693481445312,,,
27300,0.1440948247909546,16.395322799682617,,,
27400,0.1733221411705017,16.050609588623047,,,
27500,0.057692691683769226,19.488140106201172,,,
27600,0.12370525300502777,16.619487762451172,,,
27700,0.1264796108007431,16.336627960205078,,,
27800,0.09728740155696869,17.531330108642578,,,
27900,0.14320716261863708,15.876325607299805,,,
28000,0.15404297411441803,16.072433471679688,,,
28100,0.10700475424528122,17.506210327148438,,,
28200,0.10045723617076874,17.612138748168945,,,
28300,0.17101094126701355,16.421987533569336,,,
28400,0.16812263429164886,15.558297157287598,,,
28500,0.12275837361812592,16.70641326904297,,,
28600,0.14207875728607178,16.498748779296875,,,
28700,0.20576030015945435,15.441797256469727,,,
28800,0.11943531036376953,17.248811721801758,,,
28900,0.07642301172018051,18.156654357910156,,,
29000,0.11067534983158112,17.843780517578125,,,
29100,0.13889339566230774,16.496652603149414,,,
29200,0.10402607917785645,17.267118453979492,,,
29300,0.08345174044370651,18.27597427368164,,,
29400,0.2043132781982422,14.422074317932129,,,
29500,0.15682004392147064,15.844030380249023,,,
29600,0.1338304877281189,16.7721004486084,,,
29700,0.12100455164909363,17.07542610168457,,,
29800,0.11261866986751556,16.3907470703125,,,
29900,0.1387082040309906,16.626014709472656,,,
30000,0.2424861639738083,14.053780555725098,,,
30100,0.0966363400220871,17.32391929626465,,,
30200,0.08039475977420807,18.590087890625,,,
30300,0.14858031272888184,15.85543441772461,,,
30400,0.1264248788356781,16.742019653320312,,,
30500,0.1531381756067276,15.585756301879883,,,
30600,0.09361366927623749,18.082714080810547,,,
30700,0.1414552479982376,17.442832946777344,,,
30800,0.11276668310165405,17.037778854370117,,,
30900,0.13707569241523743,16.00834846496582,,,
31000,0.1260567605495453,16.48407745361328,,,
31100,0.1663680374622345,15.853476524353027,,,
31200,0.20354753732681274,15.116186141967773,,,
31300,0.11048978567123413,17.061012268066406,,,
31400,0.18405918776988983,15.150498390197754,,,
31500,0.11400499939918518,16.814075469970703,,,
31600,0.2094876766204834,14.986639976501465,,,
31700,0.16408149898052216,15.542271614074707,,,
31800,0.13698342442512512,16.28464126586914,,,
31900,0.12265151739120483,16.32330322265625,,,
32000,0.10553082823753357,16.906049728393555,,,
32100,0.11753382533788681,16.69900894165039,,,
32200,0.11571713536977768,17.217247009277344,,,
32300,0.09618782997131348,17.188119888305664,,,
32400,0.12025987356901169,16.503969192504883,,,
32500,0.1348479688167572,15.93286418914795,,,
32600,0.20541250705718994,14.390068054199219,,,
32700,0.13084980845451355,17.469776153564453,,,
32800,0.12997150421142578,16.785032272338867,,,
32900,0.2805614471435547,12.579509735107422,,,
33000,0.1266486942768097,16.832956314086914,,,
33100,0.20880743861198425,15.314987182617188,,,
33200,0.1043311357498169,17.555809020996094,,,
33300,0.12038537114858627,16.386432647705078,,,
33400,0.1550578474998474,15.803165435791016,,,
33500,0.13973483443260193,15.899209976196289,,,
33600,0.17044305801391602,15.77820110321045,,,
33700,0.14983591437339783,16.325733184814453,,,
33800,0.08865335583686829,17.940120697021484,,,
33900,0.12788665294647217,16.365055084228516,,,
34000,0.08136165142059326,18.00041961669922,,,
34100,0.1341078281402588,16.599136352539062,,,
34200,0.1716630458831787,15.12360668182373,,,
34300,0.18700246512889862,15.590774536132812,,,
34400,0.12491089105606079,17.293537139892578,,,
34500,0.16877564787864685,14.847373962402344,,,
34600,0.13754449784755707,15.952993392944336,,,
34700,0.12843352556228638,16.96003532409668,,,
34800,0.12160047888755798,17.599889755249023,,,
34900,0.14492973685264587,16.319091796875,,,
35000,0.11980850994586945,16.654251098632812,,,
35100,0.18922625482082367,15.418811798095703,,,
35200,0.1002051830291748,17.106388092041016,,,
35300,0.13970378041267395,16.555498123168945,,,
35400,0.1228187307715416,17.27066421508789,,,
35500,0.15968267619609833,16.003887176513672,,,
35600,0.11172391474246979,17.396800994873047,,,
35700,0.16906023025512695,16.407833099365234,,,
35800,0.11946173757314682,17.023956298828125,,,
35900,0.15474830567836761,15.771578788757324,,,
36000,0.1115364134311676,17.083826065063477,,,
36100,0.1286155879497528,16.541759490966797,,,
36200,0.16786259412765503,16.619590759277344,,,
36300,0.14384125173091888,16.206157684326172,,,
36400,0.2185400426387787,14.276500701904297,,,
36500,0.2247241735458374,14.010435104370117,,,
36600,0.15877732634544373,15.624367713928223,,,
36700,0.09604966640472412,17.512672424316406,,,
36800,0.1169569194316864,17.112934112548828,,,
36900,0.11931690573692322,17.308279037475586,,,
37000,0.22674083709716797,14.932802200317383,,,
37100,0.09576813876628876,18.407590866088867,,,
37200,0.08122515678405762,18.507694244384766,,,
37300,0.1541045606136322,15.989459991455078,,,
37400,0.11647550761699677,17.808666229248047,,,
37500,0.25511184334754944,14.375982284545898,,,
37600,0.10990306735038757,16.53249740600586,,,
37700,0.14510923624038696,15.80163288116455,,,
37800,0.15680639445781708,15.432344436645508,,,
37900,0.14608116447925568,16.144298553466797,,,
38000,0.209264874458313,14.349964141845703,,,
38100,0.13341288268566132,16.605466842651367,,,
38200,0.14806853234767914,16.122547149658203,,,
38300,0.1631653755903244,15.017803192138672,,,
38400,0.18963021039962769,15.766778945922852,,,
38500,0.10683801025152206,18.287216186523438,,,
38600,0.11319300532341003,17.652057647705078,,,
38700,0.1618334949016571,15.855310440063477,,,
38800,0.12536737322807312,16.65701675415039,,,
38900,0.12082050740718842,16.925888061523438,,,
39000,0.1165631115436554,17.027103424072266,,,
39100,0.16843977570533752,15.724420547485352,,,
39200,0.142910897731781,15.809328079223633,,,
39300,0.1347189098596573,16.449604034423828,,,
39400,0.1382121741771698,15.958230972290039,,,
39500,0.09702794253826141,18.079652786254883,,,
39600,0.1328502893447876,17.06475830078125,,,
39700,0.14122387766838074,16.110454559326172,,,
39800,0.11473887413740158,17.356678009033203,,,
39900,0.10847540199756622,17.617517471313477,,,
40000,0.09983272850513458,17.72780990600586,,,
40100,0.12364733219146729,16.69696044921875,,,
40200,0.17782729864120483,16.578598022460938,,,
40300,0.2005467265844345,14.857610702514648,,,
40400,0.13994404673576355,17.24004364013672,,,
40500,0.09179507195949554,17.9148006439209,,,
40600,0.12078145146369934,17.6916561126709,,,
40700,0.09980271756649017,17.61050796508789,,,
40800,0.1353546530008316,17.123767852783203,,,
40900,0.14491498470306396,16.46855926513672,,,
41000,0.11861338466405869,16.963348388671875,,,
41100,0.11530709266662598,16.93480110168457,,,
41200,0.1267753690481186,17.094554901123047,,,
41300,0.11323942989110947,17.267459869384766,,,
41400,0.1234644204378128,16.556453704833984,,,
41500,0.18574067950248718,14.97586441040039,,,
41600,0.1765414923429489,15.805248260498047,,,
41700,0.13337461650371552,16.471580505371094,,,
41800,0.13001824915409088,16.58489418029785,,,
41900,0.1726197451353073,15.11834716796875,,,
42000,0.09158007800579071,18.3803653717041,,,
42100,0.1798025667667389,14.83544921875,,,
42200,0.16349056363105774,15.531696319580078,,,
42300,0.10121148824691772,17.65091896057129,,,
42400,0.07181950658559799,18.239471435546875,,,
42500,0.1376822292804718,17.250446319580078,,,
42600,0.1357535421848297,16.31866455078125,,,
42700,0.2068423479795456,15.015378952026367,,,
42800,0.13369375467300415,16.086111068725586,,,
42900,0.1767040491104126,15.59596061706543,,,
43000,0.09610159695148468,17.598712921142578,,,
43100,0.12937340140342712,16.92238998413086,,,
43200,0.12358789891004562,16.71027374267578,,,
43300,0.07246698439121246,18.25719451904297,,,
43400,0.11238491535186768,17.228511810302734,,,
43500,0.15827566385269165,16.138580322265625,,,
43600,0.20076338946819305,15.067928314208984,,,
43700,0.08950521051883698,17.779085159301758,,,
43800,0.11656435579061508,17.984832763671875,,,
43900,0.20313069224357605,14.700255393981934,,,
44000,0.15293662250041962,16.026002883911133,,,
44100,0.13639292120933533,16.187095642089844,,,
44200,0.16262739896774292,15.424983978271484,,,
44300,0.13926027715206146,16.905881881713867,,,
44400,0.16212043166160583,16.344070434570312,,,
44500,0.1721263974905014,15.85255241394043,,,
44600,0.13284310698509216,17.113801956176758,,,
44700,0.13383695483207703,16.56658935546875,,,
44800,0.15570251643657684,16.14579200744629,,,
44900,0.10681291669607162,17.416582107543945,,,
45000,0.10643916577100754,17.837039947509766,,,
45100,0.12935158610343933,17.012630462646484,,,
45200,0.1251370757818222,16.97796630859375,,,
45300,0.11659451574087143,17.218162536621094,,,
45400,0.13491582870483398,17.01649284362793,,,
45500,0.1008480116724968,17.458786010742188,,,
45600,0.11609023809432983,17.119834899902344,,,
45700,0.10517659038305283,17.049671173095703,,,
45800,0.1370047926902771,15.691522598266602,,,
45900,0.08674655854701996,18.006288528442383,,,
46000,0.18514689803123474,15.316434860229492,,,
46100,0.16692505776882172,16.078655242919922,,,
46200,0.14616519212722778,16.9294376373291,,,
46300,0.1478389948606491,16.92882537841797,,,
46400,0.14912189543247223,15.167974472045898,,,
46500,0.09610484540462494,17.970088958740234,,,
46600,0.16615347564220428,15.686958312988281,,,
46700,0.10508076846599579,17.544078826904297,,,
46800,0.1553019881248474,16.278804779052734,,,
46900,0.13406416773796082,17.21432876586914,,,
47000,0.09339752793312073,18.110654830932617,,,
47100,0.13420221209526062,16.723291397094727,,,
47200,0.15702371299266815,15.368846893310547,,,
47300,0.11442582309246063,17.051429748535156,,,
47400,0.07445724308490753,18.097177505493164,,,
47500,0.21078114211559296,14.137877464294434,,,
47600,0.13320958614349365,16.62908172607422,,,
47700,0.18177561461925507,15.678756713867188,,,
47800,0.14981931447982788,15.800895690917969,,,
47900,0.16832004487514496,15.703291893005371,,,
48000,0.08383133262395859,18.11154556274414,,,
48100,0.11953114718198776,16.790699005126953,,,
48200,0.12720081210136414,16.478225708007812,,,
48300,0.10856086015701294,17.314908981323242,,,
48400,0.11617839336395264,16.932697296142578,,,
48500,0.10529642552137375,16.92747688293457,,,
48600,0.08537667989730835,18.730335235595703,,,
48700,0.13446542620658875,16.57789421081543,,,
48800,0.14340847730636597,16.663841247558594,,,
48900,0.12120918929576874,16.605167388916016,,,
49000,0.15276697278022766,16.054210662841797,,,
49100,0.21140381693840027,14.675743103027344,,,
49200,0.08879664540290833,18.054153442382812,,,
49300,0.11711248755455017,17.45126724243164,,,
49400,0.1783669888973236,15.710638046264648,,,
49500,0.11765001714229584,16.854564666748047,,,
49600,0.21172776818275452,14.518594741821289,,,
49700,0.11073391139507294,17.15877342224121,,,
49800,0.10471425950527191,17.780982971191406,,,
49900,0.15518280863761902,15.106925964355469,,,
50000,0.14977970719337463,16.22136116027832,,,
50100,0.14901167154312134,15.719797134399414,,,
50200,0.1242653876543045,16.437761306762695,,,
50300,0.09817440807819366,17.47030258178711,,,
50400,0.12999723851680756,16.541534423828125,,,
50500,0.10695825517177582,17.427978515625,,,
50600,0.10953734815120697,17.891048431396484,,,
50700,0.1452433466911316,16.50286865234375,,,
50800,0.08383426070213318,18.293241500854492,,,
50900,0.14133045077323914,16.32468032836914,,,
51000,0.19149643182754517,14.870033264160156,,,
51100,0.16480442881584167,16.34791374206543,,,
51200,0.1667117327451706,16.002487182617188,,,
51300,0.12508991360664368,16.42146110534668,,,
51400,0.12885653972625732,17.598953247070312,,,
51500,0.14483357965946198,15.873359680175781,,,
51600,0.07911049574613571,18.503482818603516,,,
51700,0.18702243268489838,15.195219993591309,,,
51800,0.13041578233242035,17.454238891601562,,,
51900,0.07979783415794373,18.454565048217773,,,
52000,0.12916581332683563,16.800094604492188,,,
52100,0.13117818534374237,16.444690704345703,,,
52200,0.08792327344417572,17.70344352722168,,,
52300,0.12901602685451508,16.808399200439453,,,
52400,0.17545795440673828,15.575170516967773,,,
52500,0.20872628688812256,14.015483856201172,,,
52600,0.09924560785293579,17.83197021484375,,,
52700,0.14416559040546417,16.11390495300293,,,
52800,0.07911340892314911,18.540569305419922,,,
52900,0.14728717505931854,15.902664184570312,,,
53000,0.16760534048080444,15.6728515625,,,
53100,0.17130610346794128,16.60519790649414,,,
53200,0.09235348552465439,17.711578369140625,,,
53300,0.16300348937511444,16.346284866333008,,,
53400,0.07876274734735489,17.88507652282715,,,
53500,0.14344581961631775,15.470399856567383,,,
53600,0.11698474735021591,16.667865753173828,,,
53700,0.09133943915367126,18.455299377441406,,,
53800,0.1468687504529953,16.261659622192383,,,
53900,0.14252382516860962,15.967714309692383,,,
54000,0.14691555500030518,16.412628173828125,,,
54100,0.15583984553813934,16.321949005126953,,,
54200,0.14881379902362823,17.255964279174805,,,
54300,0.12630555033683777,16.52179527282715,,,
54400,0.20850789546966553,14.437865257263184,,,
54500,0.15995121002197266,15.790733337402344,,,
54600,0.13836929202079773,16.320178985595703,,,
54700,0.10232895612716675,17.309852600097656,,,
54800,0.14324873685836792,15.801536560058594,,,
54900,0.1282816231250763,16.430265426635742,,,
55000,0.11074411869049072,17.43903350830078,,,
55100,0.12889060378074646,16.580440521240234,,,
55200,0.09555735439062119,18.039573669433594,,,
55300,0.0864558070898056,17.941545486450195,,,
55400,0.1771281212568283,15.347121238708496,,,
55500,0.12968504428863525,16.03023338317871,,,
55600,0.10810674726963043,17.82632064819336,,,
55700,0.11308912932872772,17.277774810791016,,,
55800,0.10413600504398346,17.418243408203125,,,
55900,0.09090396016836166,18.155834197998047,,,
56000,0.08475547283887863,18.136768341064453,,,
56100,0.12583068013191223,16.951520919799805,,,
56200,0.15204352140426636,16.268123626708984,,,
56300,0.1918952316045761,15.080353736877441,,,
56400,0.15458135306835175,15.845678329467773,,,
56500,0.0775475725531578,19.139339447021484,,,
56600,0.14029192924499512,16.196575164794922,,,
56700,0.15438732504844666,15.828535079956055,,,
56800,0.1513902097940445,16.43684196472168,,,
56900,0.13348327577114105,16.396041870117188,,,
57000,0.11936324834823608,16.745384216308594,,,
57100,0.0955260619521141,18.14857292175293,,,
57200,0.17609617114067078,15.911643981933594,,,
57300,0.12255432456731796,16.86376190185547,,,
57400,0.12219250202178955,16.486801147460938,,,
57500,0.12168292701244354,17.11313819885254,,,
57600,0.11808212846517563,16.706186294555664,,,
57700,0.14737223088741302,16.47156524658203,,,
57800,0.10168081521987915,17.655460357666016,,,
57900,0.11958663165569305,17.51056480407715,,,
58000,0.16498766839504242,15.588025093078613,,,
58100,0.1875837743282318,15.497543334960938,,,
58200,0.11277012526988983,17.365718841552734,,,
58300,0.1390099823474884,16.566390991210938,,,
58400,0.1670706868171692,15.716561317443848,,,
58500,0.1602487415075302,15.36102294921875,,,
58600,0.18507930636405945,16.29953384399414,,,
58700,0.176568865776062,15.172866821289062,,,
58800,0.09904341399669647,17.335844039916992,,,
58900,0.17174217104911804,14.691282272338867,,,
59000,0.12529651820659637,17.021167755126953,,,
59100,0.16998565196990967,15.97964859008789,,,
59200,0.10769979655742645,17.023197174072266,,,
59300,0.13348865509033203,16.924108505249023,,,
59400,0.08921542018651962,18.157716751098633,,,
59500,0.15178731083869934,15.582770347595215,,,
59600,0.07841506600379944,18.420738220214844,,,
59700,0.2000897377729416,15.025339126586914,,,
59800,0.18112102150917053,14.983118057250977,,,
59900,0.08996443450450897,18.168848037719727,,,
60000,0.2077956646680832,14.933954238891602,,,
60100,0.16263708472251892,16.357635498046875,,,
60200,0.10406503081321716,17.039770126342773,,,
60300,0.13494211435317993,17.723121643066406,,,
60400,0.14869555830955505,16.057693481445312,,,
60500,0.14745782315731049,15.976936340332031,,,
60600,0.15429940819740295,16.20711898803711,,,
60700,0.17273317277431488,15.830761909484863,,,
60800,0.12855497002601624,16.91913414001465,,,
60900,0.1249600276350975,16.397165298461914,,,
61000,0.15750247240066528,16.36946678161621,,,
61100,0.1347806602716446,16.171184539794922,,,
61200,0.19926604628562927,15.59724235534668,,,
61300,0.1584758758544922,15.756721496582031,,,
61400,0.15633037686347961,16.74625015258789,,,
61500,0.08678460121154785,17.999523162841797,,,
61600,0.08194069564342499,18.811695098876953,,,
61700,0.11913351714611053,17.037790298461914,,,
61800,0.13548624515533447,16.8184757232666,,,
61900,0.16385646164417267,15.740483283996582,,,
62000,0.16779294610023499,15.140962600708008,,,
62100,0.13305851817131042,16.609237670898438,,,
62200,0.18842004239559174,15.128984451293945,,,
62300,0.14017432928085327,16.419748306274414,,,
62400,0.1618662327528,15.132795333862305,,,
62500,0.12983264029026031,16.449161529541016,,,
62600,0.15469661355018616,16.168933868408203,,,
62700,0.14961028099060059,15.816129684448242,,,
62800,0.12649115920066833,16.235214233398438,,,
62900,0.08759509772062302,17.959095001220703,,,
63000,0.14167259633541107,16.60550308227539,,,
63100,0.15453672409057617,16.236602783203125,,,
63200,0.11002413928508759,17.041236877441406,,,
63300,0.13919316232204437,16.004924774169922,,,
63400,0.13739947974681854,17.28424835205078,,,
63500,0.17245125770568848,15.511332511901855,,,
63600,0.12732043862342834,16.474163055419922,,,
63700,0.11727621406316757,17.58285903930664,,,
63800,0.1323883831501007,16.83388900756836,,,
63900,0.1142505407333374,17.0140380859375,,,
64000,0.13793540000915527,16.357872009277344,,,
64100,0.1502937525510788,15.728440284729004,,,
64200,0.17662182450294495,16.483028411865234,,,
64300,0.1536448746919632,16.243335723876953,,,
64400,0.10012464225292206,17.159011840820312,,,
64500,0.20375993847846985,14.617494583129883,,,
64600,0.07262011617422104,18.67188262939453,,,
64700,0.22862759232521057,15.31814193725586,,,
64800,0.10050743818283081,17.62399673461914,,,
64900,0.12345592677593231,16.30248260498047,,,
65000,0.14329957962036133,16.551143646240234,,,
65100,0.20620594918727875,14.08527946472168,,,
65200,0.11022719740867615,16.804824829101562,,,
65300,0.10060036182403564,17.425628662109375,,,
65400,0.18541936576366425,15.209957122802734,,,
65500,0.14740905165672302,16.63237190246582,,,
65600,0.1399843543767929,16.414365768432617,,,
65700,0.13902293145656586,16.71528434753418,,,
65800,0.1360468566417694,16.106456756591797,,,
65900,0.15276117622852325,16.024017333984375,,,
66000,0.14570605754852295,16.593486785888672,,,
66100,0.15243342518806458,15.762458801269531,,,
66200,0.12546873092651367,17.48809814453125,,,
66300,0.1335155963897705,16.540462493896484,,,
66400,0.17025646567344666,15.142684936523438,,,
66500,0.1429632008075714,15.896689414978027,,,
66600,0.09696786105632782,17.79003143310547,,,
66700,0.14195016026496887,17.22943878173828,,,
66800,0.11851169914007187,17.338409423828125,,,
66900,0.14997659623622894,15.692133903503418,,,
67000,0.1016327440738678,17.88357162475586,,,
67100,0.15873312950134277,16.017436981201172,,,
67200,0.1305551528930664,16.117815017700195,,,
67300,0.1501297950744629,16.441425323486328,,,
67400,0.09764455258846283,17.566526412963867,,,
67500,0.1308961659669876,16.446680068969727,,,
67600,0.11650054156780243,18.808027267456055,,,
67700,0.11790838092565536,16.526371002197266,,,
67800,0.1347380131483078,16.520641326904297,,,
67900,0.19172677397727966,14.982608795166016,,,
68000,0.15092673897743225,16.035659790039062,,,
68100,0.11634224653244019,17.099275588989258,,,
68200,0.1113336831331253,18.060928344726562,,,
68300,0.10489200800657272,17.176259994506836,,,
68400,0.1199062317609787,16.65229034423828,,,
68500,0.14925754070281982,16.577695846557617,,,
68600,0.1547623872756958,16.2841739654541,,,
68700,0.12512719631195068,16.63127326965332,,,
68800,0.22836941480636597,13.739469528198242,,,
68900,0.06666432321071625,18.68731689453125,,,
69000,0.10292135924100876,17.1062068939209,,,
69100,0.0902135968208313,18.45671844482422,,,
69200,0.11415362358093262,16.573808670043945,,,
69300,0.08183522522449493,18.339441299438477,,,
69400,0.126065194606781,16.521602630615234,,,
69500,0.1384235918521881,16.573566436767578,,,
69600,0.14008504152297974,16.06667709350586,,,
69700,0.1718936413526535,15.686311721801758,,,
69800,0.16054533421993256,15.412773132324219,,,
69900,0.17406843602657318,15.695027351379395,,,
70000,0.1094808503985405,16.885154724121094,,,
70100,0.0881892666220665,17.876537322998047,,,
70200,0.15626683831214905,15.53038501739502,,,
70300,0.16314254701137543,16.282167434692383,,,
70400,0.18075111508369446,15.719130516052246,,,
70500,0.10143812745809555,17.460796356201172,,,
70600,0.1671111285686493,15.997660636901855,,,
70700,0.0618055984377861,19.48232650756836,,,
70800,0.11898978799581528,17.325252532958984,,,
70900,0.12734359502792358,16.393375396728516,,,
71000,0.21067556738853455,16.00609588623047,,,
71100,0.1321098804473877,16.34585189819336,,,
71200,0.1833389699459076,15.321748733520508,,,
71300,0.19276916980743408,14.814958572387695,,,
71400,0.11221539974212646,17.705583572387695,,,
71500,0.13004012405872345,16.737552642822266,,,
71600,0.10972505807876587,17.477169036865234,,,
71700,0.10519425570964813,17.716461181640625,,,
71800,0.15360598266124725,15.628328323364258,,,
71900,0.1812557429075241,14.705526351928711,,,
72000,0.12042787671089172,16.889724731445312,,,
72100,0.08139185607433319,17.998641967773438,,,
72200,0.1530093550682068,16.16358184814453,,,
72300,0.24491840600967407,12.663073539733887,,,
72400,0.11113028228282928,17.258411407470703,,,
72500,0.15590760111808777,15.960156440734863,,,
72600,0.185258686542511,15.210715293884277,,,
72700,0.12626618146896362,16.735023498535156,,,
72800,0.13416695594787598,16.638399124145508,,,
72900,0.15967953205108643,15.458078384399414,,,
73000,0.12682586908340454,16.828018188476562,,,
73100,0.12816160917282104,16.213306427001953,,,
73200,0.13364186882972717,16.45648956298828,,,
73300,0.14594992995262146,16.390201568603516,,,
73400,0.1273520588874817,16.410921096801758,,,
73500,0.19836001098155975,14.734163284301758,,,
73600,0.15576669573783875,16.55434799194336,,,
73700,0.1388513445854187,16.891210556030273,,,
73800,0.13672064244747162,16.421039581298828,,,
73900,0.12685275077819824,17.163494110107422,,,
74000,0.23258166015148163,14.429104804992676,,,
74100,0.14319537580013275,15.820719718933105,,,
74200,0.07315170764923096,18.914661407470703,,,
74300,0.23316590487957,15.466934204101562,,,
74400,0.11364545673131943,16.955726623535156,,,
74500,0.10313361138105392,16.981830596923828,,,
74600,0.17053377628326416,15.545327186584473,,,
74700,0.10506375879049301,17.00071907043457,,,
74800,0.13954204320907593,17.3262996673584,,,
74900,0.13278964161872864,16.75555419921875,,,
75000,0.21789857745170593,14.817152976989746,,,
75100,0.15883105993270874,15.86510944366455,,,
75200,0.10217666625976562,17.133012771606445,,,
75300,0.16555088758468628,15.402731895446777,,,
75400,0.1303921937942505,17.381393432617188,,,
75500,0.10852345824241638,17.199077606201172,,,
75600,0.14667737483978271,15.956377029418945,,,
75700,0.1284114271402359,17.460233688354492,,,
75800,0.1295190155506134,17.027620315551758,,,
75900,0.12076862901449203,16.698081970214844,,,
76000,0.12356685101985931,16.321517944335938,,,
76100,0.157642662525177,16.585372924804688,,,
76200,0.15381796658039093,16.622272491455078,,,
76300,0.19161880016326904,14.848275184631348,,,
76400,0.1419888436794281,15.815315246582031,,,
76500,0.19151803851127625,14.833564758300781,,,
76600,0.1879013627767563,14.629562377929688,,,
76700,0.141196608543396,17.499834060668945,,,
76800,0.11060954630374908,16.74957275390625,,,
76900,0.16150322556495667,15.386127471923828,,,
77000,0.09364303946495056,18.593053817749023,,,
77100,0.14759904146194458,17.357925415039062,,,
77200,0.10231471061706543,17.562976837158203,,,
77300,0.12527933716773987,16.885414123535156,,,
77400,0.16341298818588257,15.693788528442383,,,
77500,0.1542745977640152,15.846439361572266,,,
77600,0.10705465078353882,17.388015747070312,,,
77700,0.09651972353458405,17.553730010986328,,,
77800,0.13109374046325684,16.983007431030273,,,
77900,0.09814225137233734,17.448314666748047,,,
78000,0.06331833451986313,19.459243774414062,,,
78100,0.10186539590358734,17.946420669555664,,,
78200,0.08525329828262329,18.20840072631836,,,
78300,0.12120592594146729,17.250926971435547,,,
78400,0.1546342819929123,16.149362564086914,,,
78500,0.15028226375579834,15.689310073852539,,,
78600,0.12043183296918869,17.16039276123047,,,
78700,0.18528816103935242,16.14039421081543,,,
78800,0.09590639919042587,17.524446487426758,,,
78900,0.131749227643013,16.606521606445312,,,
79000,0.13257434964179993,16.702205657958984,,,
79100,0.1792115420103073,15.774765014648438,,,
79200,0.15890029072761536,15.745670318603516,,,
79300,0.17856797575950623,15.324980735778809,,,
79400,0.11869005858898163,17.866453170776367,,,
79500,0.14115700125694275,16.569049835205078,,,
79600,0.18617156147956848,15.448925971984863,,,
79700,0.14606443047523499,16.240829467773438,,,
79800,0.20254668593406677,14.843737602233887,,,
79900,0.08432265371084213,17.812267303466797,,,
80000,0.07679998874664307,18.21185302734375,,,
80100,0.1060824990272522,17.82500457763672,,,
80200,0.1041031926870346,17.714229583740234,,,
80300,0.14223703742027283,16.502676010131836,,,
80400,0.08498912304639816,18.395092010498047,,,
80500,0.14591191709041595,16.210521697998047,,,
80600,0.11072991788387299,17.724529266357422,,,
80700,0.13627605140209198,15.800464630126953,,,
80800,0.13671636581420898,16.264087677001953,,,
80900,0.1646881103515625,16.089799880981445,,,
81000,0.15576015412807465,16.561805725097656,,,
81100,0.09115144610404968,18.1826171875,,,
81200,0.11985141038894653,17.40890884399414,,,
81300,0.10542657226324081,17.039485931396484,,,
81400,0.17706498503684998,15.286351203918457,,,
81500,0.10719647258520126,17.376609802246094,,,
81600,0.17188601195812225,16.75287437438965,,,
81700,0.15158215165138245,16.22883415222168,,,
81800,0.15748043358325958,15.910552978515625,,,
81900,0.17007440328598022,15.419052124023438,,,
82000,0.14585593342781067,16.841514587402344,,,
82100,0.15857753157615662,15.658900260925293,,,
82200,0.13143068552017212,17.043895721435547,,,
82300,0.103643499314785,18.05120086669922,,,
82400,0.13453345000743866,16.52773666381836,,,
82500,0.2203926295042038,14.85318374633789,,,
82600,0.07764753699302673,17.910762786865234,,,
82700,0.1350431889295578,17.266117095947266,,,
82800,0.10091404616832733,18.214221954345703,,,
82900,0.08919908851385117,17.960655212402344,,,
83000,0.2872139811515808,12.927543640136719,,,
83100,0.11732611060142517,17.256309509277344,,,
83200,0.11255311965942383,17.19866371154785,,,
83300,0.1817323863506317,15.551430702209473,,,
83400,0.1444680094718933,16.020973205566406,,,
83500,0.1738247573375702,15.182464599609375,,,
83600,0.12040245532989502,16.922441482543945,,,
83700,0.09090431034564972,17.88623809814453,,,
83800,0.12633220851421356,16.181243896484375,,,
83900,0.08186812698841095,18.041027069091797,,,
84000,0.19243934750556946,15.721293449401855,,,
84100,0.14185649156570435,16.860240936279297,,,
84200,0.12742510437965393,16.98504066467285,,,
84300,0.17077788710594177,15.872901916503906,,,
84400,0.15116199851036072,16.291767120361328,,,
84500,0.10586738586425781,17.637001037597656,,,
84600,0.14700044691562653,15.716188430786133,,,
84700,0.16169491410255432,15.91468620300293,,,
84800,0.14421096444129944,16.102108001708984,,,
84900,0.12278535962104797,16.702898025512695,,,
85000,0.13656625151634216,16.87238121032715,,,
85100,0.16637273132801056,14.969289779663086,,,
85200,0.13868454098701477,15.965587615966797,,,
85300,0.13392990827560425,16.568588256835938,,,
85400,0.18966838717460632,15.843592643737793,,,
85500,0.1456085741519928,16.261734008789062,,,
85600,0.09124915301799774,17.538358688354492,,,
85700,0.16904830932617188,16.29073715209961,,,
85800,0.18736790120601654,14.737520217895508,,,
85900,0.12795531749725342,16.891986846923828,,,
86000,0.09031020849943161,18.417522430419922,,,
86100,0.12506680190563202,17.136966705322266,,,
86200,0.1431914120912552,16.274566650390625,,,
86300,0.1906968653202057,15.068042755126953,,,
86400,0.19721201062202454,15.704188346862793,,,
86500,0.18617460131645203,15.69211483001709,,,
86600,0.087577685713768,18.574832916259766,,,
86700,0.19702324271202087,14.87271785736084,,,
86800,0.09354828298091888,17.776611328125,,,
86900,0.10913094133138657,17.276399612426758,,,
87000,0.0909774899482727,17.688758850097656,,,
87100,0.17594826221466064,15.128358840942383,,,
87200,0.18027907609939575,15.794772148132324,,,
87300,0.18001365661621094,15.204717636108398,,,
87400,0.11661425232887268,17.58283042907715,,,
87500,0.11215026676654816,17.210878372192383,,,
87600,0.11985775083303452,16.922304153442383,,,
87700,0.08085741102695465,18.63807487487793,,,
87800,0.15827934443950653,16.305038452148438,,,
87900,0.12688499689102173,16.26190185546875,,,
88000,0.07554846256971359,18.24968719482422,,,
88100,0.20761269330978394,15.07657241821289,,,
88200,0.15552353858947754,15.975431442260742,,,
88300,0.12391622364521027,16.329273223876953,,,
88400,0.16469544172286987,16.042322158813477,,,
88500,0.1381237506866455,16.680438995361328,,,
88600,0.10969388484954834,17.107406616210938,,,
88700,0.08458945155143738,17.80701446533203,,,
88800,0.15762756764888763,15.593952178955078,,,
88900,0.16431313753128052,15.958318710327148,,,
89000,0.13029588758945465,15.98975658416748,,,
89100,0.14440476894378662,16.180522918701172,,,
89200,0.1442401111125946,16.26779556274414,,,
89300,0.12786434590816498,16.103151321411133,,,
89400,0.19555048644542694,14.885198593139648,,,
89500,0.21158799529075623,14.193831443786621,,,
89600,0.11002296209335327,16.716838836669922,,,
89700,0.1471099555492401,15.851037979125977,,,
89800,0.09809921681880951,17.929218292236328,,,
89900,0.1677824854850769,15.683828353881836,,,
90000,0.12030814588069916,17.014684677124023,,,
90100,0.10048528760671616,17.262405395507812,,,
90200,0.13668078184127808,16.237503051757812,,,
90300,0.17735299468040466,15.180848121643066,,,
90400,0.1336536705493927,16.01923370361328,,,
90500,0.15827155113220215,15.279365539550781,,,
90600,0.19943051040172577,14.343181610107422,,,
90700,0.11156551539897919,16.85753631591797,,,
90800,0.12777337431907654,16.166664123535156,,,
90900,0.16982072591781616,15.652300834655762,,,
91000,0.12462317943572998,16.49134635925293,,,
91100,0.13940158486366272,15.88668441772461,,,
91200,0.12483413517475128,17.208038330078125,,,
91300,0.11626587808132172,16.868244171142578,,,
91400,0.10339172184467316,17.369129180908203,,,
91500,0.09933118522167206,17.23704719543457,,,
91600,0.09540249407291412,17.404560089111328,,,
91700,0.18257367610931396,16.489341735839844,,,
91800,0.19800369441509247,15.321712493896484,,,
91900,0.15434235334396362,16.012346267700195,,,
92000,0.0580960214138031,19.70376968383789,,,
92100,0.15589772164821625,16.123571395874023,,,
92200,0.13609996438026428,16.25632667541504,,,
92300,0.1151154488325119,17.477346420288086,,,
92400,0.13308201730251312,16.784330368041992,,,
92500,0.13834208250045776,15.910974502563477,,,
92600,0.12693260610103607,17.41318130493164,,,
92700,0.10552623867988586,17.332653045654297,,,
92800,0.09261496365070343,17.38256072998047,,,
92900,0.1262562870979309,16.515335083007812,,,
93000,0.13107798993587494,16.732271194458008,,,
93100,0.13356958329677582,16.918121337890625,,,
93200,0.1575830727815628,15.568480491638184,,,
93300,0.09801226109266281,17.643091201782227,,,
93400,0.09950222820043564,17.09384536743164,,,
93500,0.07603595405817032,18.33111000061035,,,
93600,0.13508161902427673,16.295974731445312,,,
93700,0.08932757377624512,17.90705108642578,,,
93800,0.11705856770277023,17.831401824951172,,,
93900,0.08975224196910858,18.321704864501953,,,
94000,0.10821148008108139,17.201309204101562,,,
94100,0.17219224572181702,15.568729400634766,,,
94200,0.10636734217405319,17.23549461364746,,,
94300,0.16198189556598663,15.848540306091309,,,
94400,0.14730361104011536,16.11338996887207,,,
94500,0.12073268741369247,16.563365936279297,,,
94600,0.08652101457118988,17.482601165771484,,,
94700,0.14635387063026428,15.911127090454102,,,
94800,0.14632616937160492,16.05316734313965,,,
94900,0.15739434957504272,16.08150291442871,,,
95000,0.14653879404067993,16.99232292175293,,,
95100,0.16087505221366882,16.317535400390625,,,
95200,0.1591964215040207,16.1062068939209,,,
95300,0.1557820439338684,15.948830604553223,,,
95400,0.1055210679769516,17.289798736572266,,,
95500,0.1057257354259491,17.499467849731445,,,
95600,0.16428142786026,15.424219131469727,,,
95700,0.1450422704219818,15.486969947814941,,,
95800,0.09950581192970276,17.36635971069336,,,
95900,0.11378981918096542,16.827377319335938,,,
96000,0.14119911193847656,16.59084129333496,,,
96100,0.10016687959432602,17.732898712158203,,,
96200,0.09447033703327179,17.553543090820312,,,
96300,0.12560461461544037,17.49173355102539,,,
96400,0.13813750445842743,15.982282638549805,,,
96500,0.19738802313804626,14.853614807128906,,,
96600,0.19245141744613647,16.000444412231445,,,
96700,0.17136931419372559,15.53097152709961,,,
96800,0.1379631757736206,16.534542083740234,,,
96900,0.09374505281448364,17.544416427612305,,,
97000,0.18073438107967377,16.876632690429688,,,
97100,0.13848625123500824,16.5272159576416,,,
97200,0.14115580916404724,16.5249080657959,,,
97300,0.1621435135602951,15.422216415405273,,,
97400,0.1730080097913742,15.555447578430176,,,
97500,0.29910922050476074,14.589454650878906,,,
97600,0.21078073978424072,15.069450378417969,,,
97700,0.1304813027381897,15.897204399108887,,,
97800,0.13871900737285614,17.49106216430664,,,
97900,0.0853162631392479,17.40359878540039,,,
98000,0.19854295253753662,14.683034896850586,,,
98100,0.15676163136959076,15.926446914672852,,,
98200,0.14396780729293823,16.123611450195312,,,
98300,0.16216745972633362,15.352311134338379,,,
98400,0.0616421103477478,19.88907814025879,,,
98500,0.1593000590801239,16.308683395385742,,,
98600,0.11329996585845947,17.153976440429688,,,
98700,0.2508489489555359,14.307510375976562,,,
98800,0.21521487832069397,14.906068801879883,,,
98900,0.130154550075531,16.34433364868164,,,
99000,0.07851257920265198,18.313003540039062,,,
99100,0.15125766396522522,15.226314544677734,,,
99200,0.1506434977054596,15.92381477355957,,,
99300,0.0976630300283432,17.481182098388672,,,
99400,0.11710789054632187,17.008567810058594,,,
99500,0.17012302577495575,15.867382049560547,,,
99600,0.1503596007823944,16.482858657836914,,,
99700,0.1156085655093193,17.031600952148438,,,
99800,0.10439076274633408,17.744348526000977,,,
99900,0.15779505670070648,16.281856536865234,,,
