step,train/loss,train/psnr,val/avg_psnr,val/imagenet-blur_psnr,val/imagenet-blur_ssim
0,0.30972227454185486,11.479330062866211,17.041484832763672,17.041484832763672,0.463448703289032
1,,,16.93067741394043,16.93067741394043,0.45180490612983704
2,,,17.232345581054688,17.232345581054688,0.46484479308128357
3,,,17.453842163085938,17.453842163085938,0.4718056321144104
4,,,17.494958877563477,17.494958877563477,0.48234057426452637
5,,,17.564651489257812,17.564651489257812,0.48080310225486755
6,,,17.334197998046875,17.334197998046875,0.47634825110435486
7,,,17.92835807800293,17.92835807800293,0.5064296126365662
8,,,17.65392303466797,17.65392303466797,0.4941585063934326
9,,,17.778324127197266,17.778324127197266,0.500523030757904
10,,,17.776409149169922,17.776409149169922,0.508725643157959
11,,,17.645065307617188,17.645065307617188,0.4972374439239502
12,,,17.53990936279297,17.53990936279297,0.49227964878082275
13,,,17.79730224609375,17.79730224609375,0.5047011375427246
14,,,17.73515510559082,17.73515510559082,0.5034740567207336
15,,,17.59432029724121,17.59432029724121,0.5005527138710022
16,,,17.532848358154297,17.532848358154297,0.5025219917297363
17,,,17.98625373840332,17.98625373840332,0.5171850919723511
18,,,17.789875030517578,17.789875030517578,0.5090485215187073
19,,,17.982431411743164,17.982431411743164,0.5166516304016113
20,,,18.00418472290039,18.00418472290039,0.5189870595932007
21,,,17.82968521118164,17.82968521118164,0.5110806226730347
22,,,18.10683250427246,18.10683250427246,0.524768590927124
23,,,17.679609298706055,17.679609298706055,0.5056299567222595
24,,,17.92673683166504,17.92673683166504,0.5155698657035828
25,,,18.126646041870117,18.126646041870117,0.5285718441009521
26,,,17.991621017456055,17.991621017456055,0.5217026472091675
27,,,18.061092376708984,18.061092376708984,0.5220943689346313
28,,,18.175716400146484,18.175716400146484,0.5267547369003296
29,,,18.14197540283203,18.14197540283203,0.5267947912216187
30,,,18.009193420410156,18.009193420410156,0.5193586945533752
31,,,18.04134178161621,18.04134178161621,0.5221282839775085
32,,,17.852487564086914,17.852487564086914,0.5176951289176941
33,,,18.195688247680664,18.195688247680664,0.5323742032051086
34,,,18.128520965576172,18.128520965576172,0.528042733669281
35,,,18.090848922729492,18.090848922729492,0.5250260829925537
36,,,17.710376739501953,17.710376739501953,0.5117062330245972
37,,,18.085176467895508,18.085176467895508,0.5264754891395569
38,,,18.093400955200195,18.093400955200195,0.5277634263038635
39,,,17.71818733215332,17.71818733215332,0.5143627524375916
40,,,17.855697631835938,17.855697631835938,0.5148277878761292
41,,,17.88153839111328,17.88153839111328,0.5200987458229065
42,,,18.023815155029297,18.023815155029297,0.5233274102210999
43,,,18.197036743164062,18.197036743164062,0.5350266695022583
44,,,18.223642349243164,18.223642349243164,0.5318873524665833
45,,,18.08169937133789,18.08169937133789,0.5309314131736755
46,,,18.179386138916016,18.179386138916016,0.5318031907081604
47,,,18.171321868896484,18.171321868896484,0.5310778617858887
48,,,17.98076057434082,17.98076057434082,0.5244563817977905
49,,,18.127315521240234,18.127315521240234,0.5294332504272461
50,,,18.245574951171875,18.245574951171875,0.5349335074424744
51,,,18.201974868774414,18.201974868774414,0.5336824059486389
52,,,18.349584579467773,18.349584579467773,0.5398105978965759
53,,,18.06336784362793,18.06336784362793,0.5263698101043701
54,,,18.19535255432129,18.19535255432129,0.5328523516654968
55,,,18.10520362854004,18.10520362854004,0.5266889929771423
56,,,18.21567153930664,18.21567153930664,0.5323386788368225
57,,,18.111019134521484,18.111019134521484,0.5301264524459839
58,,,18.366291046142578,18.366291046142578,0.5393311977386475
59,,,18.27593231201172,18.27593231201172,0.5390197038650513
60,,,17.872207641601562,17.872207641601562,0.5249759554862976
61,,,18.26753807067871,18.26753807067871,0.5367321372032166
62,,,18.091102600097656,18.091102600097656,0.5316982865333557
63,,,18.056154251098633,18.056154251098633,0.5272175073623657
64,,,18.31000518798828,18.31000518798828,0.536990761756897
65,,,18.28134536743164,18.28134536743164,0.5373488068580627
66,,,18.08232307434082,18.08232307434082,0.5298905372619629
67,,,18.13878059387207,18.13878059387207,0.5314959287643433
68,,,18.17959213256836,18.17959213256836,0.5362264513969421
69,,,18.182655334472656,18.182655334472656,0.535180926322937
70,,,18.088953018188477,18.088953018188477,0.5304790735244751
71,,,18.193748474121094,18.193748474121094,0.5354825258255005
72,,,18.08055877685547,18.08055877685547,0.5286368131637573
73,,,18.19464111328125,18.19464111328125,0.5371479988098145
74,,,18.227575302124023,18.227575302124023,0.5354957580566406
75,,,18.26116371154785,18.26116371154785,0.5375568270683289
76,,,18.133831024169922,18.133831024169922,0.5330289006233215
77,,,18.328325271606445,18.328325271606445,0.5409578084945679
78,,,18.235931396484375,18.235931396484375,0.5363430380821228
79,,,18.109272003173828,18.109272003173828,0.5321074724197388
80,,,18.230619430541992,18.230619430541992,0.5350631475448608
81,,,18.17685890197754,18.17685890197754,0.532114565372467
82,,,18.141801834106445,18.141801834106445,0.5335382223129272
83,,,18.09889793395996,18.09889793395996,0.5301433801651001
84,,,18.13172721862793,18.13172721862793,0.5311395525932312
85,,,18.235395431518555,18.235395431518555,0.5368145108222961
86,,,18.22513198852539,18.22513198852539,0.5341541171073914
87,,,18.227685928344727,18.227685928344727,0.5344330668449402
88,,,18.2073917388916,18.2073917388916,0.5359635949134827
89,,,18.24958038330078,18.24958038330078,0.5368860960006714
90,,,18.199602127075195,18.199602127075195,0.5343028903007507
91,,,18.223182678222656,18.223182678222656,0.5360620021820068
92,,,18.22403335571289,18.22403335571289,0.5368475914001465
93,,,18.180530548095703,18.180530548095703,0.5351687669754028
94,,,18.222383499145508,18.222383499145508,0.5358096957206726
95,,,18.246192932128906,18.246192932128906,0.5370299220085144
96,,,18.19634246826172,18.19634246826172,0.5352369546890259
97,,,18.23140525817871,18.23140525817871,0.5367578268051147
98,,,18.216039657592773,18.216039657592773,0.5364510416984558
99,,,18.23923110961914,18.23923110961914,0.5366061329841614
100,0.1299956738948822,15.495925903320312,,,
200,0.16409431397914886,14.851766586303711,,,
300,0.14607760310173035,16.127574920654297,,,
400,0.10208889096975327,17.162124633789062,,,
500,0.2111222743988037,14.456900596618652,,,
600,0.13588280975818634,15.357105255126953,,,
700,0.14301888644695282,15.446951866149902,,,
800,0.12414656579494476,15.799092292785645,,,
900,0.12877219915390015,16.307435989379883,,,
1000,0.12096136808395386,15.77907943725586,,,
1100,0.1694267839193344,15.0333251953125,,,
1200,0.13439249992370605,15.45382308959961,,,
1300,0.18805228173732758,14.968355178833008,,,
1400,0.13925930857658386,16.122344970703125,,,
1500,0.1603555977344513,15.027860641479492,,,
1600,0.15851448476314545,14.812295913696289,,,
1700,0.1714860051870346,14.871234893798828,,,
1800,0.15528345108032227,14.835941314697266,,,
1900,0.1261863261461258,17.316036224365234,,,
2000,0.2380514144897461,13.735135078430176,,,
2100,0.12997287511825562,15.872127532958984,,,
2200,0.14799746870994568,15.412846565246582,,,
2300,0.17232435941696167,14.772621154785156,,,
2400,0.1519293189048767,14.704407691955566,,,
2500,0.18092584609985352,15.233724594116211,,,
2600,0.14300665259361267,15.045567512512207,,,
2700,0.13274887204170227,15.18961238861084,,,
2800,0.15739072859287262,14.523052215576172,,,
2900,0.16377590596675873,14.874046325683594,,,
3000,0.1754302680492401,14.476774215698242,,,
3100,0.2055787742137909,14.439881324768066,,,
3200,0.16671600937843323,14.998117446899414,,,
3300,0.15111204981803894,15.214958190917969,,,
3400,0.1434682011604309,15.075177192687988,,,
3500,0.18571814894676208,15.414133071899414,,,
3600,0.12051572650671005,16.509544372558594,,,
3700,0.15386754274368286,15.55146598815918,,,
3800,0.15348565578460693,14.999292373657227,,,
3900,0.17984920740127563,15.564937591552734,,,
4000,0.17952024936676025,15.009882926940918,,,
4100,0.10529386252164841,16.670873641967773,,,
4200,0.15828588604927063,14.739740371704102,,,
4300,0.18641643226146698,14.45779800415039,,,
4400,0.11664216965436935,16.017871856689453,,,
4500,0.204156756401062,14.313322067260742,,,
4600,0.169745534658432,14.664461135864258,,,
4700,0.25021815299987793,13.211012840270996,,,
4800,0.15113157033920288,15.599136352539062,,,
4900,0.15047234296798706,15.207100868225098,,,
5000,0.12964652478694916,15.859596252441406,,,
5100,0.23878446221351624,13.817178726196289,,,
5200,0.20417217910289764,14.036910057067871,,,
5300,0.11430009454488754,16.524383544921875,,,
5400,0.11335652321577072,16.559694290161133,,,
5500,0.22649693489074707,14.273078918457031,,,
5600,0.14100521802902222,15.745284080505371,,,
5700,0.1447574943304062,15.147001266479492,,,
5800,0.22042524814605713,13.69689655303955,,,
5900,0.1552911102771759,15.140335083007812,,,
6000,0.18628919124603271,14.908870697021484,,,
6100,0.12790729105472565,15.662109375,,,
6200,0.18071161210536957,15.063579559326172,,,
6300,0.15357606112957,15.469873428344727,,,
6400,0.16090545058250427,14.9225435256958,,,
6500,0.15989074110984802,14.719592094421387,,,
6600,0.17885348200798035,14.888754844665527,,,
6700,0.12492542713880539,16.899003982543945,,,
6800,0.14220814406871796,15.587838172912598,,,
6900,0.13325026631355286,16.510231018066406,,,
7000,0.14351177215576172,15.657943725585938,,,
7100,0.19699673354625702,14.288881301879883,,,
7200,0.11856989562511444,16.216358184814453,,,
7300,0.14798246324062347,14.899436950683594,,,
7400,0.0940587967634201,17.8598690032959,,,
7500,0.11328985542058945,16.266857147216797,,,
7600,0.15243615210056305,15.38570499420166,,,
7700,0.1298326998949051,15.341245651245117,,,
7800,0.11198752373456955,16.552520751953125,,,
7900,0.12106233835220337,15.91529655456543,,,
8000,0.12344825267791748,16.275161743164062,,,
8100,0.18494966626167297,14.915420532226562,,,
8200,0.12754468619823456,16.15540313720703,,,
8300,0.16270016133785248,16.22178840637207,,,
8400,0.11753934621810913,15.923235893249512,,,
8500,0.13270524144172668,16.56371307373047,,,
8600,0.11408579349517822,15.870049476623535,,,
8700,0.1704730987548828,14.76609992980957,,,
8800,0.12092465162277222,16.34688949584961,,,
8900,0.11004340648651123,16.479204177856445,,,
9000,0.1332779824733734,16.08698081970215,,,
9100,0.1721421331167221,15.215978622436523,,,
9200,0.24048173427581787,13.309215545654297,,,
9300,0.14428798854351044,15.177892684936523,,,
9400,0.1496151089668274,15.803503036499023,,,
9500,0.13509321212768555,15.578752517700195,,,
9600,0.1842372864484787,14.708209991455078,,,
9700,0.13676956295967102,15.668294906616211,,,
9800,0.09428887069225311,16.84638214111328,,,
9900,0.12911055982112885,15.498237609863281,,,
10000,0.12468324601650238,16.041778564453125,,,
10100,0.15506267547607422,15.384734153747559,,,
10200,0.13284564018249512,15.844078063964844,,,
10300,0.1524084359407425,15.60628604888916,,,
10400,0.16211159527301788,15.323461532592773,,,
10500,0.09544433653354645,17.175710678100586,,,
10600,0.11121117323637009,16.635536193847656,,,
10700,0.11380734294652939,16.76752471923828,,,
10800,0.17224547266960144,14.898941040039062,,,
10900,0.14698433876037598,15.3384428024292,,,
11000,0.1633005440235138,14.47174072265625,,,
11100,0.13967756927013397,16.38003921508789,,,
11200,0.16753950715065002,14.260528564453125,,,
11300,0.1861119270324707,14.42780590057373,,,
11400,0.1324003040790558,15.392521858215332,,,
11500,0.09714950621128082,16.911245346069336,,,
11600,0.08658961951732635,17.520179748535156,,,
11700,0.11159064620733261,16.96862030029297,,,
11800,0.10420944541692734,16.809791564941406,,,
11900,0.1893150508403778,14.266060829162598,,,
12000,0.1554533839225769,15.396904945373535,,,
12100,0.14158956706523895,15.77225399017334,,,
12200,0.172596275806427,14.846918106079102,,,
12300,0.17909805476665497,15.2470121383667,,,
12400,0.12764428555965424,15.627473831176758,,,
12500,0.13962769508361816,15.867766380310059,,,
12600,0.12714359164237976,16.744705200195312,,,
12700,0.1678403615951538,14.947235107421875,,,
12800,0.14267361164093018,15.53123664855957,,,
12900,0.13893480598926544,15.939425468444824,,,
13000,0.14915654063224792,15.619529724121094,,,
13100,0.12236955016851425,15.866655349731445,,,
13200,0.1607072949409485,15.256126403808594,,,
13300,0.12342673540115356,15.915666580200195,,,
13400,0.14164003729820251,15.743953704833984,,,
13500,0.12541714310646057,16.278518676757812,,,
13600,0.1772458553314209,14.368973731994629,,,
13700,0.15194503962993622,14.783891677856445,,,
13800,0.1398293673992157,15.88578987121582,,,
13900,0.16631168127059937,15.21270751953125,,,
14000,0.1327853500843048,15.95056438446045,,,
14100,0.12951871752738953,16.058685302734375,,,
14200,0.1310088336467743,16.247472763061523,,,
14300,0.15141281485557556,14.685115814208984,,,
14400,0.13215921819210052,16.05828857421875,,,
14500,0.1503552794456482,15.173683166503906,,,
14600,0.18623612821102142,15.062411308288574,,,
14700,0.1233445256948471,16.04912757873535,,,
14800,0.1590203046798706,15.054584503173828,,,
14900,0.1383923590183258,16.08230972290039,,,
15000,0.14365606009960175,14.799493789672852,,,
15100,0.12369142472743988,15.773948669433594,,,
15200,0.13312727212905884,16.584735870361328,,,
15300,0.16859564185142517,16.71953582763672,,,
15400,0.1286475509405136,15.664721488952637,,,
15500,0.13650798797607422,15.655187606811523,,,
15600,0.1982337087392807,13.665779113769531,,,
15700,0.17717331647872925,14.881063461303711,,,
15800,0.11759459972381592,16.965513229370117,,,
15900,0.15371498465538025,15.188364028930664,,,
16000,0.10601289570331573,16.77899932861328,,,
16100,0.19555619359016418,14.518150329589844,,,
16200,0.12203788012266159,15.912459373474121,,,
16300,0.13103559613227844,15.733848571777344,,,
16400,0.1904325932264328,13.879833221435547,,,
16500,0.15125687420368195,15.71031379699707,,,
16600,0.1476600468158722,15.24390983581543,,,
16700,0.12536588311195374,16.22352409362793,,,
16800,0.15483100712299347,15.022350311279297,,,
16900,0.13279180228710175,15.611054420471191,,,
17000,0.12930463254451752,15.99936294555664,,,
17100,0.12824633717536926,16.364437103271484,,,
17200,0.1553528904914856,16.13115119934082,,,
17300,0.16007733345031738,15.431158065795898,,,
17400,0.15108603239059448,15.388700485229492,,,
17500,0.15918242931365967,14.730467796325684,,,
17600,0.11419975757598877,17.13563346862793,,,
17700,0.08661548793315887,17.442310333251953,,,
17800,0.19423991441726685,14.277816772460938,,,
17900,0.1168498620390892,16.41112518310547,,,
18000,0.13007189333438873,15.451375007629395,,,
18100,0.1572795957326889,15.328351020812988,,,
18200,0.12732239067554474,15.88522720336914,,,
18300,0.1480613797903061,16.097179412841797,,,
18400,0.17229938507080078,14.83634090423584,,,
18500,0.11817985773086548,15.930191993713379,,,
18600,0.18630075454711914,15.641605377197266,,,
18700,0.13264217972755432,15.822014808654785,,,
18800,0.15546914935112,15.77191162109375,,,
18900,0.17153406143188477,14.549766540527344,,,
19000,0.11697670817375183,15.984745025634766,,,
19100,0.15067733824253082,15.055948257446289,,,
19200,0.17929625511169434,15.571452140808105,,,
19300,0.13746941089630127,15.685659408569336,,,
19400,0.12494342029094696,16.1580867767334,,,
19500,0.10838492214679718,16.91747283935547,,,
19600,0.19922330975532532,14.123626708984375,,,
19700,0.15205377340316772,15.567781448364258,,,
19800,0.14032205939292908,15.653732299804688,,,
19900,0.17451858520507812,15.302289009094238,,,
20000,0.17222276329994202,15.409635543823242,,,
20100,0.1667327880859375,16.097896575927734,,,
20200,0.1455695927143097,15.645014762878418,,,
20300,0.10488663613796234,16.64913558959961,,,
20400,0.09732749313116074,17.80246353149414,,,
20500,0.10717131942510605,16.47545051574707,,,
20600,0.15532714128494263,15.24915599822998,,,
20700,0.11693210899829865,16.222536087036133,,,
20800,0.11082306504249573,16.55377769470215,,,
20900,0.12767216563224792,16.711084365844727,,,
21000,0.14867113530635834,15.01280689239502,,,
21100,0.18433010578155518,14.927119255065918,,,
21200,0.11041951179504395,16.318647384643555,,,
21300,0.19411137700080872,15.23797607421875,,,
21400,0.1627642810344696,14.81655216217041,,,
21500,0.1905532330274582,14.034995079040527,,,
21600,0.10644149780273438,17.08426284790039,,,
21700,0.11714157462120056,16.046659469604492,,,
21800,0.1468469500541687,15.341760635375977,,,
21900,0.10813091695308685,16.208740234375,,,
22000,0.1929507553577423,14.050167083740234,,,
22100,0.15652205049991608,15.523358345031738,,,
22200,0.18683910369873047,14.88499927520752,,,
22300,0.14636987447738647,15.528861045837402,,,
22400,0.12372177839279175,16.675678253173828,,,
22500,0.14099854230880737,15.272107124328613,,,
22600,0.18961656093597412,14.913520812988281,,,
22700,0.12091736495494843,16.010257720947266,,,
22800,0.14735057950019836,14.93237018585205,,,
22900,0.1062396764755249,16.80697250366211,,,
23000,0.14422374963760376,16.001359939575195,,,
23100,0.15100452303886414,15.63705062866211,,,
23200,0.19619707763195038,13.824701309204102,,,
23300,0.15785810351371765,14.776049613952637,,,
23400,0.13882532715797424,15.897299766540527,,,
23500,0.149897962808609,15.831222534179688,,,
23600,0.1188940703868866,16.248497009277344,,,
23700,0.12407626956701279,15.636951446533203,,,
23800,0.12761998176574707,16.57947540283203,,,
23900,0.1167253851890564,15.883964538574219,,,
24000,0.14214736223220825,15.512715339660645,,,
24100,0.1241532564163208,15.988723754882812,,,
24200,0.12948432564735413,15.770275115966797,,,
24300,0.15981152653694153,14.648402214050293,,,
24400,0.14593550562858582,15.263495445251465,,,
24500,0.16340762376785278,15.271475791931152,,,
24600,0.17019127309322357,15.368188858032227,,,
24700,0.11826442182064056,15.98369312286377,,,
24800,0.1028711348772049,16.839847564697266,,,
24900,0.15808603167533875,15.108749389648438,,,
25000,0.25332021713256836,13.652788162231445,,,
25100,0.1624050885438919,15.413250923156738,,,
25200,0.16255444288253784,15.185134887695312,,,
25300,0.1846388578414917,14.92291259765625,,,
25400,0.1953178346157074,14.539754867553711,,,
25500,0.11612783372402191,16.104122161865234,,,
25600,0.14171458780765533,15.281937599182129,,,
25700,0.11499699205160141,16.457012176513672,,,
25800,0.1599777638912201,15.480177879333496,,,
25900,0.1503753662109375,15.777833938598633,,,
26000,0.19565646350383759,14.615203857421875,,,
26100,0.0780012235045433,18.15935707092285,,,
26200,0.1322164237499237,15.774970054626465,,,
26300,0.13766416907310486,15.589914321899414,,,
26400,0.1262640357017517,16.81655502319336,,,
26500,0.1828894019126892,15.314538955688477,,,
26600,0.17221614718437195,14.701253890991211,,,
26700,0.11006675660610199,16.548057556152344,,,
26800,0.17993637919425964,14.932652473449707,,,
26900,0.12807215750217438,16.14202117919922,,,
27000,0.17331215739250183,15.343331336975098,,,
27100,0.1256144791841507,16.297447204589844,,,
27200,0.16362982988357544,14.917418479919434,,,
27300,0.123219333589077,16.058570861816406,,,
27400,0.11488877236843109,16.627422332763672,,,
27500,0.16067951917648315,15.302961349487305,,,
27600,0.14150601625442505,15.37601089477539,,,
27700,0.1895931214094162,13.873382568359375,,,
27800,0.12491272389888763,16.222747802734375,,,
27900,0.12419050931930542,15.825486183166504,,,
28000,0.14445631206035614,15.4888334274292,,,
28100,0.1557788848876953,16.756933212280273,,,
28200,0.13990305364131927,16.402692794799805,,,
28300,0.13209569454193115,16.057886123657227,,,
28400,0.16371211409568787,15.168670654296875,,,
28500,0.13590684533119202,15.356457710266113,,,
28600,0.13175460696220398,15.345197677612305,,,
28700,0.10399164259433746,16.67278480529785,,,
28800,0.20094674825668335,13.95779037475586,,,
28900,0.10654713958501816,16.704769134521484,,,
29000,0.2057691067457199,14.093650817871094,,,
29100,0.15629518032073975,15.358342170715332,,,
29200,0.13223320245742798,15.760078430175781,,,
29300,0.14424994587898254,15.32314682006836,,,
29400,0.1081952303647995,16.68498992919922,,,
29500,0.1519647091627121,16.102527618408203,,,
29600,0.09950076043605804,17.65117645263672,,,
29700,0.18750350177288055,15.066059112548828,,,
29800,0.07866565883159637,17.97188949584961,,,
29900,0.11652427166700363,16.318004608154297,,,
30000,0.14279833436012268,16.51525115966797,,,
30100,0.1091621071100235,16.59667205810547,,,
30200,0.08061866462230682,17.637744903564453,,,
30300,0.2275286167860031,14.25094985961914,,,
30400,0.10869455337524414,16.74742889404297,,,
30500,0.21025769412517548,13.347803115844727,,,
30600,0.11319747567176819,16.321142196655273,,,
30700,0.12059607356786728,17.089004516601562,,,
30800,0.15134313702583313,15.630353927612305,,,
30900,0.13720445334911346,15.884775161743164,,,
31000,0.16623306274414062,15.125494003295898,,,
31100,0.10323643684387207,16.603233337402344,,,
31200,0.14349877834320068,15.96708869934082,,,
31300,0.1321861445903778,15.619606971740723,,,
31400,0.14913150668144226,15.465058326721191,,,
31500,0.11377325654029846,17.11968994140625,,,
31600,0.11991672217845917,16.3654727935791,,,
31700,0.1568261682987213,14.719610214233398,,,
31800,0.13812705874443054,15.897296905517578,,,
31900,0.15679393708705902,14.49710750579834,,,
32000,0.18322059512138367,14.511422157287598,,,
32100,0.1272437423467636,16.794857025146484,,,
32200,0.1281796544790268,15.862959861755371,,,
32300,0.18073418736457825,14.524211883544922,,,
32400,0.1704264134168625,15.309263229370117,,,
32500,0.18304488062858582,14.89468002319336,,,
32600,0.19275924563407898,14.298006057739258,,,
32700,0.1492820382118225,16.6026554107666,,,
32800,0.14414706826210022,15.68452262878418,,,
32900,0.0961509644985199,17.61493682861328,,,
33000,0.18956783413887024,14.40920639038086,,,
33100,0.2281607836484909,14.070542335510254,,,
33200,0.12718108296394348,15.950310707092285,,,
33300,0.1528412401676178,15.66042709350586,,,
33400,0.11135029792785645,16.67901611328125,,,
33500,0.15179771184921265,15.405860900878906,,,
33600,0.14573483169078827,15.351263046264648,,,
33700,0.23460179567337036,13.523999214172363,,,
33800,0.19562415778636932,15.168989181518555,,,
33900,0.1883769929409027,15.448149681091309,,,
34000,0.1297662854194641,15.790987014770508,,,
34100,0.18061065673828125,14.45620059967041,,,
34200,0.12163924425840378,16.028377532958984,,,
34300,0.1103873997926712,16.496131896972656,,,
34400,0.1484048068523407,15.288613319396973,,,
34500,0.12298127263784409,16.475414276123047,,,
34600,0.12733815610408783,16.5422306060791,,,
34700,0.17784357070922852,14.875280380249023,,,
34800,0.18158233165740967,15.217716217041016,,,
34900,0.10351860523223877,16.968791961669922,,,
35000,0.13061335682868958,15.931303024291992,,,
35100,0.1506647765636444,16.100669860839844,,,
35200,0.15394654870033264,15.765433311462402,,,
35300,0.10882288217544556,16.488719940185547,,,
35400,0.13471059501171112,16.05167007446289,,,
35500,0.12475695461034775,16.504135131835938,,,
35600,0.163380429148674,15.622198104858398,,,
35700,0.20418605208396912,14.631643295288086,,,
35800,0.11604809761047363,16.56624984741211,,,
35900,0.1462482511997223,16.202287673950195,,,
36000,0.1584606170654297,14.703436851501465,,,
36100,0.1381148099899292,16.35263442993164,,,
36200,0.16171768307685852,14.99393367767334,,,
36300,0.10742603242397308,16.48084831237793,,,
36400,0.1229717954993248,16.619407653808594,,,
36500,0.14044305682182312,15.982852935791016,,,
36600,0.17588773369789124,14.567506790161133,,,
36700,0.12453687191009521,16.105945587158203,,,
36800,0.15348541736602783,15.22797966003418,,,
36900,0.12213169783353806,16.027524948120117,,,
37000,0.18242904543876648,14.554712295532227,,,
37100,0.11794575303792953,16.411670684814453,,,
37200,0.13646388053894043,15.375528335571289,,,
37300,0.11776085942983627,16.262466430664062,,,
37400,0.14163905382156372,16.054031372070312,,,
37500,0.12521399557590485,16.574981689453125,,,
37600,0.20989370346069336,14.010614395141602,,,
37700,0.12292575091123581,16.03600311279297,,,
37800,0.161723792552948,14.778428077697754,,,
37900,0.14242787659168243,16.16067123413086,,,
38000,0.15100091695785522,15.883163452148438,,,
38100,0.18024688959121704,15.356256484985352,,,
38200,0.13406376540660858,16.56612777709961,,,
38300,0.19312477111816406,15.14549446105957,,,
38400,0.1370973289012909,15.749722480773926,,,
38500,0.18079835176467896,14.8134183883667,,,
38600,0.18905946612358093,14.357854843139648,,,
38700,0.15089768171310425,15.763875961303711,,,
38800,0.12669304013252258,16.20366668701172,,,
38900,0.11251801252365112,16.212738037109375,,,
39000,0.13875959813594818,15.876601219177246,,,
39100,0.15322719514369965,14.878213882446289,,,
39200,0.10691244900226593,16.315092086791992,,,
39300,0.14570820331573486,15.702077865600586,,,
39400,0.19197770953178406,14.068634033203125,,,
39500,0.1413899064064026,15.4338960647583,,,
39600,0.12448778748512268,15.35989761352539,,,
39700,0.15529648959636688,15.315963745117188,,,
39800,0.11440090835094452,16.590173721313477,,,
39900,0.12090544402599335,15.62614631652832,,,
40000,0.2316598743200302,13.971675872802734,,,
40100,0.12867245078086853,15.942314147949219,,,
40200,0.22369806468486786,14.681943893432617,,,
40300,0.1357658952474594,16.470041275024414,,,
40400,0.1567929983139038,15.031160354614258,,,
40500,0.22165201604366302,14.681922912597656,,,
40600,0.16450074315071106,14.837986946105957,,,
40700,0.1353931725025177,15.531563758850098,,,
40800,0.11447813361883163,16.887069702148438,,,
40900,0.1127094030380249,16.720367431640625,,,
41000,0.13782328367233276,15.565881729125977,,,
41100,0.13771210610866547,15.881619453430176,,,
41200,0.0980086475610733,17.106796264648438,,,
41300,0.12302055209875107,16.22159194946289,,,
41400,0.12269695848226547,16.062904357910156,,,
41500,0.16043144464492798,15.165155410766602,,,
41600,0.18058578670024872,14.38044261932373,,,
41700,0.15588440001010895,15.89963150024414,,,
41800,0.16884079575538635,14.595970153808594,,,
41900,0.1997157633304596,15.06513786315918,,,
42000,0.1450546383857727,15.924091339111328,,,
42100,0.12839525938034058,16.045135498046875,,,
42200,0.15399105846881866,14.900354385375977,,,
42300,0.18786436319351196,14.905186653137207,,,
42400,0.13853763043880463,16.168704986572266,,,
42500,0.13785924017429352,15.711238861083984,,,
42600,0.1305864304304123,16.37824249267578,,,
42700,0.08416088670492172,17.53215789794922,,,
42800,0.17440223693847656,14.220195770263672,,,
42900,0.18023964762687683,15.056788444519043,,,
43000,0.1934511661529541,14.391258239746094,,,
43100,0.16286975145339966,15.943609237670898,,,
43200,0.16715797781944275,15.616483688354492,,,
43300,0.11814170330762863,16.102455139160156,,,
43400,0.10750794410705566,17.365201950073242,,,
43500,0.12035557627677917,16.27555274963379,,,
43600,0.13405585289001465,16.346323013305664,,,
43700,0.17217811942100525,15.290172576904297,,,
43800,0.10930858552455902,16.840831756591797,,,
43900,0.140239417552948,15.341913223266602,,,
44000,0.1009010374546051,17.14248275756836,,,
44100,0.14084739983081818,16.053485870361328,,,
44200,0.11451291292905807,16.54228973388672,,,
44300,0.18501198291778564,14.54777717590332,,,
44400,0.145283043384552,15.791498184204102,,,
44500,0.21049122512340546,14.035629272460938,,,
44600,0.13886897265911102,15.846789360046387,,,
44700,0.12244878709316254,16.614887237548828,,,
44800,0.11878232657909393,16.53944206237793,,,
44900,0.105101577937603,16.705368041992188,,,
45000,0.2078460156917572,14.500814437866211,,,
45100,0.14331337809562683,15.113018035888672,,,
45200,0.1626349240541458,14.899213790893555,,,
45300,0.16606521606445312,15.554383277893066,,,
45400,0.17652523517608643,14.248810768127441,,,
45500,0.13959507644176483,16.220104217529297,,,
45600,0.10831184685230255,17.517850875854492,,,
45700,0.13438084721565247,16.10975456237793,,,
45800,0.14932337403297424,15.528478622436523,,,
45900,0.140600323677063,15.467806816101074,,,
46000,0.13368338346481323,15.848711013793945,,,
46100,0.1407632976770401,15.800049781799316,,,
46200,0.16619378328323364,14.837381362915039,,,
46300,0.17056402564048767,14.92564582824707,,,
46400,0.16382670402526855,15.412310600280762,,,
46500,0.10172207653522491,17.038509368896484,,,
46600,0.19335465133190155,13.929374694824219,,,
46700,0.12402260303497314,16.293567657470703,,,
46800,0.1585768610239029,15.188003540039062,,,
46900,0.20636270940303802,14.028968811035156,,,
47000,0.17576250433921814,14.74496841430664,,,
47100,0.18101641535758972,14.21860408782959,,,
47200,0.12958082556724548,16.49140167236328,,,
47300,0.1843041628599167,14.556599617004395,,,
47400,0.167186439037323,16.03702163696289,,,
47500,0.17316631972789764,15.506214141845703,,,
47600,0.10430996119976044,16.34903335571289,,,
47700,0.15087121725082397,15.747066497802734,,,
47800,0.1569039225578308,15.18404483795166,,,
47900,0.13489998877048492,16.23239517211914,,,
48000,0.1382816880941391,15.693199157714844,,,
48100,0.15863783657550812,15.557686805725098,,,
48200,0.15319469571113586,16.12820816040039,,,
48300,0.12821561098098755,16.69333267211914,,,
48400,0.10765525698661804,16.802867889404297,,,
48500,0.160898357629776,15.710575103759766,,,
48600,0.1071740984916687,16.60633659362793,,,
48700,0.1443563550710678,16.321636199951172,,,
48800,0.1009242981672287,17.045825958251953,,,
48900,0.07991403341293335,17.684703826904297,,,
49000,0.14674270153045654,15.061822891235352,,,
49100,0.15216359496116638,16.374164581298828,,,
49200,0.15750977396965027,15.660622596740723,,,
49300,0.10948991775512695,16.27900505065918,,,
49400,0.09979890286922455,16.757701873779297,,,
49500,0.14315232634544373,17.012950897216797,,,
49600,0.1325397491455078,15.88298225402832,,,
49700,0.13321328163146973,15.962064743041992,,,
49800,0.17791849374771118,14.259513854980469,,,
49900,0.11911958456039429,16.178298950195312,,,
50000,0.1347106397151947,15.86302661895752,,,
50100,0.1578761786222458,14.993820190429688,,,
50200,0.15680965781211853,15.65871810913086,,,
50300,0.12482720613479614,16.196189880371094,,,
50400,0.16475439071655273,14.62779712677002,,,
50500,0.13307443261146545,15.930880546569824,,,
50600,0.14510184526443481,15.973918914794922,,,
50700,0.1147993952035904,16.462604522705078,,,
50800,0.20855647325515747,14.075275421142578,,,
50900,0.2272220104932785,15.855947494506836,,,
51000,0.12874653935432434,15.870820999145508,,,
51100,0.1443021297454834,15.64726734161377,,,
51200,0.11129309237003326,17.156005859375,,,
51300,0.1561603546142578,15.831676483154297,,,
51400,0.17280608415603638,15.153325080871582,,,
51500,0.14855319261550903,16.605533599853516,,,
51600,0.12010897696018219,16.639968872070312,,,
51700,0.1487681120634079,15.408924102783203,,,
51800,0.11898982524871826,16.47402572631836,,,
51900,0.13925129175186157,16.56744384765625,,,
52000,0.12413491308689117,16.047710418701172,,,
52100,0.14110052585601807,15.528830528259277,,,
52200,0.2163447141647339,14.845634460449219,,,
52300,0.1633114367723465,15.720623016357422,,,
52400,0.10951702296733856,17.015512466430664,,,
52500,0.17811796069145203,15.377752304077148,,,
52600,0.1513536423444748,14.892735481262207,,,
52700,0.12039868533611298,16.345352172851562,,,
52800,0.10287608951330185,16.71786880493164,,,
52900,0.21232211589813232,14.100505828857422,,,
53000,0.21081040799617767,14.96474552154541,,,
53100,0.13341958820819855,15.806400299072266,,,
53200,0.1447657197713852,15.518310546875,,,
53300,0.13002006709575653,15.981115341186523,,,
53400,0.10928168147802353,16.9145450592041,,,
53500,0.13443723320960999,16.19968032836914,,,
53600,0.1541673243045807,14.933207511901855,,,
53700,0.1996723711490631,14.586807250976562,,,
53800,0.12004169821739197,16.16427230834961,,,
53900,0.1284838765859604,15.877631187438965,,,
54000,0.1096145510673523,16.423826217651367,,,
54100,0.13894912600517273,16.313631057739258,,,
54200,0.12943841516971588,15.681365966796875,,,
54300,0.14126835763454437,15.612386703491211,,,
54400,0.13544303178787231,15.824392318725586,,,
54500,0.16015742719173431,15.67783260345459,,,
54600,0.09965171664953232,16.769760131835938,,,
54700,0.11596329510211945,16.974061965942383,,,
54800,0.13840949535369873,16.101093292236328,,,
54900,0.09710609912872314,17.23342514038086,,,
55000,0.1692797839641571,15.145771026611328,,,
55100,0.12304454296827316,16.39547348022461,,,
55200,0.14703533053398132,16.21045684814453,,,
55300,0.08679410070180893,17.98278045654297,,,
55400,0.08475731313228607,17.430288314819336,,,
55500,0.1080823466181755,17.375680923461914,,,
55600,0.16169825196266174,16.015281677246094,,,
55700,0.137548565864563,15.702461242675781,,,
55800,0.1590246856212616,16.28915786743164,,,
55900,0.14903822541236877,15.360578536987305,,,
56000,0.16420912742614746,15.467586517333984,,,
56100,0.1785391867160797,15.163125038146973,,,
56200,0.1036285012960434,16.91258430480957,,,
56300,0.1834717094898224,14.96360969543457,,,
56400,0.08553920686244965,17.309158325195312,,,
56500,0.15778076648712158,14.897027969360352,,,
56600,0.1255311667919159,16.696353912353516,,,
56700,0.19250445067882538,14.221566200256348,,,
56800,0.12398531287908554,16.17015838623047,,,
56900,0.13149864971637726,16.328773498535156,,,
57000,0.15440082550048828,16.274595260620117,,,
57100,0.1267709583044052,16.183746337890625,,,
57200,0.17383044958114624,15.160601615905762,,,
57300,0.12208062410354614,15.630786895751953,,,
57400,0.174345001578331,14.631904602050781,,,
57500,0.14225542545318604,16.089353561401367,,,
57600,0.1320035755634308,15.712043762207031,,,
57700,0.1627846658229828,15.735150337219238,,,
57800,0.19808648526668549,14.950639724731445,,,
57900,0.15324261784553528,15.626242637634277,,,
58000,0.11387255042791367,17.17997932434082,,,
58100,0.13089969754219055,15.45756721496582,,,
58200,0.17139774560928345,14.787360191345215,,,
58300,0.14672423899173737,15.80294418334961,,,
58400,0.10424590110778809,16.713151931762695,,,
58500,0.13605496287345886,16.242076873779297,,,
58600,0.10726368427276611,18.065174102783203,,,
58700,0.14594653248786926,15.942680358886719,,,
58800,0.1908995807170868,14.33127212524414,,,
58900,0.09778234362602234,17.04922866821289,,,
59000,0.1268228143453598,15.897302627563477,,,
59100,0.15693432092666626,15.05303955078125,,,
59200,0.14782659709453583,16.241031646728516,,,
59300,0.1345338523387909,16.537126541137695,,,
59400,0.12184548377990723,16.474063873291016,,,
59500,0.2052001804113388,14.16182804107666,,,
59600,0.13034015893936157,16.057231903076172,,,
59700,0.1530071347951889,15.324475288391113,,,
59800,0.11474110931158066,16.041284561157227,,,
59900,0.09928703308105469,16.639892578125,,,
60000,0.1139247715473175,17.053001403808594,,,
60100,0.14581695199012756,15.665023803710938,,,
60200,0.12781479954719543,16.304340362548828,,,
60300,0.12943977117538452,16.185260772705078,,,
60400,0.13718977570533752,16.03972625732422,,,
60500,0.18809090554714203,14.590446472167969,,,
60600,0.10973076522350311,16.354732513427734,,,
60700,0.12019477784633636,16.38327407836914,,,
60800,0.14848291873931885,14.706199645996094,,,
60900,0.2050170600414276,14.421749114990234,,,
61000,0.14949379861354828,15.384381294250488,,,
61100,0.1191009134054184,16.696216583251953,,,
61200,0.12699192762374878,16.98725128173828,,,
61300,0.13721755146980286,15.919593811035156,,,
61400,0.1720658540725708,15.118258476257324,,,
61500,0.23199674487113953,14.340019226074219,,,
61600,0.14644163846969604,15.751771926879883,,,
61700,0.1379539668560028,15.758773803710938,,,
61800,0.11898329854011536,17.045936584472656,,,
61900,0.14841249585151672,15.658950805664062,,,
62000,0.11408143490552902,16.430580139160156,,,
62100,0.14665229618549347,15.042485237121582,,,
62200,0.15880320966243744,15.323537826538086,,,
62300,0.12279528379440308,15.89852237701416,,,
62400,0.11771916598081589,16.626163482666016,,,
62500,0.18408772349357605,14.35597038269043,,,
62600,0.1647365391254425,15.094374656677246,,,
62700,0.13564693927764893,15.4598388671875,,,
62800,0.13776648044586182,16.296669006347656,,,
62900,0.09608431160449982,17.17389678955078,,,
63000,0.1191977858543396,16.23371696472168,,,
63100,0.12218388170003891,16.5424861907959,,,
63200,0.11073716729879379,17.240550994873047,,,
63300,0.15000252425670624,15.530411720275879,,,
63400,0.1375713348388672,15.472463607788086,,,
63500,0.1813555657863617,14.946832656860352,,,
63600,0.1485174298286438,15.664453506469727,,,
63700,0.136051207780838,16.22161865234375,,,
63800,0.12182804197072983,16.417184829711914,,,
63900,0.1680939644575119,15.086902618408203,,,
64000,0.1307390332221985,16.237031936645508,,,
64100,0.13932262361049652,16.278087615966797,,,
64200,0.15199385583400726,15.673284530639648,,,
64300,0.15838073194026947,15.408651351928711,,,
64400,0.15036289393901825,15.176246643066406,,,
64500,0.11694687604904175,16.713449478149414,,,
64600,0.16022460162639618,14.437704086303711,,,
64700,0.15875381231307983,15.207239151000977,,,
64800,0.1805378645658493,15.52766227722168,,,
64900,0.18702350556850433,14.707483291625977,,,
65000,0.16954362392425537,14.675241470336914,,,
65100,0.12171798199415207,15.784932136535645,,,
65200,0.14313174784183502,16.028356552124023,,,
65300,0.14972534775733948,15.299699783325195,,,
65400,0.1933494508266449,14.993885040283203,,,
65500,0.12231212109327316,16.052316665649414,,,
65600,0.09771609306335449,16.704587936401367,,,
65700,0.0936327800154686,17.312389373779297,,,
65800,0.1717066764831543,14.52991771697998,,,
65900,0.11378827691078186,16.0833740234375,,,
66000,0.1390148401260376,15.599874496459961,,,
66100,0.15121954679489136,15.19179916381836,,,
66200,0.16785483062267303,15.79788589477539,,,
66300,0.15193702280521393,16.225807189941406,,,
66400,0.14361804723739624,16.00074005126953,,,
66500,0.1116616353392601,17.24863052368164,,,
66600,0.1318756490945816,15.823831558227539,,,
66700,0.1684398055076599,16.12745475769043,,,
66800,0.12906378507614136,15.672664642333984,,,
66900,0.127346470952034,16.16638946533203,,,
67000,0.11959805339574814,16.507396697998047,,,
67100,0.1314323991537094,16.215892791748047,,,
67200,0.15238487720489502,15.185556411743164,,,
67300,0.1332148313522339,15.900822639465332,,,
67400,0.10258179157972336,18.14529037475586,,,
67500,0.15718704462051392,15.033650398254395,,,
67600,0.16213953495025635,14.999425888061523,,,
67700,0.1931849718093872,15.058485984802246,,,
67800,0.14936399459838867,16.00170135498047,,,
67900,0.11572462320327759,16.192913055419922,,,
68000,0.16424360871315002,15.611006736755371,,,
68100,0.17798468470573425,14.907524108886719,,,
68200,0.13857720792293549,16.356487274169922,,,
68300,0.11839010566473007,16.30687141418457,,,
68400,0.1482660472393036,15.114158630371094,,,
68500,0.15521398186683655,15.327006340026855,,,
68600,0.15599513053894043,15.236675262451172,,,
68700,0.1754869669675827,15.043375015258789,,,
68800,0.1507662683725357,15.552322387695312,,,
68900,0.14600403606891632,15.465139389038086,,,
69000,0.17917737364768982,14.2666015625,,,
69100,0.13062787055969238,15.338068008422852,,,
69200,0.11183549463748932,16.291580200195312,,,
69300,0.11354425549507141,16.521291732788086,,,
69400,0.1886359453201294,14.552713394165039,,,
69500,0.10865415632724762,17.152748107910156,,,
69600,0.11128468811511993,17.0781307220459,,,
69700,0.12310205399990082,15.939044952392578,,,
69800,0.16316629946231842,15.308720588684082,,,
69900,0.16490821540355682,14.97757339477539,,,
70000,0.11695665121078491,16.504474639892578,,,
70100,0.16263867914676666,14.915603637695312,,,
70200,0.1942671835422516,14.588485717773438,,,
70300,0.18746814131736755,14.540873527526855,,,
70400,0.22836367785930634,13.190376281738281,,,
70500,0.2251652181148529,14.900096893310547,,,
70600,0.10646764934062958,17.3223876953125,,,
70700,0.12091229856014252,16.598796844482422,,,
70800,0.1964019536972046,14.910964965820312,,,
70900,0.14078426361083984,15.716282844543457,,,
71000,0.14330163598060608,15.331937789916992,,,
71100,0.1982758492231369,14.77309799194336,,,
71200,0.14290162920951843,15.959906578063965,,,
71300,0.21877753734588623,14.251578330993652,,,
71400,0.13156533241271973,15.534077644348145,,,
71500,0.14590534567832947,15.407767295837402,,,
71600,0.20280897617340088,14.300477981567383,,,
71700,0.13916443288326263,16.034372329711914,,,
71800,0.15330351889133453,15.520282745361328,,,
71900,0.14692963659763336,15.954231262207031,,,
72000,0.18645863234996796,14.06761646270752,,,
72100,0.17030952870845795,14.62893295288086,,,
72200,0.14129352569580078,16.109874725341797,,,
72300,0.12551142275333405,16.073379516601562,,,
72400,0.09747008979320526,17.951265335083008,,,
72500,0.087480828166008,17.604206085205078,,,
72600,0.11167263984680176,16.610496520996094,,,
72700,0.1463753879070282,15.314163208007812,,,
72800,0.1214684396982193,16.30069351196289,,,
72900,0.12529665231704712,16.143566131591797,,,
73000,0.11786280572414398,16.5533447265625,,,
73100,0.2487521469593048,13.3955078125,,,
73200,0.1300046741962433,16.936004638671875,,,
73300,0.1380188912153244,15.581232070922852,,,
73400,0.13298702239990234,15.96966552734375,,,
73500,0.15122435986995697,15.009676933288574,,,
73600,0.158331960439682,15.225488662719727,,,
73700,0.09696219861507416,17.56809425354004,,,
73800,0.1291123628616333,16.323932647705078,,,
73900,0.11172521114349365,16.41077423095703,,,
74000,0.126698836684227,16.49988555908203,,,
74100,0.1067236065864563,16.743553161621094,,,
74200,0.08541226387023926,17.27191925048828,,,
74300,0.10638314485549927,16.743181228637695,,,
74400,0.11502254009246826,16.60526466369629,,,
74500,0.16501304507255554,15.794767379760742,,,
74600,0.11744424700737,17.16062355041504,,,
74700,0.11070767045021057,16.654869079589844,,,
74800,0.15439249575138092,15.230396270751953,,,
74900,0.14362648129463196,16.209930419921875,,,
75000,0.1142769306898117,16.431964874267578,,,
75100,0.10688751190900803,16.743913650512695,,,
75200,0.17697551846504211,14.884571075439453,,,
75300,0.1842423975467682,14.599781036376953,,,
75400,0.15124784409999847,14.895000457763672,,,
75500,0.13271299004554749,15.655898094177246,,,
75600,0.14211444556713104,15.763239860534668,,,
75700,0.16661998629570007,15.310258865356445,,,
75800,0.1350078284740448,16.190692901611328,,,
75900,0.1496371030807495,16.010225296020508,,,
76000,0.1405225396156311,15.904321670532227,,,
76100,0.1083688884973526,16.99750518798828,,,
76200,0.11370924115180969,16.70553970336914,,,
76300,0.12915843725204468,16.47272300720215,,,
76400,0.15680885314941406,15.521302223205566,,,
76500,0.128904789686203,16.816051483154297,,,
76600,0.1412310004234314,16.06839370727539,,,
76700,0.180315300822258,14.864112854003906,,,
76800,0.16962045431137085,16.361936569213867,,,
76900,0.1912490725517273,14.614078521728516,,,
77000,0.18728169798851013,14.10805606842041,,,
77100,0.15849116444587708,15.498960494995117,,,
77200,0.15449663996696472,15.527212142944336,,,
77300,0.11608169972896576,16.262413024902344,,,
77400,0.1135072335600853,16.54578399658203,,,
77500,0.09975293278694153,16.842424392700195,,,
77600,0.13017700612545013,16.263912200927734,,,
77700,0.11285397410392761,17.035898208618164,,,
77800,0.08665233850479126,17.902883529663086,,,
77900,0.1371402144432068,15.791486740112305,,,
78000,0.1419951617717743,15.61054801940918,,,
78100,0.13994567096233368,15.321036338806152,,,
78200,0.18942920863628387,14.486307144165039,,,
78300,0.2321430891752243,14.136192321777344,,,
78400,0.16837024688720703,14.77305793762207,,,
78500,0.11197564005851746,16.374908447265625,,,
78600,0.09232780337333679,17.72939109802246,,,
78700,0.18973354995250702,14.752157211303711,,,
78800,0.16951054334640503,14.878921508789062,,,
78900,0.1451803594827652,15.55321979522705,,,
79000,0.13601772487163544,15.756343841552734,,,
79100,0.08123722672462463,17.445884704589844,,,
79200,0.1807834357023239,16.154205322265625,,,
79300,0.11855268478393555,16.40178680419922,,,
79400,0.19876325130462646,14.108818054199219,,,
79500,0.13214997947216034,16.102155685424805,,,
79600,0.16293467581272125,15.453458786010742,,,
79700,0.24180930852890015,13.814813613891602,,,
79800,0.14703264832496643,15.642325401306152,,,
79900,0.12238630652427673,16.135231018066406,,,
80000,0.1452392041683197,15.68402099609375,,,
80100,0.13012035191059113,16.260087966918945,,,
80200,0.21725361049175262,15.078790664672852,,,
80300,0.1136845052242279,16.55944061279297,,,
80400,0.12578123807907104,17.00374984741211,,,
80500,0.17371885478496552,14.50718879699707,,,
80600,0.19393500685691833,14.35100269317627,,,
80700,0.15911567211151123,14.704484939575195,,,
80800,0.1746746003627777,14.95074462890625,,,
80900,0.11747758835554123,16.7945556640625,,,
81000,0.15732909739017487,14.815753936767578,,,
81100,0.09183482825756073,17.556377410888672,,,
81200,0.18859855830669403,15.213930130004883,,,
81300,0.1273854672908783,15.723560333251953,,,
81400,0.15490475296974182,14.77000904083252,,,
81500,0.17546236515045166,14.996593475341797,,,
81600,0.1304352581501007,15.530107498168945,,,
81700,0.1178058311343193,16.391342163085938,,,
81800,0.11318882554769516,16.463655471801758,,,
81900,0.15103688836097717,16.214862823486328,,,
82000,0.18739402294158936,14.246079444885254,,,
82100,0.14895403385162354,15.690986633300781,,,
82200,0.17535921931266785,14.70154094696045,,,
82300,0.16190336644649506,15.880388259887695,,,
82400,0.13050580024719238,16.749818801879883,,,
82500,0.12258444726467133,16.633975982666016,,,
82600,0.11146120727062225,16.95697784423828,,,
82700,0.15523689985275269,14.515512466430664,,,
82800,0.13027000427246094,15.65216064453125,,,
82900,0.17808079719543457,14.65333366394043,,,
83000,0.09236204624176025,17.41217803955078,,,
83100,0.12117385864257812,16.80848503112793,,,
83200,0.10840191692113876,16.66412353515625,,,
83300,0.13346001505851746,15.739696502685547,,,
83400,0.12933902442455292,15.618640899658203,,,
83500,0.16828832030296326,15.33285140991211,,,
83600,0.1206432580947876,16.390138626098633,,,
83700,0.11347021162509918,17.324913024902344,,,
83800,0.11725778877735138,17.361345291137695,,,
83900,0.15862396359443665,15.524188041687012,,,
84000,0.11922469735145569,16.19373321533203,,,
84100,0.17127370834350586,15.009027481079102,,,
84200,0.0933767706155777,17.569801330566406,,,
84300,0.15402556955814362,15.078142166137695,,,
84400,0.13981527090072632,15.333754539489746,,,
84500,0.12177427113056183,16.428050994873047,,,
84600,0.1318334937095642,16.00479507446289,,,
84700,0.14541272819042206,15.257198333740234,,,
84800,0.16919170320034027,14.942258834838867,,,
84900,0.15716561675071716,16.117101669311523,,,
85000,0.11968406289815903,15.740777015686035,,,
85100,0.12900622189044952,15.935212135314941,,,
85200,0.17282241582870483,14.538248062133789,,,
85300,0.1738835573196411,14.72201156616211,,,
85400,0.13097931444644928,16.5494441986084,,,
85500,0.15947778522968292,15.198974609375,,,
85600,0.13092993199825287,15.839642524719238,,,
85700,0.143263041973114,16.386215209960938,,,
85800,0.11785857379436493,16.417327880859375,,,
85900,0.11297319829463959,16.90876579284668,,,
86000,0.1482890248298645,15.18148422241211,,,
86100,0.08167482912540436,18.093101501464844,,,
86200,0.1617346554994583,14.689897537231445,,,
86300,0.21785074472427368,13.851099014282227,,,
86400,0.10194563865661621,16.8532772064209,,,
86500,0.11665190756320953,16.25347328186035,,,
86600,0.1756807565689087,15.119278907775879,,,
86700,0.1392553746700287,16.45284652709961,,,
86800,0.15285125374794006,14.727256774902344,,,
86900,0.17410025000572205,15.235733985900879,,,
87000,0.09286993741989136,16.96306800842285,,,
87100,0.126996248960495,15.93332290649414,,,
87200,0.13169316947460175,15.699394226074219,,,
87300,0.144833505153656,15.755818367004395,,,
87400,0.12308704853057861,16.31623649597168,,,
87500,0.1672888696193695,15.11003303527832,,,
87600,0.12008024752140045,16.13803482055664,,,
87700,0.1614571064710617,15.788620948791504,,,
87800,0.16478575766086578,14.802034378051758,,,
87900,0.1148068904876709,16.415342330932617,,,
88000,0.10385923087596893,17.18523406982422,,,
88100,0.1266738772392273,16.105087280273438,,,
88200,0.17775198817253113,14.55549430847168,,,
88300,0.10329465568065643,17.208736419677734,,,
88400,0.12442773580551147,15.963897705078125,,,
88500,0.11405958980321884,16.210529327392578,,,
88600,0.13525614142417908,15.954863548278809,,,
88700,0.1637929081916809,15.974607467651367,,,
88800,0.11561575531959534,16.748815536499023,,,
88900,0.11430472135543823,16.789148330688477,,,
89000,0.1564856916666031,15.241754531860352,,,
89100,0.16099151968955994,15.077930450439453,,,
89200,0.19264236092567444,13.893715858459473,,,
89300,0.15367689728736877,14.91731071472168,,,
89400,0.1226777657866478,15.677979469299316,,,
89500,0.13928824663162231,15.572466850280762,,,
89600,0.0990075096487999,16.887954711914062,,,
89700,0.12673205137252808,16.24662208557129,,,
89800,0.14886975288391113,15.576336860656738,,,
89900,0.13810305297374725,15.553398132324219,,,
90000,0.1572503298521042,15.51563835144043,,,
90100,0.10979992151260376,16.435379028320312,,,
90200,0.20443680882453918,15.332807540893555,,,
90300,0.17442414164543152,14.912971496582031,,,
90400,0.11436012387275696,16.534276962280273,,,
90500,0.1433659791946411,15.498927116394043,,,
90600,0.18751251697540283,14.903852462768555,,,
90700,0.13976137340068817,15.854851722717285,,,
90800,0.14516955614089966,15.897701263427734,,,
90900,0.16133758425712585,15.369097709655762,,,
91000,0.11388974636793137,16.421079635620117,,,
91100,0.12404876202344894,15.975433349609375,,,
91200,0.12508147954940796,15.692774772644043,,,
91300,0.12598125636577606,16.240245819091797,,,
91400,0.12305670231580734,16.69472885131836,,,
91500,0.16374897956848145,15.212749481201172,,,
91600,0.17267537117004395,14.569387435913086,,,
91700,0.2304898500442505,13.739448547363281,,,
91800,0.13592982292175293,16.386470794677734,,,
91900,0.11731713265180588,16.294519424438477,,,
92000,0.14464816451072693,16.62173843383789,,,
92100,0.13810041546821594,15.909075736999512,,,
92200,0.10518330335617065,16.84494400024414,,,
92300,0.14050081372261047,15.4865083694458,,,
92400,0.18230924010276794,15.345070838928223,,,
92500,0.21235398948192596,13.617420196533203,,,
92600,0.11808817088603973,16.553184509277344,,,
92700,0.10584144294261932,16.625591278076172,,,
92800,0.14351226389408112,16.605953216552734,,,
92900,0.11834937334060669,16.503009796142578,,,
93000,0.15822109580039978,15.195966720581055,,,
93100,0.21643605828285217,13.44015121459961,,,
93200,0.22057867050170898,13.727518081665039,,,
93300,0.09613736718893051,16.95996856689453,,,
93400,0.19182322919368744,14.58880615234375,,,
93500,0.160080686211586,15.730920791625977,,,
93600,0.183819979429245,14.835153579711914,,,
93700,0.11781366169452667,16.124725341796875,,,
93800,0.09307478368282318,17.679725646972656,,,
93900,0.09725853055715561,16.99823760986328,,,
94000,0.13712474703788757,16.557785034179688,,,
94100,0.13823261857032776,15.592933654785156,,,
94200,0.1686493158340454,15.560293197631836,,,
94300,0.14337418973445892,15.31198501586914,,,
94400,0.16658851504325867,15.280012130737305,,,
94500,0.14869485795497894,15.388334274291992,,,
94600,0.09426112473011017,16.936752319335938,,,
94700,0.1228490024805069,16.346525192260742,,,
94800,0.15970370173454285,15.338258743286133,,,
94900,0.16146491467952728,14.91712760925293,,,
95000,0.20714358985424042,13.844034194946289,,,
95100,0.20717810094356537,14.063560485839844,,,
95200,0.13871586322784424,16.068706512451172,,,
95300,0.07627131044864655,17.686805725097656,,,
95400,0.11862670630216599,16.55954933166504,,,
95500,0.1051785796880722,16.865598678588867,,,
95600,0.16310855746269226,14.65582275390625,,,
95700,0.14539717137813568,15.91030502319336,,,
95800,0.17703251540660858,15.770927429199219,,,
95900,0.19300350546836853,14.63736343383789,,,
96000,0.16412603855133057,15.139474868774414,,,
96100,0.12309166043996811,16.350034713745117,,,
96200,0.1605171263217926,16.181610107421875,,,
96300,0.13295911252498627,16.258991241455078,,,
96400,0.1670694351196289,15.801055908203125,,,
96500,0.15726080536842346,14.990894317626953,,,
96600,0.11711965501308441,16.190004348754883,,,
96700,0.15843692421913147,15.383899688720703,,,
96800,0.08508303016424179,17.689773559570312,,,
96900,0.11000971496105194,17.50235939025879,,,
97000,0.10188423842191696,16.393611907958984,,,
97100,0.1327318400144577,15.549169540405273,,,
97200,0.10161072015762329,16.62981414794922,,,
97300,0.154500812292099,16.791425704956055,,,
97400,0.2049192190170288,15.356548309326172,,,
97500,0.10081595182418823,16.984840393066406,,,
97600,0.12836214900016785,15.871458053588867,,,
97700,0.17978942394256592,15.441511154174805,,,
97800,0.1268904060125351,16.337987899780273,,,
97900,0.12490646541118622,16.62753677368164,,,
98000,0.12199541181325912,16.607406616210938,,,
98100,0.11340965330600739,16.857439041137695,,,
98200,0.16643452644348145,14.683250427246094,,,
98300,0.15068835020065308,15.265819549560547,,,
98400,0.11863991618156433,16.27220916748047,,,
98500,0.24309414625167847,13.948102951049805,,,
98600,0.13890203833580017,16.52435302734375,,,
98700,0.17077121138572693,14.979371070861816,,,
98800,0.14370393753051758,15.917573928833008,,,
98900,0.1272638440132141,15.78315544128418,,,
99000,0.13897517323493958,16.205106735229492,,,
99100,0.16262023150920868,15.730224609375,,,
99200,0.14121893048286438,15.942255020141602,,,
99300,0.10253342986106873,16.69518280029297,,,
99400,0.08267882466316223,17.841583251953125,,,
99500,0.18267998099327087,14.851959228515625,,,
99600,0.13432401418685913,15.761826515197754,,,
99700,0.12387232482433319,17.086219787597656,,,
99800,0.12146136164665222,16.84032440185547,,,
99900,0.13216014206409454,15.85641098022461,,,
