step,train/domain,train/loss,train/psnr,val/avg_psnr,val/imagenet-blur_psnr,val/imagenet-blur_ssim,val/imagenet-noise_psnr,val/imagenet-noise_ssim,val/imagenet-weather_psnr,val/imagenet-weather_ssim
0,23.0,0.49957796931266785,10.99917984008789,14.497448921203613,13.986283302307129,0.34984275698661804,14.775249481201172,0.4433290660381317,14.730814933776855,0.4261472821235657
1,,,,15.157569885253906,16.311065673828125,0.4101807475090027,18.03377342224121,0.5423251390457153,11.127870559692383,0.41505172848701477
2,,,,15.185690879821777,15.8269624710083,0.4040238857269287,17.313444137573242,0.5373910069465637,12.416667938232422,0.45979341864585876
3,,,,15.542020797729492,16.34998321533203,0.4185330867767334,18.16667366027832,0.5668113827705383,12.109407424926758,0.46745362877845764
4,,,,14.897955894470215,15.026508331298828,0.38509824872016907,16.21558380126953,0.524156928062439,13.451774597167969,0.4948045611381531
5,,,,14.995330810546875,15.061635971069336,0.39867937564849854,16.459001541137695,0.5527523159980774,13.465353965759277,0.4941360652446747
6,,,,15.926843643188477,16.278566360473633,0.42298948764801025,18.07167625427246,0.5935202836990356,13.430289268493652,0.5264002680778503
7,,,,16.172456741333008,16.94928741455078,0.43509507179260254,19.24424171447754,0.61441570520401,12.32384204864502,0.5043802261352539
8,,,,16.058256149291992,16.495445251464844,0.43064770102500916,18.833600997924805,0.6111258864402771,12.845720291137695,0.5129512548446655
9,,,,15.969345092773438,16.664749145507812,0.4348652958869934,18.780982971191406,0.6190968155860901,12.46230411529541,0.5162421464920044
10,,,,15.87614917755127,16.522809982299805,0.42849162220954895,18.425289154052734,0.6061264872550964,12.68034839630127,0.5210239291191101
11,,,,16.061126708984375,16.659719467163086,0.43463748693466187,19.013683319091797,0.622088611125946,12.50997543334961,0.5282357931137085
12,,,,16.079439163208008,16.66929054260254,0.4403734505176544,19.271120071411133,0.6397812962532043,12.297905921936035,0.5220230221748352
13,,,,15.91362190246582,16.759065628051758,0.44047603011131287,18.924869537353516,0.640373706817627,12.056931495666504,0.5201470255851746
14,,,,16.289356231689453,16.683631896972656,0.4391247034072876,19.242258071899414,0.639039933681488,12.942178726196289,0.5385439395904541
15,,,,16.231069564819336,16.181293487548828,0.4286147654056549,18.885711669921875,0.6322507262229919,13.626203536987305,0.5579285025596619
16,,,,16.06475830078125,16.566669464111328,0.4379782974720001,18.897611618041992,0.6391317844390869,12.72999382019043,0.5369067788124084
17,,,,16.086393356323242,16.261613845825195,0.43088623881340027,18.54555892944336,0.6223177313804626,13.452007293701172,0.5507655143737793
18,,,,16.253908157348633,16.959095001220703,0.4480343461036682,19.28085708618164,0.6505797505378723,12.521771430969238,0.5288036465644836
19,,,,16.62975311279297,17.046859741210938,0.45061805844306946,19.751380920410156,0.6583812832832336,13.09101676940918,0.5557575821876526
20,,,,15.540886878967285,15.554753303527832,0.41527658700942993,17.298572540283203,0.6009712219238281,13.769335746765137,0.5636168718338013
21,,,,16.493595123291016,16.73731231689453,0.45045217871665955,19.245529174804688,0.6613147258758545,13.497943878173828,0.5737624168395996
22,,,,16.129180908203125,16.305984497070312,0.43878990411758423,18.34206199645996,0.6346360445022583,13.739497184753418,0.5698246359825134
23,,,,16.431947708129883,17.354101181030273,0.45826515555381775,20.501251220703125,0.6776723861694336,11.440489768981934,0.5173131823539734
24,,,,16.148244857788086,16.831554412841797,0.4459596574306488,19.46195411682129,0.6625126600265503,12.151225090026855,0.5401970148086548
25,,,,16.202232360839844,16.665430068969727,0.43849092721939087,19.310461044311523,0.6485876441001892,12.630805969238281,0.5439090728759766
26,,,,15.86612606048584,15.843783378601074,0.42697885632514954,17.812463760375977,0.6210891008377075,13.942131042480469,0.5781126022338867
27,,,,15.83514404296875,15.388504028320312,0.4204396903514862,17.074905395507812,0.6155092716217041,15.042023658752441,0.5907852649688721
28,,,,16.231433868408203,16.829605102539062,0.44876474142074585,19.046527862548828,0.652379035949707,12.818168640136719,0.548412561416626
29,,,,16.406673431396484,16.992414474487305,0.45454883575439453,19.35066795349121,0.6599835753440857,12.876938819885254,0.5544920563697815
30,,,,16.561450958251953,16.951358795166016,0.4540625810623169,19.607765197753906,0.659315824508667,13.125228881835938,0.5675904154777527
31,,,,15.063014030456543,14.761405944824219,0.40402930974960327,15.825511932373047,0.5798097252845764,14.60212516784668,0.5880300998687744
32,,,,16.043960571289062,15.769761085510254,0.43483319878578186,17.22818946838379,0.6210677623748779,15.133932113647461,0.6005460023880005
33,,,,16.062456130981445,16.515459060668945,0.4408034384250641,19.03170394897461,0.653084397315979,12.640203475952148,0.5536432266235352
34,,,,16.20242691040039,16.201068878173828,0.44245457649230957,18.13142967224121,0.6402423977851868,14.2747802734375,0.5977267622947693
35,,,,16.757417678833008,16.860870361328125,0.45882129669189453,19.336984634399414,0.6705032587051392,14.07440185546875,0.602608859539032
36,,,,16.174890518188477,16.257307052612305,0.44002023339271545,18.191091537475586,0.638623058795929,14.076273918151855,0.5922209024429321
37,,,,15.744991302490234,15.599676132202148,0.42376241087913513,17.805479049682617,0.6244468092918396,13.829818725585938,0.5894787311553955
38,,,,16.601863861083984,17.342153549194336,0.46443942189216614,20.312515258789062,0.6743175983428955,12.150924682617188,0.5351470708847046
39,,,,16.528663635253906,16.685684204101562,0.4610682427883148,19.27126121520996,0.6732720136642456,13.629045486450195,0.592064380645752
40,,,,16.611555099487305,16.933198928833008,0.45949453115463257,19.25267219543457,0.6688042879104614,13.64879322052002,0.5852647423744202
41,,,,16.24195671081543,16.098487854003906,0.4460934102535248,18.119842529296875,0.6490813493728638,14.507537841796875,0.6052372455596924
42,,,,16.236177444458008,16.126235961914062,0.4450850486755371,18.048141479492188,0.6454004049301147,14.534156799316406,0.5982282757759094
43,,,,16.563644409179688,16.817279815673828,0.4624656140804291,19.331539154052734,0.6759137511253357,13.542110443115234,0.5974609851837158
44,,,,16.246780395507812,16.141559600830078,0.44700565934181213,17.98231315612793,0.639616847038269,14.616470336914062,0.6087963581085205
45,,,,16.621618270874023,16.759977340698242,0.46370697021484375,19.031967163085938,0.6694750189781189,14.072907447814941,0.6031329035758972
46,,,,16.292495727539062,15.960046768188477,0.44410496950149536,18.03894805908203,0.6515632271766663,14.878494262695312,0.6193522214889526
47,,,,16.286588668823242,16.360950469970703,0.4527074098587036,18.55607032775879,0.6622479557991028,13.942744255065918,0.5963383913040161
48,,,,16.63479232788086,16.756912231445312,0.45949164032936096,19.3680477142334,0.6718277931213379,13.779419898986816,0.5810424089431763
49,,,,16.06819725036621,15.789278030395508,0.4352074861526489,17.751440048217773,0.6360622644424438,14.663874626159668,0.6024174094200134
50,,,,16.390697479248047,16.453824996948242,0.46165895462036133,18.39797592163086,0.6551543474197388,14.320290565490723,0.6156186461448669
51,,,,16.802227020263672,16.791563034057617,0.46633538603782654,19.701892852783203,0.6830098032951355,13.913223266601562,0.6066588759422302
52,,,,16.613134384155273,17.063756942749023,0.47491177916526794,19.555038452148438,0.681834876537323,13.220605850219727,0.584180474281311
53,,,,16.37885284423828,16.30567169189453,0.4561992883682251,18.256572723388672,0.6540195345878601,14.574315071105957,0.628257155418396
54,,,,16.82564353942871,17.032445907592773,0.4726218283176422,19.744789123535156,0.6855783462524414,13.699695587158203,0.5988107323646545
55,,,,16.845251083374023,17.145845413208008,0.4714938998222351,19.844507217407227,0.6845118403434753,13.54539680480957,0.5876733064651489
56,,,,16.502607345581055,17.06746482849121,0.46853122115135193,19.514720916748047,0.6736194491386414,12.925634384155273,0.5707840323448181
57,,,,16.364227294921875,16.398134231567383,0.4585530161857605,18.674619674682617,0.6644306182861328,14.019927024841309,0.5980215668678284
58,,,,17.110544204711914,17.677888870239258,0.48765334486961365,20.654516220092773,0.6972421407699585,12.999224662780762,0.5799522995948792
59,,,,16.082517623901367,16.03274154663086,0.4449695944786072,17.525785446166992,0.6284263134002686,14.6890287399292,0.6126530170440674
60,,,,16.50372314453125,16.661516189575195,0.4660820960998535,18.830299377441406,0.6702355742454529,14.019351959228516,0.6034271717071533
61,,,,16.05055046081543,15.473160743713379,0.4388694167137146,16.95561408996582,0.6264249086380005,15.722877502441406,0.638149082660675
62,,,,16.9309139251709,17.39088249206543,0.47723057866096497,20.231225967407227,0.6922690868377686,13.170631408691406,0.5771355628967285
63,,,,17.033382415771484,17.19013786315918,0.47727036476135254,19.959253311157227,0.6912559866905212,13.950757026672363,0.6002026796340942
64,,,,16.271888732910156,15.997298240661621,0.4453471899032593,17.826026916503906,0.6401538252830505,14.99234390258789,0.6183061003684998
65,,,,16.48807144165039,16.31602668762207,0.45995914936065674,18.2977352142334,0.6542635560035706,14.85045337677002,0.6321837902069092
66,,,,17.09071922302246,17.45337677001953,0.4816431701183319,20.74641227722168,0.7017310261726379,13.072367668151855,0.5882653594017029
67,,,,17.00464630126953,17.12481117248535,0.4749673306941986,20.159692764282227,0.6916888952255249,13.729433059692383,0.5947346687316895
68,,,,16.92583656311035,17.360754013061523,0.479846715927124,20.32843017578125,0.6932036876678467,13.088323593139648,0.5858378410339355
69,,,,17.13047981262207,17.437955856323242,0.48293882608413696,20.408252716064453,0.6962387561798096,13.545233726501465,0.5880300402641296
70,,,,16.431428909301758,16.185781478881836,0.4558839797973633,18.129833221435547,0.6514564156532288,14.978671073913574,0.6270862221717834
71,,,,16.968305587768555,17.28099822998047,0.47877416014671326,20.206241607666016,0.6926193237304688,13.417675971984863,0.592728853225708
72,,,,16.3652400970459,15.877044677734375,0.45115211606025696,17.934131622314453,0.6493619680404663,15.28454303741455,0.6350088119506836
73,,,,16.84050941467285,16.72953987121582,0.4719865918159485,19.149057388305664,0.6768889427185059,14.642932891845703,0.6208317875862122
74,,,,16.98293685913086,17.23383140563965,0.4804495871067047,20.04884910583496,0.6944364309310913,13.666130065917969,0.6023654937744141
75,,,,17.145381927490234,17.288814544677734,0.48115605115890503,20.024621963500977,0.691363513469696,14.122710227966309,0.6066358089447021
76,,,,16.936479568481445,17.241626739501953,0.48283645510673523,19.683807373046875,0.6844691038131714,13.884004592895508,0.6096275448799133
77,,,,16.73737335205078,16.87129020690918,0.4736938774585724,19.311180114746094,0.6771928071975708,14.02964973449707,0.6081823110580444
78,,,,17.15631675720215,17.3697452545166,0.48633864521980286,20.269060134887695,0.6970968246459961,13.830143928527832,0.6059610843658447
79,,,,16.950298309326172,17.05743980407715,0.47706669569015503,19.905195236206055,0.6899737119674683,13.88825798034668,0.6118924021720886
80,,,,17.242259979248047,17.561399459838867,0.488862007856369,20.70529556274414,0.7056523561477661,13.460084915161133,0.6012248396873474
81,,,,16.939390182495117,17.59638214111328,0.48979511857032776,20.821414947509766,0.7077706456184387,12.400373458862305,0.5780847072601318
82,,,,16.841646194458008,16.698497772216797,0.46604400873184204,18.97634506225586,0.669562041759491,14.85009479522705,0.6185152530670166
83,,,,17.068408966064453,17.289134979248047,0.4792162775993347,20.217483520507812,0.6954052448272705,13.698607444763184,0.5983045697212219
84,,,,16.954307556152344,17.274255752563477,0.4837093949317932,20.2308406829834,0.6957421898841858,13.35782527923584,0.6015996336936951
85,,,,17.111276626586914,17.220788955688477,0.4872882068157196,20.137746810913086,0.6969823241233826,13.975292205810547,0.6187904477119446
86,,,,17.175621032714844,17.7615966796875,0.4972529709339142,21.031484603881836,0.7120773792266846,12.733784675598145,0.5904364585876465
87,,,,17.047048568725586,17.173532485961914,0.4781458377838135,19.83197784423828,0.6856138110160828,14.135638236999512,0.6036671996116638
88,,,,16.56821632385254,16.12282371520996,0.4576067626476288,17.916305541992188,0.6493181586265564,15.66551685333252,0.6443394422531128
89,,,,16.816986083984375,16.69397735595703,0.4714197814464569,18.9440860748291,0.6721585392951965,14.812896728515625,0.6264355778694153
90,,,,17.05677032470703,17.09127426147461,0.48080411553382874,19.687162399291992,0.6869468092918396,14.391873359680176,0.6172754764556885
91,,,,17.10495376586914,17.323638916015625,0.4902816712856293,20.11223793029785,0.6961119771003723,13.878983497619629,0.6179357767105103
92,,,,17.118968963623047,17.652368545532227,0.49184054136276245,20.884538650512695,0.7076374292373657,12.820002555847168,0.5856826305389404
93,,,,17.13284683227539,17.24522590637207,0.4829707741737366,19.984521865844727,0.6913102865219116,14.168789863586426,0.6101604700088501
94,,,,16.975475311279297,16.985197067260742,0.4809466600418091,19.581544876098633,0.6846923828125,14.359682083129883,0.625599205493927
95,,,,16.87676429748535,16.78635597229004,0.47684231400489807,19.216808319091797,0.6771417260169983,14.627126693725586,0.6317270398139954
96,,,,17.1795597076416,17.603713989257812,0.492404043674469,20.7268123626709,0.7056296467781067,13.208149909973145,0.5960060358047485
97,,,,17.041080474853516,17.068578720092773,0.4814762473106384,19.648906707763672,0.6862749457359314,14.405756950378418,0.6213535666465759
98,,,,17.127214431762695,17.271713256835938,0.4839614927768707,20.01424789428711,0.6917433142662048,14.095681190490723,0.610272228717804
99,,,,16.26193618774414,15.35346794128418,0.4354519248008728,16.861080169677734,0.6199760437011719,16.571260452270508,0.6569600105285645
100,27.0,0.35706627368927,13.699981689453125,,,,,,,
200,23.0,0.35345879197120667,13.274336814880371,,,,,,,
300,23.0,0.31811806559562683,14.267816543579102,,,,,,,
400,27.0,0.29457974433898926,15.109301567077637,,,,,,,
500,27.0,0.28233250975608826,15.410438537597656,,,,,,,
600,27.0,0.29061082005500793,14.850190162658691,,,,,,,
700,23.0,0.285247802734375,15.472309112548828,,,,,,,
800,23.0,0.3331666588783264,14.004444122314453,,,,,,,
900,35.0,0.2714230418205261,15.537960052490234,,,,,,,
1000,35.0,0.3318445086479187,13.888590812683105,,,,,,,
1100,27.0,0.29500868916511536,15.3424072265625,,,,,,,
1200,23.0,0.36045584082603455,13.41302490234375,,,,,,,
1300,35.0,0.2730252742767334,15.439653396606445,,,,,,,
1400,27.0,0.25324171781539917,16.232086181640625,,,,,,,
1500,35.0,0.34696075320243835,13.491113662719727,,,,,,,
1600,27.0,0.26296886801719666,15.914590835571289,,,,,,,
1700,27.0,0.28120625019073486,15.941720008850098,,,,,,,
1800,27.0,0.28156206011772156,16.013811111450195,,,,,,,
1900,23.0,0.27245083451271057,15.828180313110352,,,,,,,
2000,35.0,0.2904605269432068,14.992042541503906,,,,,,,
2100,23.0,0.3283408582210541,14.187129974365234,,,,,,,
2200,27.0,0.2565602660179138,16.321163177490234,,,,,,,
2300,27.0,0.33345311880111694,13.898663520812988,,,,,,,
2400,23.0,0.2956354320049286,15.334959983825684,,,,,,,
2500,35.0,0.22402048110961914,16.872150421142578,,,,,,,
2600,35.0,0.295322984457016,14.91386604309082,,,,,,,
2700,23.0,0.27927646040916443,15.520326614379883,,,,,,,
2800,27.0,0.2557213604450226,16.023157119750977,,,,,,,
2900,23.0,0.3402494490146637,14.275577545166016,,,,,,,
3000,23.0,0.3317374885082245,14.594795227050781,,,,,,,
3100,23.0,0.29348793625831604,15.109615325927734,,,,,,,
3200,23.0,0.31965339183807373,14.615407943725586,,,,,,,
3300,23.0,0.32960814237594604,14.132430076599121,,,,,,,
3400,23.0,0.3036870062351227,14.91836166381836,,,,,,,
3500,27.0,0.28412672877311707,16.325992584228516,,,,,,,
3600,27.0,0.302581250667572,14.719036102294922,,,,,,,
3700,23.0,0.28936004638671875,15.270967483520508,,,,,,,
3800,23.0,0.3371983766555786,14.074850082397461,,,,,,,
3900,23.0,0.33450374007225037,14.181380271911621,,,,,,,
4000,27.0,0.23368586599826813,16.887775421142578,,,,,,,
4100,35.0,0.2573852241039276,15.838266372680664,,,,,,,
4200,35.0,0.28189682960510254,15.210838317871094,,,,,,,
4300,35.0,0.2658438980579376,15.392643928527832,,,,,,,
4400,35.0,0.31925761699676514,14.321416854858398,,,,,,,
4500,35.0,0.26415130496025085,15.623737335205078,,,,,,,
4600,27.0,0.2264547348022461,17.325878143310547,,,,,,,
4700,23.0,0.3286210298538208,14.133045196533203,,,,,,,
4800,23.0,0.35319259762763977,13.709396362304688,,,,,,,
4900,35.0,0.28906354308128357,14.819198608398438,,,,,,,
5000,27.0,0.2512235939502716,16.305904388427734,,,,,,,
5100,35.0,0.3255210518836975,13.811002731323242,,,,,,,
5200,27.0,0.2301933765411377,17.875316619873047,,,,,,,
5300,23.0,0.26565882563591003,15.77417278289795,,,,,,,
5400,27.0,0.24431589245796204,16.713205337524414,,,,,,,
5500,27.0,0.25720587372779846,15.854165077209473,,,,,,,
5600,35.0,0.26953497529029846,15.55583381652832,,,,,,,
5700,27.0,0.34304332733154297,14.449621200561523,,,,,,,
5800,23.0,0.330600380897522,13.944314956665039,,,,,,,
5900,23.0,0.3027690649032593,14.70600414276123,,,,,,,
6000,23.0,0.321525901556015,14.494125366210938,,,,,,,
6100,35.0,0.28111374378204346,15.256641387939453,,,,,,,
6200,35.0,0.258736252784729,16.148326873779297,,,,,,,
6300,35.0,0.3344308137893677,13.706897735595703,,,,,,,
6400,35.0,0.2809884548187256,15.276397705078125,,,,,,,
6500,27.0,0.23022104799747467,16.922786712646484,,,,,,,
6600,27.0,0.27054473757743835,15.77020263671875,,,,,,,
6700,27.0,0.24273928999900818,16.492938995361328,,,,,,,
6800,23.0,0.2940029501914978,15.269058227539062,,,,,,,
6900,35.0,0.28242096304893494,15.113466262817383,,,,,,,
7000,27.0,0.22349317371845245,17.59471893310547,,,,,,,
7100,27.0,0.25780925154685974,16.006000518798828,,,,,,,
7200,35.0,0.24234172701835632,16.234294891357422,,,,,,,
7300,27.0,0.28571540117263794,15.961182594299316,,,,,,,
7400,35.0,0.22921955585479736,16.40680503845215,,,,,,,
7500,35.0,0.2674024701118469,15.741354942321777,,,,,,,
7600,23.0,0.32120200991630554,14.069019317626953,,,,,,,
7700,27.0,0.3527885973453522,14.051397323608398,,,,,,,
7800,23.0,0.28124725818634033,15.323824882507324,,,,,,,
7900,35.0,0.2826213240623474,15.667325973510742,,,,,,,
8000,27.0,0.22370849549770355,17.344640731811523,,,,,,,
8100,27.0,0.21306867897510529,17.877849578857422,,,,,,,
8200,27.0,0.23691445589065552,17.244930267333984,,,,,,,
8300,23.0,0.3149898052215576,14.702108383178711,,,,,,,
8400,23.0,0.27497434616088867,15.663625717163086,,,,,,,
8500,35.0,0.2722240090370178,15.721864700317383,,,,,,,
8600,27.0,0.29346638917922974,15.137450218200684,,,,,,,
8700,35.0,0.3094647526741028,14.530447006225586,,,,,,,
8800,23.0,0.30013617873191833,14.864736557006836,,,,,,,
8900,35.0,0.2742054760456085,15.629134178161621,,,,,,,
9000,27.0,0.24361640214920044,16.26895523071289,,,,,,,
9100,23.0,0.2909579575061798,15.26469898223877,,,,,,,
9200,27.0,0.22747749090194702,16.895893096923828,,,,,,,
9300,35.0,0.2823566496372223,14.873197555541992,,,,,,,
9400,23.0,0.2351652830839157,16.908920288085938,,,,,,,
9500,27.0,0.2552706003189087,16.386734008789062,,,,,,,
9600,23.0,0.29329633712768555,15.042770385742188,,,,,,,
9700,27.0,0.24337609112262726,16.863786697387695,,,,,,,
9800,35.0,0.31754985451698303,14.102060317993164,,,,,,,
9900,35.0,0.3085276186466217,14.283172607421875,,,,,,,
10000,23.0,0.2443723827600479,16.696720123291016,,,,,,,
10100,35.0,0.25595754384994507,15.904031753540039,,,,,,,
10200,27.0,0.2102685570716858,17.745065689086914,,,,,,,
10300,27.0,0.24536947906017303,16.67826271057129,,,,,,,
10400,23.0,0.27055811882019043,15.890018463134766,,,,,,,
10500,35.0,0.2712184190750122,15.639137268066406,,,,,,,
10600,23.0,0.30016815662384033,15.003490447998047,,,,,,,
10700,27.0,0.21272848546504974,17.480525970458984,,,,,,,
10800,23.0,0.26970598101615906,15.34727668762207,,,,,,,
10900,27.0,0.22644394636154175,17.358566284179688,,,,,,,
11000,27.0,0.2761029899120331,15.824679374694824,,,,,,,
11100,35.0,0.31744301319122314,13.978155136108398,,,,,,,
11200,27.0,0.2268395870923996,17.45024871826172,,,,,,,
11300,23.0,0.2934250831604004,15.210101127624512,,,,,,,
11400,23.0,0.3082633912563324,15.181344985961914,,,,,,,
11500,27.0,0.27743175625801086,15.577463150024414,,,,,,,
11600,27.0,0.31021833419799805,15.574736595153809,,,,,,,
11700,35.0,0.26988983154296875,15.939193725585938,,,,,,,
11800,23.0,0.2998323440551758,15.265169143676758,,,,,,,
11900,35.0,0.3218778073787689,13.708395957946777,,,,,,,
12000,27.0,0.23676076531410217,17.6926212310791,,,,,,,
12100,35.0,0.2929753363132477,14.835630416870117,,,,,,,
12200,23.0,0.301809698343277,15.013679504394531,,,,,,,
12300,27.0,0.25583815574645996,16.299392700195312,,,,,,,
12400,23.0,0.2546912431716919,15.98973560333252,,,,,,,
12500,35.0,0.26165810227394104,15.505182266235352,,,,,,,
12600,23.0,0.32181820273399353,14.802727699279785,,,,,,,
12700,23.0,0.29280129075050354,15.431251525878906,,,,,,,
12800,35.0,0.2729804515838623,15.53545093536377,,,,,,,
12900,23.0,0.2884804308414459,15.455963134765625,,,,,,,
13000,27.0,0.28373071551322937,15.215593338012695,,,,,,,
13100,35.0,0.2659415006637573,15.393590927124023,,,,,,,
13200,35.0,0.2804686725139618,15.153851509094238,,,,,,,
13300,27.0,0.2624819874763489,16.079805374145508,,,,,,,
13400,23.0,0.2821943163871765,15.528573989868164,,,,,,,
13500,23.0,0.3240351974964142,14.157333374023438,,,,,,,
13600,35.0,0.25760143995285034,15.70376968383789,,,,,,,
13700,27.0,0.26398202776908875,16.052215576171875,,,,,,,
13800,35.0,0.29808738827705383,14.627542495727539,,,,,,,
13900,27.0,0.30735594034194946,15.217434883117676,,,,,,,
14000,27.0,0.2815806269645691,15.37151050567627,,,,,,,
14100,23.0,0.2788006365299225,15.473512649536133,,,,,,,
14200,35.0,0.3007623553276062,14.761300086975098,,,,,,,
14300,23.0,0.30626583099365234,14.874382972717285,,,,,,,
14400,23.0,0.27094078063964844,15.586581230163574,,,,,,,
14500,27.0,0.28100618720054626,15.782966613769531,,,,,,,
14600,23.0,0.35592490434646606,13.80324935913086,,,,,,,
14700,27.0,0.31596487760543823,14.644307136535645,,,,,,,
14800,27.0,0.2718740999698639,16.44366455078125,,,,,,,
14900,27.0,0.2776539623737335,15.79318618774414,,,,,,,
15000,35.0,0.27088576555252075,15.524650573730469,,,,,,,
15100,35.0,0.2856902778148651,15.091161727905273,,,,,,,
15200,23.0,0.2709503471851349,15.781473159790039,,,,,,,
15300,35.0,0.2951523959636688,14.567265510559082,,,,,,,
15400,23.0,0.2807179093360901,15.55351448059082,,,,,,,
15500,27.0,0.22073625028133392,16.998855590820312,,,,,,,
15600,35.0,0.19991517066955566,17.753271102905273,,,,,,,
15700,23.0,0.27642351388931274,15.546123504638672,,,,,,,
15800,35.0,0.2817685008049011,15.18527889251709,,,,,,,
15900,27.0,0.31234386563301086,15.495588302612305,,,,,,,
16000,27.0,0.25099676847457886,16.483137130737305,,,,,,,
16100,27.0,0.2767791152000427,15.84299087524414,,,,,,,
16200,27.0,0.23776648938655853,16.825864791870117,,,,,,,
16300,23.0,0.2769868075847626,16.156641006469727,,,,,,,
16400,27.0,0.2854582965373993,15.489256858825684,,,,,,,
16500,27.0,0.26175934076309204,16.018661499023438,,,,,,,
16600,27.0,0.2536499500274658,16.211238861083984,,,,,,,
16700,35.0,0.2563660144805908,15.624815940856934,,,,,,,
16800,23.0,0.2688923180103302,16.010438919067383,,,,,,,
16900,27.0,0.24392737448215485,16.78031349182129,,,,,,,
17000,35.0,0.25770631432533264,15.741469383239746,,,,,,,
17100,23.0,0.33420705795288086,14.077566146850586,,,,,,,
17200,23.0,0.3509712219238281,13.855585098266602,,,,,,,
17300,27.0,0.17199461162090302,19.214008331298828,,,,,,,
17400,23.0,0.3098767399787903,14.487277030944824,,,,,,,
17500,23.0,0.3365159034729004,13.728736877441406,,,,,,,
17600,35.0,0.2831554710865021,14.663887023925781,,,,,,,
17700,35.0,0.2579058110713959,15.518733978271484,,,,,,,
17800,27.0,0.26452910900115967,16.202259063720703,,,,,,,
17900,23.0,0.27320611476898193,15.618814468383789,,,,,,,
18000,35.0,0.27534356713294983,15.635250091552734,,,,,,,
18100,23.0,0.29962536692619324,15.138636589050293,,,,,,,
18200,27.0,0.2681884467601776,15.862846374511719,,,,,,,
18300,27.0,0.25087669491767883,16.537464141845703,,,,,,,
18400,23.0,0.296721488237381,15.002644538879395,,,,,,,
18500,27.0,0.23325231671333313,17.33626365661621,,,,,,,
18600,27.0,0.27077269554138184,15.979823112487793,,,,,,,
18700,23.0,0.32221904397010803,14.804694175720215,,,,,,,
18800,27.0,0.2032197266817093,18.45273208618164,,,,,,,
18900,27.0,0.250766396522522,16.38199234008789,,,,,,,
19000,35.0,0.2991516590118408,14.60384750366211,,,,,,,
19100,23.0,0.291887491941452,15.411272048950195,,,,,,,
19200,23.0,0.2598784267902374,16.17379379272461,,,,,,,
19300,35.0,0.2993127405643463,14.715826988220215,,,,,,,
19400,27.0,0.2660803496837616,15.926735877990723,,,,,,,
19500,23.0,0.263040691614151,15.717554092407227,,,,,,,
19600,23.0,0.26037755608558655,16.340497970581055,,,,,,,
19700,35.0,0.26920685172080994,15.39243221282959,,,,,,,
19800,27.0,0.26163601875305176,16.695938110351562,,,,,,,
19900,35.0,0.2680829167366028,15.45880126953125,,,,,,,
20000,23.0,0.2852076292037964,15.327728271484375,,,,,,,
20100,27.0,0.25175634026527405,16.117448806762695,,,,,,,
20200,23.0,0.2729375958442688,15.663775444030762,,,,,,,
20300,23.0,0.2846776247024536,15.382558822631836,,,,,,,
20400,35.0,0.26134535670280457,15.728350639343262,,,,,,,
20500,27.0,0.32461804151535034,14.802441596984863,,,,,,,
20600,27.0,0.23141878843307495,17.151803970336914,,,,,,,
20700,35.0,0.3227734863758087,13.980045318603516,,,,,,,
20800,23.0,0.31913304328918457,14.361356735229492,,,,,,,
20900,23.0,0.326375275850296,15.065239906311035,,,,,,,
21000,27.0,0.24817204475402832,16.206432342529297,,,,,,,
21100,27.0,0.22565016150474548,17.562456130981445,,,,,,,
21200,35.0,0.22635245323181152,16.84864616394043,,,,,,,
21300,23.0,0.3058791160583496,14.962374687194824,,,,,,,
21400,35.0,0.27748188376426697,15.117870330810547,,,,,,,
21500,27.0,0.2549002766609192,16.6004581451416,,,,,,,
21600,23.0,0.28495559096336365,15.419979095458984,,,,,,,
21700,35.0,0.299396812915802,14.229702949523926,,,,,,,
21800,35.0,0.25045958161354065,16.219345092773438,,,,,,,
21900,27.0,0.2291128933429718,17.581741333007812,,,,,,,
22000,23.0,0.3630271852016449,13.404193878173828,,,,,,,
22100,35.0,0.2984217405319214,14.641975402832031,,,,,,,
22200,23.0,0.2483311891555786,16.696182250976562,,,,,,,
22300,35.0,0.30396726727485657,14.001724243164062,,,,,,,
22400,23.0,0.2656659483909607,15.84445858001709,,,,,,,
22500,35.0,0.28980058431625366,15.196210861206055,,,,,,,
22600,35.0,0.30912449955940247,14.542784690856934,,,,,,,
22700,27.0,0.32373225688934326,14.605865478515625,,,,,,,
22800,27.0,0.2581242620944977,16.555889129638672,,,,,,,
22900,35.0,0.2594519555568695,16.24445915222168,,,,,,,
23000,35.0,0.2958906590938568,14.500128746032715,,,,,,,
23100,35.0,0.3057539463043213,14.537307739257812,,,,,,,
23200,23.0,0.2958400845527649,15.935589790344238,,,,,,,
23300,27.0,0.23003678023815155,17.229175567626953,,,,,,,
23400,23.0,0.28901299834251404,15.02456283569336,,,,,,,
23500,27.0,0.2997007668018341,15.421699523925781,,,,,,,
23600,27.0,0.29784536361694336,15.163381576538086,,,,,,,
23700,23.0,0.2300153225660324,17.060272216796875,,,,,,,
23800,35.0,0.25473639369010925,15.787357330322266,,,,,,,
23900,35.0,0.25070852041244507,16.19887924194336,,,,,,,
24000,35.0,0.24216477572917938,16.294462203979492,,,,,,,
24100,35.0,0.24974951148033142,16.02558135986328,,,,,,,
24200,23.0,0.2868863344192505,15.473199844360352,,,,,,,
24300,23.0,0.26741892099380493,15.892204284667969,,,,,,,
24400,23.0,0.2680603563785553,15.601550102233887,,,,,,,
24500,27.0,0.18421824276447296,19.081172943115234,,,,,,,
24600,27.0,0.25276193022727966,16.41493034362793,,,,,,,
24700,23.0,0.23259985446929932,16.726411819458008,,,,,,,
24800,27.0,0.22541457414627075,17.414562225341797,,,,,,,
24900,35.0,0.30072513222694397,14.631074905395508,,,,,,,
25000,35.0,0.2938944101333618,14.600152969360352,,,,,,,
25100,23.0,0.23447257280349731,17.029926300048828,,,,,,,
25200,23.0,0.2829524874687195,15.13454818725586,,,,,,,
25300,35.0,0.21243445575237274,17.288700103759766,,,,,,,
25400,27.0,0.2412761151790619,16.58924102783203,,,,,,,
25500,35.0,0.2121470421552658,17.05841827392578,,,,,,,
25600,23.0,0.24194680154323578,16.928142547607422,,,,,,,
25700,35.0,0.31941089034080505,14.395339965820312,,,,,,,
25800,23.0,0.27198415994644165,15.651633262634277,,,,,,,
25900,23.0,0.3029544949531555,15.283357620239258,,,,,,,
26000,27.0,0.2687129080295563,16.192184448242188,,,,,,,
26100,23.0,0.274448961019516,15.75617790222168,,,,,,,
26200,23.0,0.30310600996017456,15.095733642578125,,,,,,,
26300,35.0,0.2776406407356262,15.109830856323242,,,,,,,
26400,27.0,0.2774799168109894,15.507527351379395,,,,,,,
26500,27.0,0.2525951862335205,16.66205406188965,,,,,,,
26600,27.0,0.21023651957511902,17.7981014251709,,,,,,,
26700,35.0,0.2995664179325104,14.426191329956055,,,,,,,
26800,35.0,0.3361990749835968,13.471508026123047,,,,,,,
26900,23.0,0.27983716130256653,15.387396812438965,,,,,,,
27000,27.0,0.2594042420387268,16.721458435058594,,,,,,,
27100,23.0,0.3103508949279785,14.452842712402344,,,,,,,
27200,35.0,0.26755285263061523,15.371427536010742,,,,,,,
27300,23.0,0.30217477679252625,14.86659049987793,,,,,,,
27400,35.0,0.25019770860671997,15.738953590393066,,,,,,,
27500,27.0,0.2191808521747589,17.09943962097168,,,,,,,
27600,23.0,0.2749195098876953,15.331168174743652,,,,,,,
27700,23.0,0.2845129072666168,15.318607330322266,,,,,,,
27800,23.0,0.29079124331474304,14.837642669677734,,,,,,,
27900,23.0,0.30118077993392944,14.657145500183105,,,,,,,
28000,27.0,0.21683388948440552,17.44173240661621,,,,,,,
28100,27.0,0.22760650515556335,16.89916229248047,,,,,,,
28200,35.0,0.3246697783470154,14.990110397338867,,,,,,,
28300,27.0,0.17627041041851044,19.654970169067383,,,,,,,
28400,27.0,0.2041962742805481,18.070579528808594,,,,,,,
28500,27.0,0.20907719433307648,18.08682632446289,,,,,,,
28600,27.0,0.2556028962135315,16.571725845336914,,,,,,,
28700,35.0,0.2621310353279114,15.913287162780762,,,,,,,
28800,23.0,0.26148855686187744,16.18248748779297,,,,,,,
28900,35.0,0.3029588758945465,14.692834854125977,,,,,,,
29000,23.0,0.2758212983608246,15.79605484008789,,,,,,,
29100,35.0,0.30142542719841003,14.572330474853516,,,,,,,
29200,35.0,0.259876012802124,15.685011863708496,,,,,,,
29300,23.0,0.2552424967288971,16.28569793701172,,,,,,,
29400,27.0,0.27083325386047363,15.594595909118652,,,,,,,
29500,27.0,0.28979727625846863,15.852503776550293,,,,,,,
29600,35.0,0.23213565349578857,16.411401748657227,,,,,,,
29700,35.0,0.2934940457344055,14.977956771850586,,,,,,,
29800,27.0,0.2751029431819916,15.934830665588379,,,,,,,
29900,23.0,0.2483256757259369,16.543685913085938,,,,,,,
30000,35.0,0.26885929703712463,15.411450386047363,,,,,,,
30100,27.0,0.27168023586273193,15.709586143493652,,,,,,,
30200,23.0,0.2585262358188629,16.009950637817383,,,,,,,
30300,23.0,0.2807745635509491,15.443277359008789,,,,,,,
30400,35.0,0.27863460779190063,14.989641189575195,,,,,,,
30500,23.0,0.2609836161136627,16.148883819580078,,,,,,,
30600,35.0,0.3302289545536041,13.838834762573242,,,,,,,
30700,23.0,0.2602217197418213,15.87332534790039,,,,,,,
30800,35.0,0.3140827417373657,13.946405410766602,,,,,,,
30900,23.0,0.28354355692863464,15.8699951171875,,,,,,,
31000,27.0,0.23315173387527466,17.200517654418945,,,,,,,
31100,23.0,0.3224649727344513,14.497507095336914,,,,,,,
31200,23.0,0.3241806626319885,14.804187774658203,,,,,,,
31300,35.0,0.2871915400028229,15.12948989868164,,,,,,,
31400,27.0,0.19714951515197754,18.231029510498047,,,,,,,
31500,27.0,0.2409054934978485,17.029088973999023,,,,,,,
31600,35.0,0.2813476622104645,15.448221206665039,,,,,,,
31700,35.0,0.2737194299697876,15.257438659667969,,,,,,,
31800,35.0,0.2637123167514801,15.435367584228516,,,,,,,
31900,27.0,0.1984844207763672,18.240619659423828,,,,,,,
32000,35.0,0.27669793367385864,14.896540641784668,,,,,,,
32100,23.0,0.2633444666862488,16.002971649169922,,,,,,,
32200,27.0,0.28066375851631165,16.024145126342773,,,,,,,
32300,27.0,0.2872314453125,15.764314651489258,,,,,,,
32400,23.0,0.2797580659389496,15.673903465270996,,,,,,,
32500,27.0,0.2776780426502228,15.642157554626465,,,,,,,
32600,23.0,0.27822059392929077,15.452079772949219,,,,,,,
32700,23.0,0.27897942066192627,15.531229019165039,,,,,,,
32800,27.0,0.2292845994234085,17.144107818603516,,,,,,,
32900,23.0,0.31733518838882446,14.970630645751953,,,,,,,
33000,23.0,0.28080734610557556,15.330368041992188,,,,,,,
33100,35.0,0.27768728137016296,15.16912841796875,,,,,,,
33200,27.0,0.2736327350139618,15.942121505737305,,,,,,,
33300,27.0,0.2160443365573883,17.563657760620117,,,,,,,
33400,27.0,0.19985345005989075,18.341615676879883,,,,,,,
33500,35.0,0.28982779383659363,15.005071640014648,,,,,,,
33600,23.0,0.2961665689945221,14.824953079223633,,,,,,,
33700,23.0,0.2715073227882385,15.827534675598145,,,,,,,
33800,35.0,0.29795101284980774,14.525908470153809,,,,,,,
33900,35.0,0.28200989961624146,15.023804664611816,,,,,,,
34000,23.0,0.26284289360046387,16.084928512573242,,,,,,,
34100,27.0,0.26846620440483093,16.662635803222656,,,,,,,
34200,35.0,0.25335001945495605,15.721963882446289,,,,,,,
34300,23.0,0.2622341811656952,16.322032928466797,,,,,,,
34400,35.0,0.2649396061897278,15.777868270874023,,,,,,,
34500,23.0,0.30241501331329346,14.877338409423828,,,,,,,
34600,23.0,0.31012365221977234,15.195781707763672,,,,,,,
34700,35.0,0.2638167142868042,15.621039390563965,,,,,,,
34800,27.0,0.281598836183548,15.87955093383789,,,,,,,
34900,27.0,0.18903549015522003,19.074771881103516,,,,,,,
35000,27.0,0.2077437937259674,17.74687957763672,,,,,,,
35100,23.0,0.3175196647644043,14.60076904296875,,,,,,,
35200,35.0,0.28248926997184753,14.798257827758789,,,,,,,
35300,23.0,0.2952013611793518,14.620980262756348,,,,,,,
35400,35.0,0.2849670350551605,14.990766525268555,,,,,,,
35500,35.0,0.2742648720741272,15.016547203063965,,,,,,,
35600,27.0,0.26410403847694397,16.475345611572266,,,,,,,
35700,23.0,0.315458744764328,14.587081909179688,,,,,,,
35800,27.0,0.24581816792488098,17.018308639526367,,,,,,,
35900,23.0,0.36191296577453613,13.208221435546875,,,,,,,
36000,27.0,0.27155637741088867,15.939264297485352,,,,,,,
36100,27.0,0.24442023038864136,16.745548248291016,,,,,,,
36200,27.0,0.27195850014686584,15.596095085144043,,,,,,,
36300,23.0,0.3104284405708313,14.347167015075684,,,,,,,
36400,23.0,0.24889978766441345,16.786046981811523,,,,,,,
36500,35.0,0.28066086769104004,15.698183059692383,,,,,,,
36600,27.0,0.2925710380077362,15.942971229553223,,,,,,,
36700,35.0,0.27749550342559814,15.558424949645996,,,,,,,
36800,23.0,0.25367939472198486,16.462608337402344,,,,,,,
36900,23.0,0.2209811806678772,17.487356185913086,,,,,,,
37000,35.0,0.2929329574108124,14.460916519165039,,,,,,,
37100,35.0,0.24922774732112885,15.728742599487305,,,,,,,
37200,35.0,0.24878187477588654,15.910514831542969,,,,,,,
37300,35.0,0.2486569881439209,15.757001876831055,,,,,,,
37400,27.0,0.21208086609840393,17.240394592285156,,,,,,,
37500,27.0,0.23081226646900177,16.910493850708008,,,,,,,
37600,35.0,0.26058000326156616,15.407127380371094,,,,,,,
37700,27.0,0.2418990582227707,16.43142318725586,,,,,,,
37800,23.0,0.24064990878105164,16.233173370361328,,,,,,,
37900,35.0,0.23375742137432098,16.67788314819336,,,,,,,
38000,35.0,0.2397250235080719,15.789545059204102,,,,,,,
38100,27.0,0.24585658311843872,17.549760818481445,,,,,,,
38200,35.0,0.29957494139671326,14.235649108886719,,,,,,,
38300,35.0,0.26273417472839355,15.779438018798828,,,,,,,
38400,23.0,0.24721112847328186,16.583541870117188,,,,,,,
38500,35.0,0.23318445682525635,16.8834228515625,,,,,,,
38600,35.0,0.25656941533088684,15.94029426574707,,,,,,,
38700,23.0,0.27148547768592834,15.973592758178711,,,,,,,
38800,35.0,0.26111695170402527,15.851872444152832,,,,,,,
38900,27.0,0.2672562003135681,16.14242935180664,,,,,,,
39000,35.0,0.26846668124198914,15.607840538024902,,,,,,,
39100,27.0,0.24378056824207306,16.754648208618164,,,,,,,
39200,35.0,0.290839284658432,14.748743057250977,,,,,,,
39300,35.0,0.31433454155921936,14.4087495803833,,,,,,,
39400,23.0,0.265123575925827,15.801556587219238,,,,,,,
39500,27.0,0.22220127284526825,17.171457290649414,,,,,,,
39600,27.0,0.30818748474121094,15.10226058959961,,,,,,,
39700,35.0,0.2571582794189453,15.49513053894043,,,,,,,
39800,27.0,0.2825840413570404,15.408029556274414,,,,,,,
39900,35.0,0.3005817234516144,14.57565689086914,,,,,,,
40000,35.0,0.23069144785404205,16.56082534790039,,,,,,,
40100,23.0,0.26303571462631226,15.924015045166016,,,,,,,
40200,23.0,0.23111185431480408,16.96396255493164,,,,,,,
40300,35.0,0.2759851813316345,14.978523254394531,,,,,,,
40400,27.0,0.21381914615631104,18.39306640625,,,,,,,
40500,35.0,0.3244365155696869,13.605725288391113,,,,,,,
40600,27.0,0.2385379523038864,17.30182647705078,,,,,,,
40700,35.0,0.3154573142528534,14.279488563537598,,,,,,,
40800,27.0,0.2536020874977112,16.737319946289062,,,,,,,
40900,35.0,0.24345192313194275,16.049789428710938,,,,,,,
41000,23.0,0.24798323214054108,17.24628448486328,,,,,,,
41100,35.0,0.24701982736587524,15.958362579345703,,,,,,,
41200,35.0,0.30414047837257385,14.206527709960938,,,,,,,
41300,27.0,0.261861115694046,16.721527099609375,,,,,,,
41400,23.0,0.2930469810962677,14.94448184967041,,,,,,,
41500,23.0,0.2518656253814697,16.566364288330078,,,,,,,
41600,35.0,0.2476465255022049,16.14483642578125,,,,,,,
41700,23.0,0.2566037178039551,15.968135833740234,,,,,,,
41800,27.0,0.264557421207428,16.322708129882812,,,,,,,
41900,35.0,0.2731066942214966,15.261488914489746,,,,,,,
42000,27.0,0.2328074425458908,17.45152473449707,,,,,,,
42100,23.0,0.23156845569610596,17.129047393798828,,,,,,,
42200,27.0,0.2357027381658554,17.398115158081055,,,,,,,
42300,35.0,0.26105770468711853,15.555550575256348,,,,,,,
42400,23.0,0.2855204939842224,14.880192756652832,,,,,,,
42500,35.0,0.2679586410522461,15.514421463012695,,,,,,,
42600,23.0,0.24947741627693176,16.39501953125,,,,,,,
42700,27.0,0.2240520417690277,18.532739639282227,,,,,,,
42800,27.0,0.2642062306404114,16.34511375427246,,,,,,,
42900,35.0,0.2148279994726181,16.594837188720703,,,,,,,
43000,23.0,0.2641278803348541,15.592905044555664,,,,,,,
43100,35.0,0.2760971188545227,15.33704662322998,,,,,,,
43200,23.0,0.28022125363349915,15.539695739746094,,,,,,,
43300,23.0,0.24438482522964478,16.804384231567383,,,,,,,
43400,35.0,0.26157984137535095,16.012069702148438,,,,,,,
43500,35.0,0.2724127769470215,15.487910270690918,,,,,,,
43600,27.0,0.2299114614725113,17.053791046142578,,,,,,,
43700,27.0,0.2555164694786072,16.768070220947266,,,,,,,
43800,27.0,0.21536271274089813,17.83840560913086,,,,,,,
43900,23.0,0.2839183211326599,15.477112770080566,,,,,,,
44000,27.0,0.2315891534090042,17.3316650390625,,,,,,,
44100,27.0,0.28091147541999817,15.18061637878418,,,,,,,
44200,27.0,0.24545976519584656,16.493202209472656,,,,,,,
44300,23.0,0.2531270682811737,16.379108428955078,,,,,,,
44400,23.0,0.24584950506687164,16.178237915039062,,,,,,,
44500,27.0,0.24131037294864655,17.024486541748047,,,,,,,
44600,27.0,0.30343425273895264,15.667999267578125,,,,,,,
44700,23.0,0.27609387040138245,15.549598693847656,,,,,,,
44800,27.0,0.2724989056587219,15.895777702331543,,,,,,,
44900,27.0,0.30456608533859253,15.087024688720703,,,,,,,
45000,27.0,0.23652580380439758,17.06610870361328,,,,,,,
45100,27.0,0.25807496905326843,16.246932983398438,,,,,,,
45200,27.0,0.25463372468948364,15.873454093933105,,,,,,,
45300,23.0,0.31175100803375244,15.343212127685547,,,,,,,
45400,23.0,0.26930442452430725,15.394744873046875,,,,,,,
45500,27.0,0.19141577184200287,18.196609497070312,,,,,,,
45600,23.0,0.22981922328472137,17.619821548461914,,,,,,,
45700,23.0,0.23007051646709442,17.09724235534668,,,,,,,
45800,35.0,0.28953179717063904,14.945870399475098,,,,,,,
45900,23.0,0.32182249426841736,14.071334838867188,,,,,,,
46000,23.0,0.217673659324646,17.12834930419922,,,,,,,
46100,35.0,0.23474405705928802,16.211002349853516,,,,,,,
46200,23.0,0.22998648881912231,16.664499282836914,,,,,,,
46300,23.0,0.2411021590232849,16.517192840576172,,,,,,,
46400,23.0,0.2652234733104706,16.556211471557617,,,,,,,
46500,35.0,0.26316484808921814,15.4814453125,,,,,,,
46600,35.0,0.26423895359039307,15.600028991699219,,,,,,,
46700,23.0,0.33124783635139465,14.52370834350586,,,,,,,
46800,23.0,0.2809728980064392,15.814718246459961,,,,,,,
46900,35.0,0.2621327340602875,15.364007949829102,,,,,,,
47000,23.0,0.2811610996723175,15.807050704956055,,,,,,,
47100,23.0,0.18240219354629517,18.6346435546875,,,,,,,
47200,23.0,0.27124303579330444,15.615850448608398,,,,,,,
47300,27.0,0.1770867109298706,19.630136489868164,,,,,,,
47400,27.0,0.27868717908859253,16.637264251708984,,,,,,,
47500,35.0,0.2598457634449005,16.006237030029297,,,,,,,
47600,27.0,0.32138076424598694,14.793676376342773,,,,,,,
47700,35.0,0.23814408481121063,16.153854370117188,,,,,,,
47800,23.0,0.23849806189537048,16.587726593017578,,,,,,,
47900,27.0,0.2662445604801178,16.487560272216797,,,,,,,
48000,27.0,0.20965354144573212,18.65848731994629,,,,,,,
48100,27.0,0.215276837348938,17.761146545410156,,,,,,,
48200,23.0,0.28287819027900696,15.32964038848877,,,,,,,
48300,23.0,0.26432040333747864,17.04460906982422,,,,,,,
48400,35.0,0.2705751657485962,15.638069152832031,,,,,,,
48500,23.0,0.2557772696018219,16.93657112121582,,,,,,,
48600,23.0,0.2520381808280945,16.436176300048828,,,,,,,
48700,35.0,0.25011152029037476,16.303796768188477,,,,,,,
48800,27.0,0.19310882687568665,19.331111907958984,,,,,,,
48900,35.0,0.27130061388015747,15.439173698425293,,,,,,,
49000,23.0,0.2890603244304657,14.722758293151855,,,,,,,
49100,23.0,0.27326053380966187,15.476820945739746,,,,,,,
49200,23.0,0.29813265800476074,15.186918258666992,,,,,,,
49300,35.0,0.24968843162059784,16.156795501708984,,,,,,,
49400,35.0,0.2785508930683136,15.003332138061523,,,,,,,
49500,27.0,0.24630968272686005,17.53863525390625,,,,,,,
49600,23.0,0.2503134608268738,17.032840728759766,,,,,,,
49700,23.0,0.26010021567344666,16.363969802856445,,,,,,,
49800,27.0,0.2595106363296509,17.151927947998047,,,,,,,
49900,23.0,0.33573201298713684,13.8157958984375,,,,,,,
50000,27.0,0.2311745285987854,17.94186019897461,,,,,,,
50100,27.0,0.23568977415561676,17.25119400024414,,,,,,,
50200,35.0,0.3082244098186493,14.656545639038086,,,,,,,
50300,23.0,0.2900810241699219,15.463247299194336,,,,,,,
50400,23.0,0.33116838335990906,14.283486366271973,,,,,,,
50500,27.0,0.1979569047689438,18.711069107055664,,,,,,,
50600,23.0,0.24485543370246887,16.481203079223633,,,,,,,
50700,23.0,0.26387453079223633,15.948237419128418,,,,,,,
50800,23.0,0.27317532896995544,16.282257080078125,,,,,,,
50900,27.0,0.21454867720603943,17.950592041015625,,,,,,,
51000,23.0,0.2718769907951355,15.854320526123047,,,,,,,
51100,27.0,0.1912352591753006,18.588403701782227,,,,,,,
51200,35.0,0.29142650961875916,14.477333068847656,,,,,,,
51300,23.0,0.23723699152469635,16.597389221191406,,,,,,,
51400,35.0,0.33173859119415283,13.243715286254883,,,,,,,
51500,27.0,0.25594884157180786,16.499164581298828,,,,,,,
51600,23.0,0.20908261835575104,18.158294677734375,,,,,,,
51700,27.0,0.25228169560432434,16.483909606933594,,,,,,,
51800,35.0,0.258097380399704,15.536907196044922,,,,,,,
51900,35.0,0.25814658403396606,15.573287010192871,,,,,,,
52000,23.0,0.23223838210105896,17.020431518554688,,,,,,,
52100,23.0,0.27304360270500183,15.943535804748535,,,,,,,
52200,27.0,0.19360071420669556,18.897594451904297,,,,,,,
52300,27.0,0.24053871631622314,16.87302589416504,,,,,,,
52400,23.0,0.20960719883441925,17.753755569458008,,,,,,,
52500,35.0,0.28935563564300537,14.692273139953613,,,,,,,
52600,27.0,0.2214106321334839,17.99713897705078,,,,,,,
52700,27.0,0.25243911147117615,17.086177825927734,,,,,,,
52800,27.0,0.22333288192749023,17.437307357788086,,,,,,,
52900,23.0,0.3083743155002594,15.42447280883789,,,,,,,
53000,27.0,0.24662207067012787,16.273563385009766,,,,,,,
53100,23.0,0.2341950684785843,17.4761962890625,,,,,,,
53200,27.0,0.22762171924114227,16.75642204284668,,,,,,,
53300,23.0,0.2720877528190613,15.557001113891602,,,,,,,
53400,27.0,0.24678359925746918,16.471946716308594,,,,,,,
53500,35.0,0.27599477767944336,14.674185752868652,,,,,,,
53600,27.0,0.2881256341934204,15.08094596862793,,,,,,,
53700,27.0,0.29687750339508057,15.207937240600586,,,,,,,
53800,35.0,0.23018601536750793,16.27365493774414,,,,,,,
53900,27.0,0.2682930827140808,16.06623077392578,,,,,,,
54000,35.0,0.2429237961769104,16.017601013183594,,,,,,,
54100,35.0,0.31036219000816345,13.865324974060059,,,,,,,
54200,35.0,0.2280057668685913,16.512989044189453,,,,,,,
54300,27.0,0.2529072165489197,16.291059494018555,,,,,,,
54400,23.0,0.26950493454933167,15.697274208068848,,,,,,,
54500,27.0,0.26526299118995667,16.80577850341797,,,,,,,
54600,23.0,0.2645171880722046,16.013507843017578,,,,,,,
54700,27.0,0.19264893233776093,18.835800170898438,,,,,,,
54800,35.0,0.2116556614637375,17.86731719970703,,,,,,,
54900,27.0,0.23536114394664764,16.9896183013916,,,,,,,
55000,27.0,0.2999722957611084,14.930068969726562,,,,,,,
55100,23.0,0.26486071944236755,15.914297103881836,,,,,,,
55200,23.0,0.2780146598815918,15.914668083190918,,,,,,,
55300,23.0,0.21890784800052643,17.409135818481445,,,,,,,
55400,35.0,0.24796698987483978,15.716066360473633,,,,,,,
55500,23.0,0.25553494691848755,16.91490936279297,,,,,,,
55600,23.0,0.35374677181243896,13.724194526672363,,,,,,,
55700,27.0,0.2650158703327179,15.450647354125977,,,,,,,
55800,23.0,0.19596032798290253,18.561866760253906,,,,,,,
55900,23.0,0.2696082592010498,16.150375366210938,,,,,,,
56000,27.0,0.24193482100963593,16.649982452392578,,,,,,,
56100,23.0,0.25537654757499695,16.228233337402344,,,,,,,
56200,35.0,0.289869487285614,15.321062088012695,,,,,,,
56300,27.0,0.22388502955436707,17.64118194580078,,,,,,,
56400,35.0,0.2684710621833801,15.225221633911133,,,,,,,
56500,27.0,0.2108258157968521,17.78108787536621,,,,,,,
56600,35.0,0.2946321368217468,14.637553215026855,,,,,,,
56700,35.0,0.27816176414489746,15.15527057647705,,,,,,,
56800,35.0,0.2908637523651123,15.04733657836914,,,,,,,
56900,35.0,0.23381705582141876,16.300474166870117,,,,,,,
57000,23.0,0.29236894845962524,15.454858779907227,,,,,,,
57100,23.0,0.20017100870609283,18.017864227294922,,,,,,,
57200,27.0,0.19646522402763367,18.707897186279297,,,,,,,
57300,27.0,0.2417937070131302,17.038137435913086,,,,,,,
57400,23.0,0.22251607477664948,17.729795455932617,,,,,,,
57500,23.0,0.27006131410598755,16.013782501220703,,,,,,,
57600,23.0,0.23790419101715088,16.985424041748047,,,,,,,
57700,23.0,0.26751214265823364,16.062484741210938,,,,,,,
57800,23.0,0.26899418234825134,15.983800888061523,,,,,,,
57900,27.0,0.24846771359443665,16.843257904052734,,,,,,,
58000,23.0,0.2533262073993683,16.607751846313477,,,,,,,
58100,23.0,0.2404388040304184,16.75806427001953,,,,,,,
58200,35.0,0.2812362015247345,15.066410064697266,,,,,,,
58300,35.0,0.30392885208129883,14.641653060913086,,,,,,,
58400,23.0,0.26169902086257935,16.085906982421875,,,,,,,
58500,23.0,0.25503334403038025,16.33047103881836,,,,,,,
58600,27.0,0.2188180834054947,18.325607299804688,,,,,,,
58700,23.0,0.26707738637924194,15.945695877075195,,,,,,,
58800,23.0,0.26023149490356445,16.05304527282715,,,,,,,
58900,35.0,0.32112085819244385,13.707881927490234,,,,,,,
59000,35.0,0.2625879943370819,15.781166076660156,,,,,,,
59100,35.0,0.26357460021972656,15.332602500915527,,,,,,,
59200,27.0,0.24253647029399872,16.739227294921875,,,,,,,
59300,23.0,0.2840895652770996,15.467479705810547,,,,,,,
59400,27.0,0.20748762786388397,18.329814910888672,,,,,,,
59500,27.0,0.2265542894601822,17.85304832458496,,,,,,,
59600,27.0,0.20585432648658752,18.344680786132812,,,,,,,
59700,23.0,0.222062885761261,17.258317947387695,,,,,,,
59800,27.0,0.24604442715644836,16.47970962524414,,,,,,,
59900,23.0,0.26226598024368286,15.91850471496582,,,,,,,
60000,27.0,0.21340586245059967,18.001869201660156,,,,,,,
60100,23.0,0.242852583527565,16.991010665893555,,,,,,,
60200,27.0,0.2015625685453415,18.49611473083496,,,,,,,
60300,27.0,0.21886548399925232,17.677040100097656,,,,,,,
60400,23.0,0.2586689889431,16.209522247314453,,,,,,,
60500,35.0,0.30172377824783325,15.151418685913086,,,,,,,
60600,35.0,0.2403458207845688,15.879850387573242,,,,,,,
60700,23.0,0.26184502243995667,16.2136287689209,,,,,,,
60800,27.0,0.23128372430801392,17.341094970703125,,,,,,,
60900,23.0,0.2740917205810547,15.726142883300781,,,,,,,
61000,23.0,0.24183611571788788,17.139240264892578,,,,,,,
61100,27.0,0.24945421516895294,16.328824996948242,,,,,,,
61200,35.0,0.285347044467926,15.422832489013672,,,,,,,
61300,27.0,0.261490136384964,15.981546401977539,,,,,,,
61400,27.0,0.21411803364753723,17.54715347290039,,,,,,,
61500,27.0,0.25829625129699707,16.461994171142578,,,,,,,
61600,27.0,0.21143878996372223,18.230573654174805,,,,,,,
61700,35.0,0.3004438579082489,14.740265846252441,,,,,,,
61800,35.0,0.20352570712566376,17.72586441040039,,,,,,,
61900,27.0,0.2782609760761261,15.950464248657227,,,,,,,
62000,27.0,0.28213822841644287,15.579870223999023,,,,,,,
62100,35.0,0.27362582087516785,15.119897842407227,,,,,,,
62200,23.0,0.26464176177978516,15.809814453125,,,,,,,
62300,35.0,0.24751117825508118,15.808806419372559,,,,,,,
62400,35.0,0.3290087878704071,13.952127456665039,,,,,,,
62500,35.0,0.2961558401584625,14.556173324584961,,,,,,,
62600,35.0,0.24461239576339722,16.661823272705078,,,,,,,
62700,27.0,0.25616973638534546,16.51237678527832,,,,,,,
62800,23.0,0.2486923784017563,16.877540588378906,,,,,,,
62900,23.0,0.24668113887310028,16.50200843811035,,,,,,,
63000,35.0,0.26889222860336304,15.459752082824707,,,,,,,
63100,23.0,0.285594642162323,15.445728302001953,,,,,,,
63200,23.0,0.27449503540992737,16.27115249633789,,,,,,,
63300,23.0,0.2752864360809326,15.651681900024414,,,,,,,
63400,23.0,0.25235146284103394,16.380605697631836,,,,,,,
63500,35.0,0.270939439535141,15.351579666137695,,,,,,,
63600,35.0,0.25615838170051575,15.751060485839844,,,,,,,
63700,23.0,0.21390320360660553,17.804702758789062,,,,,,,
63800,35.0,0.26145124435424805,15.730847358703613,,,,,,,
63900,23.0,0.25455427169799805,16.158859252929688,,,,,,,
64000,23.0,0.23347613215446472,17.250341415405273,,,,,,,
64100,27.0,0.24452020227909088,17.404077529907227,,,,,,,
64200,35.0,0.26071274280548096,15.912965774536133,,,,,,,
64300,23.0,0.26037412881851196,16.130495071411133,,,,,,,
64400,23.0,0.2699600160121918,16.074459075927734,,,,,,,
64500,35.0,0.2799697518348694,15.025424003601074,,,,,,,
64600,23.0,0.27614709734916687,16.104145050048828,,,,,,,
64700,23.0,0.29197704792022705,15.55093765258789,,,,,,,
64800,27.0,0.2319512516260147,17.151941299438477,,,,,,,
64900,23.0,0.23532842099666595,16.867382049560547,,,,,,,
65000,23.0,0.2522681653499603,16.725421905517578,,,,,,,
65100,27.0,0.20987887680530548,17.754737854003906,,,,,,,
65200,35.0,0.3169693052768707,14.418584823608398,,,,,,,
65300,23.0,0.3631851375102997,12.990373611450195,,,,,,,
65400,27.0,0.3161756098270416,14.999313354492188,,,,,,,
65500,23.0,0.28057509660720825,15.873067855834961,,,,,,,
65600,35.0,0.24333079159259796,16.08582305908203,,,,,,,
65700,35.0,0.27682796120643616,14.890539169311523,,,,,,,
65800,35.0,0.2738507390022278,15.60042953491211,,,,,,,
65900,27.0,0.2839532494544983,15.144851684570312,,,,,,,
66000,35.0,0.23521512746810913,16.37565803527832,,,,,,,
66100,27.0,0.2304234504699707,17.336708068847656,,,,,,,
66200,23.0,0.2407340407371521,17.19363784790039,,,,,,,
66300,23.0,0.2633630037307739,15.855230331420898,,,,,,,
66400,23.0,0.2555738389492035,16.32997703552246,,,,,,,
66500,27.0,0.20320817828178406,17.200603485107422,,,,,,,
66600,27.0,0.1727505773305893,19.31328582763672,,,,,,,
66700,27.0,0.26518625020980835,16.05242156982422,,,,,,,
66800,35.0,0.24769389629364014,16.082656860351562,,,,,,,
66900,27.0,0.2476869821548462,16.802350997924805,,,,,,,
67000,27.0,0.20595961809158325,18.32607078552246,,,,,,,
67100,35.0,0.26500797271728516,15.702356338500977,,,,,,,
67200,23.0,0.31659021973609924,14.895955085754395,,,,,,,
67300,27.0,0.2640584409236908,16.696277618408203,,,,,,,
67400,23.0,0.26978373527526855,16.38725471496582,,,,,,,
67500,27.0,0.19646801054477692,18.044734954833984,,,,,,,
67600,27.0,0.17431199550628662,18.834060668945312,,,,,,,
67700,23.0,0.31621432304382324,14.47916030883789,,,,,,,
67800,35.0,0.29109513759613037,15.054096221923828,,,,,,,
67900,27.0,0.2630611062049866,16.103357315063477,,,,,,,
68000,35.0,0.27050986886024475,15.274551391601562,,,,,,,
68100,23.0,0.18269014358520508,19.210315704345703,,,,,,,
68200,27.0,0.17656123638153076,19.344181060791016,,,,,,,
68300,35.0,0.2752542495727539,15.746574401855469,,,,,,,
68400,23.0,0.20990338921546936,18.27758026123047,,,,,,,
68500,35.0,0.30043676495552063,14.64644718170166,,,,,,,
68600,35.0,0.22425447404384613,16.950000762939453,,,,,,,
68700,35.0,0.2854929268360138,14.546615600585938,,,,,,,
68800,35.0,0.24725446105003357,15.767802238464355,,,,,,,
68900,35.0,0.25593245029449463,16.063066482543945,,,,,,,
69000,35.0,0.2320953756570816,16.24085235595703,,,,,,,
69100,35.0,0.23135550320148468,16.624168395996094,,,,,,,
69200,23.0,0.24984128773212433,16.615047454833984,,,,,,,
69300,35.0,0.27546390891075134,15.441020011901855,,,,,,,
69400,27.0,0.24176853895187378,17.5449275970459,,,,,,,
69500,35.0,0.21307817101478577,17.347869873046875,,,,,,,
69600,35.0,0.2971723675727844,14.638679504394531,,,,,,,
69700,35.0,0.27044615149497986,15.246724128723145,,,,,,,
69800,27.0,0.24736179411411285,16.67319107055664,,,,,,,
69900,23.0,0.24392518401145935,16.37457275390625,,,,,,,
70000,23.0,0.2603379786014557,16.23900032043457,,,,,,,
70100,35.0,0.2741372585296631,14.903692245483398,,,,,,,
70200,35.0,0.2059912532567978,17.48914337158203,,,,,,,
70300,23.0,0.24596311151981354,16.43450355529785,,,,,,,
70400,27.0,0.23124496638774872,16.956787109375,,,,,,,
70500,23.0,0.2318379282951355,16.978330612182617,,,,,,,
70600,27.0,0.30449143052101135,14.423696517944336,,,,,,,
70700,27.0,0.21180419623851776,17.649396896362305,,,,,,,
70800,23.0,0.2804630696773529,15.529190063476562,,,,,,,
70900,27.0,0.2858925759792328,15.291346549987793,,,,,,,
71000,27.0,0.188262939453125,18.747663497924805,,,,,,,
71100,35.0,0.2987196743488312,14.856805801391602,,,,,,,
71200,35.0,0.2600061595439911,15.51260757446289,,,,,,,
71300,35.0,0.2915549874305725,14.368886947631836,,,,,,,
71400,27.0,0.23765380680561066,17.17588996887207,,,,,,,
71500,27.0,0.21364471316337585,17.9183406829834,,,,,,,
71600,35.0,0.262238085269928,15.626805305480957,,,,,,,
71700,23.0,0.27316978573799133,15.940618515014648,,,,,,,
71800,27.0,0.3117891550064087,15.28451156616211,,,,,,,
71900,27.0,0.27844902873039246,15.39104175567627,,,,,,,
72000,23.0,0.26879674196243286,15.484298706054688,,,,,,,
72100,23.0,0.3226734697818756,14.496460914611816,,,,,,,
72200,27.0,0.21078810095787048,18.216575622558594,,,,,,,
72300,35.0,0.23573747277259827,16.563034057617188,,,,,,,
72400,35.0,0.2868667542934418,14.931791305541992,,,,,,,
72500,23.0,0.23070640861988068,17.139305114746094,,,,,,,
72600,27.0,0.22319677472114563,17.915864944458008,,,,,,,
72700,23.0,0.2897600531578064,15.258750915527344,,,,,,,
72800,27.0,0.22395889461040497,17.366004943847656,,,,,,,
72900,23.0,0.2654581069946289,16.0457706451416,,,,,,,
73000,27.0,0.24082590639591217,16.866947174072266,,,,,,,
73100,35.0,0.2325899749994278,16.61084747314453,,,,,,,
73200,35.0,0.2378825545310974,15.82776165008545,,,,,,,
73300,35.0,0.21797744929790497,16.841041564941406,,,,,,,
73400,27.0,0.20655591785907745,17.32602310180664,,,,,,,
73500,27.0,0.20585571229457855,17.784189224243164,,,,,,,
73600,23.0,0.24316558241844177,16.549280166625977,,,,,,,
73700,27.0,0.23280708491802216,17.102863311767578,,,,,,,
73800,23.0,0.3137575685977936,14.027795791625977,,,,,,,
73900,23.0,0.2394433170557022,17.339496612548828,,,,,,,
74000,35.0,0.2689606249332428,15.145021438598633,,,,,,,
74100,27.0,0.2857072353363037,16.060684204101562,,,,,,,
74200,27.0,0.1649119108915329,19.83424186706543,,,,,,,
74300,35.0,0.24474580585956573,16.225168228149414,,,,,,,
74400,27.0,0.2676829695701599,15.962336540222168,,,,,,,
74500,27.0,0.267446368932724,15.832374572753906,,,,,,,
74600,23.0,0.2483268529176712,16.804523468017578,,,,,,,
74700,27.0,0.2635488510131836,15.673107147216797,,,,,,,
74800,27.0,0.2641475200653076,16.640525817871094,,,,,,,
74900,27.0,0.21931912004947662,18.006874084472656,,,,,,,
75000,35.0,0.2155873328447342,17.0253849029541,,,,,,,
75100,27.0,0.28626880049705505,15.53622055053711,,,,,,,
75200,35.0,0.20567753911018372,17.193647384643555,,,,,,,
75300,35.0,0.28640466928482056,14.527507781982422,,,,,,,
75400,23.0,0.210630401968956,17.875404357910156,,,,,,,
75500,35.0,0.27990543842315674,15.285646438598633,,,,,,,
75600,35.0,0.21028576791286469,17.109567642211914,,,,,,,
75700,23.0,0.2638091742992401,16.648189544677734,,,,,,,
75800,35.0,0.25148871541023254,15.969902038574219,,,,,,,
75900,27.0,0.21875230967998505,17.642559051513672,,,,,,,
76000,27.0,0.23012354969978333,17.294538497924805,,,,,,,
76100,35.0,0.21833635866641998,16.797523498535156,,,,,,,
76200,27.0,0.2342357188463211,17.50690269470215,,,,,,,
76300,35.0,0.31428131461143494,14.270448684692383,,,,,,,
76400,35.0,0.2562355101108551,15.906193733215332,,,,,,,
76500,27.0,0.24518539011478424,16.35332489013672,,,,,,,
76600,23.0,0.28050678968429565,15.454386711120605,,,,,,,
76700,23.0,0.30335456132888794,14.596949577331543,,,,,,,
76800,35.0,0.26050013303756714,15.206449508666992,,,,,,,
76900,35.0,0.26798608899116516,15.496378898620605,,,,,,,
77000,23.0,0.24070152640342712,16.94255828857422,,,,,,,
77100,23.0,0.24611125886440277,16.283342361450195,,,,,,,
77200,35.0,0.25912797451019287,15.920674324035645,,,,,,,
77300,35.0,0.2593822181224823,15.551305770874023,,,,,,,
77400,35.0,0.2935466170310974,14.741899490356445,,,,,,,
77500,27.0,0.19762778282165527,18.38079833984375,,,,,,,
77600,35.0,0.28758206963539124,14.495081901550293,,,,,,,
77700,35.0,0.25782454013824463,15.626666069030762,,,,,,,
77800,35.0,0.27118462324142456,15.57539176940918,,,,,,,
77900,35.0,0.30081579089164734,14.62813663482666,,,,,,,
78000,23.0,0.30022990703582764,15.354156494140625,,,,,,,
78100,27.0,0.23299024999141693,17.34491729736328,,,,,,,
78200,27.0,0.26818937063217163,16.197429656982422,,,,,,,
78300,35.0,0.24127577245235443,16.088085174560547,,,,,,,
78400,23.0,0.24249552190303802,16.456453323364258,,,,,,,
78500,35.0,0.22067834436893463,16.616722106933594,,,,,,,
78600,23.0,0.23374800384044647,17.825477600097656,,,,,,,
78700,27.0,0.2241256684064865,16.68673324584961,,,,,,,
78800,27.0,0.2619679272174835,16.9556884765625,,,,,,,
78900,23.0,0.2541935443878174,16.517820358276367,,,,,,,
79000,23.0,0.3113291561603546,14.395576477050781,,,,,,,
79100,27.0,0.1994781196117401,18.167625427246094,,,,,,,
79200,27.0,0.263111412525177,16.08365821838379,,,,,,,
79300,35.0,0.220413938164711,16.74595832824707,,,,,,,
79400,23.0,0.2451218217611313,16.168264389038086,,,,,,,
79500,23.0,0.26437312364578247,15.689424514770508,,,,,,,
79600,23.0,0.23598943650722504,16.950504302978516,,,,,,,
79700,35.0,0.2366446852684021,16.702905654907227,,,,,,,
79800,35.0,0.24791362881660461,15.938209533691406,,,,,,,
79900,27.0,0.18922817707061768,19.074146270751953,,,,,,,
80000,23.0,0.2808310091495514,15.712364196777344,,,,,,,
80100,35.0,0.3026359975337982,14.70780086517334,,,,,,,
80200,27.0,0.21677690744400024,17.82357406616211,,,,,,,
80300,23.0,0.21752053499221802,17.487266540527344,,,,,,,
80400,23.0,0.2627700865268707,15.917640686035156,,,,,,,
80500,23.0,0.31260401010513306,14.55950927734375,,,,,,,
80600,23.0,0.21313424408435822,18.149656295776367,,,,,,,
80700,23.0,0.25862911343574524,16.29031753540039,,,,,,,
80800,35.0,0.25721287727355957,16.416881561279297,,,,,,,
80900,35.0,0.22250734269618988,17.21783447265625,,,,,,,
81000,23.0,0.21624961495399475,18.038007736206055,,,,,,,
81100,27.0,0.2711418569087982,16.34569549560547,,,,,,,
81200,35.0,0.22973878681659698,16.758399963378906,,,,,,,
81300,35.0,0.2650447487831116,15.726463317871094,,,,,,,
81400,23.0,0.24951818585395813,16.681673049926758,,,,,,,
81500,27.0,0.25926172733306885,16.340927124023438,,,,,,,
81600,27.0,0.27838537096977234,16.183448791503906,,,,,,,
81700,35.0,0.21331004798412323,17.002927780151367,,,,,,,
81800,23.0,0.21393734216690063,17.86821174621582,,,,,,,
81900,23.0,0.2779143750667572,15.674698829650879,,,,,,,
82000,23.0,0.23896954953670502,16.45787811279297,,,,,,,
82100,27.0,0.21043257415294647,18.366912841796875,,,,,,,
82200,23.0,0.22071732580661774,17.87954330444336,,,,,,,
82300,23.0,0.2575262486934662,15.843574523925781,,,,,,,
82400,35.0,0.2965254485607147,15.104255676269531,,,,,,,
82500,23.0,0.2537788152694702,16.606891632080078,,,,,,,
82600,23.0,0.257821649312973,15.918774604797363,,,,,,,
82700,35.0,0.2686566710472107,15.299274444580078,,,,,,,
82800,27.0,0.1989060491323471,19.362354278564453,,,,,,,
82900,23.0,0.25403258204460144,16.11134147644043,,,,,,,
83000,23.0,0.3057062327861786,14.637073516845703,,,,,,,
83100,27.0,0.2376081794500351,16.828632354736328,,,,,,,
83200,27.0,0.2553500831127167,16.39226531982422,,,,,,,
83300,23.0,0.24059519171714783,16.71611213684082,,,,,,,
83400,23.0,0.25457829236984253,16.157657623291016,,,,,,,
83500,23.0,0.22323478758335114,17.227466583251953,,,,,,,
83600,27.0,0.21973980963230133,17.692710876464844,,,,,,,
83700,35.0,0.24933110177516937,15.873708724975586,,,,,,,
83800,27.0,0.1946232169866562,18.290834426879883,,,,,,,
83900,23.0,0.24222394824028015,16.442527770996094,,,,,,,
84000,23.0,0.25913384556770325,16.227222442626953,,,,,,,
84100,23.0,0.2860054075717926,15.632078170776367,,,,,,,
84200,35.0,0.29463398456573486,14.398313522338867,,,,,,,
84300,27.0,0.21833254396915436,17.492942810058594,,,,,,,
84400,23.0,0.2966711223125458,15.659128189086914,,,,,,,
84500,35.0,0.2762604057788849,14.88298511505127,,,,,,,
84600,23.0,0.2842756509780884,15.461862564086914,,,,,,,
84700,27.0,0.2568339407444,17.243558883666992,,,,,,,
84800,35.0,0.3561357259750366,13.2435302734375,,,,,,,
84900,35.0,0.20710065960884094,17.241525650024414,,,,,,,
85000,35.0,0.22973427176475525,16.63058090209961,,,,,,,
85100,35.0,0.23370957374572754,16.464454650878906,,,,,,,
85200,23.0,0.24435487389564514,16.595256805419922,,,,,,,
85300,35.0,0.22942222654819489,16.578563690185547,,,,,,,
85400,35.0,0.22772935032844543,16.55777931213379,,,,,,,
85500,23.0,0.2338687777519226,16.821922302246094,,,,,,,
85600,35.0,0.2864655554294586,14.977155685424805,,,,,,,
85700,35.0,0.2742023766040802,14.728232383728027,,,,,,,
85800,35.0,0.1913418024778366,17.58481788635254,,,,,,,
85900,35.0,0.28144437074661255,14.796324729919434,,,,,,,
86000,35.0,0.2565656006336212,16.138412475585938,,,,,,,
86100,23.0,0.20779381692409515,17.966697692871094,,,,,,,
86200,27.0,0.2586804926395416,15.921341896057129,,,,,,,
86300,27.0,0.20834532380104065,18.05803108215332,,,,,,,
86400,27.0,0.2092171460390091,18.056528091430664,,,,,,,
86500,27.0,0.19733858108520508,18.100154876708984,,,,,,,
86600,27.0,0.25408345460891724,16.340953826904297,,,,,,,
86700,35.0,0.29438504576683044,14.64457893371582,,,,,,,
86800,23.0,0.23818400502204895,16.91905975341797,,,,,,,
86900,27.0,0.2931964695453644,15.098583221435547,,,,,,,
87000,27.0,0.22782999277114868,17.1705322265625,,,,,,,
87100,35.0,0.22432151436805725,17.502973556518555,,,,,,,
87200,23.0,0.2806769907474518,15.176246643066406,,,,,,,
87300,27.0,0.2746044993400574,15.446252822875977,,,,,,,
87400,35.0,0.2821764647960663,14.837788581848145,,,,,,,
87500,35.0,0.2503730058670044,15.888898849487305,,,,,,,
87600,27.0,0.23724938929080963,17.39954948425293,,,,,,,
87700,27.0,0.22525595128536224,17.684024810791016,,,,,,,
87800,35.0,0.21671420335769653,16.728187561035156,,,,,,,
87900,27.0,0.22704122960567474,17.48408317565918,,,,,,,
88000,35.0,0.2712135910987854,15.565448760986328,,,,,,,
88100,35.0,0.29839828610420227,14.977910041809082,,,,,,,
88200,35.0,0.2078714519739151,17.38851547241211,,,,,,,
88300,27.0,0.25656402111053467,16.56640625,,,,,,,
88400,27.0,0.21716174483299255,18.298995971679688,,,,,,,
88500,35.0,0.27670422196388245,15.153348922729492,,,,,,,
88600,35.0,0.24761705100536346,15.684989929199219,,,,,,,
88700,35.0,0.26792678236961365,15.74797248840332,,,,,,,
88800,27.0,0.2159736454486847,17.666179656982422,,,,,,,
88900,27.0,0.2595900297164917,16.297405242919922,,,,,,,
89000,27.0,0.3128712475299835,15.154499053955078,,,,,,,
89100,27.0,0.2784700095653534,16.487712860107422,,,,,,,
89200,35.0,0.24209663271903992,15.470893859863281,,,,,,,
89300,35.0,0.23435813188552856,16.327417373657227,,,,,,,
89400,23.0,0.22211837768554688,17.7358341217041,,,,,,,
89500,35.0,0.23024171590805054,16.491289138793945,,,,,,,
89600,23.0,0.23045001924037933,17.029529571533203,,,,,,,
89700,35.0,0.34030503034591675,13.919111251831055,,,,,,,
89800,35.0,0.26836612820625305,15.819646835327148,,,,,,,
89900,27.0,0.2691137194633484,16.321720123291016,,,,,,,
90000,27.0,0.23565247654914856,16.87425422668457,,,,,,,
90100,27.0,0.26440292596817017,16.443008422851562,,,,,,,
90200,35.0,0.23603570461273193,16.35812759399414,,,,,,,
90300,23.0,0.26566600799560547,16.251930236816406,,,,,,,
90400,35.0,0.2434939295053482,16.02837562561035,,,,,,,
90500,35.0,0.3172403872013092,13.943426132202148,,,,,,,
90600,35.0,0.27184081077575684,15.663235664367676,,,,,,,
90700,27.0,0.2647068500518799,16.254581451416016,,,,,,,
90800,35.0,0.29183077812194824,14.731016159057617,,,,,,,
90900,35.0,0.22666014730930328,16.444026947021484,,,,,,,
91000,35.0,0.286777138710022,14.798710823059082,,,,,,,
91100,27.0,0.2274804264307022,16.85129737854004,,,,,,,
91200,27.0,0.2819412648677826,15.305099487304688,,,,,,,
91300,23.0,0.23073504865169525,16.75776481628418,,,,,,,
91400,35.0,0.23944473266601562,16.07822036743164,,,,,,,
91500,23.0,0.1888173222541809,18.947389602661133,,,,,,,
91600,27.0,0.25522902607917786,15.831805229187012,,,,,,,
91700,35.0,0.2733994424343109,14.821910858154297,,,,,,,
91800,27.0,0.27050721645355225,16.107757568359375,,,,,,,
91900,35.0,0.20987826585769653,17.439268112182617,,,,,,,
92000,35.0,0.27058708667755127,15.552356719970703,,,,,,,
92100,35.0,0.2627866566181183,15.574239730834961,,,,,,,
92200,35.0,0.26120737195014954,15.532907485961914,,,,,,,
92300,23.0,0.2872107923030853,15.826314926147461,,,,,,,
92400,35.0,0.2704058587551117,15.398317337036133,,,,,,,
92500,27.0,0.2129938155412674,18.028095245361328,,,,,,,
92600,27.0,0.2625840902328491,16.581531524658203,,,,,,,
92700,23.0,0.24666966497898102,16.384517669677734,,,,,,,
92800,35.0,0.2234073281288147,16.535804748535156,,,,,,,
92900,23.0,0.23075026273727417,17.392642974853516,,,,,,,
93000,35.0,0.23582494258880615,16.73605728149414,,,,,,,
93100,35.0,0.30211490392684937,14.435489654541016,,,,,,,
93200,35.0,0.25791898369789124,16.11836051940918,,,,,,,
93300,23.0,0.26541605591773987,16.40484619140625,,,,,,,
93400,23.0,0.2567692697048187,16.32846450805664,,,,,,,
93500,27.0,0.3305942714214325,14.90098762512207,,,,,,,
93600,27.0,0.16839653253555298,19.678979873657227,,,,,,,
93700,35.0,0.295071005821228,15.009214401245117,,,,,,,
93800,35.0,0.2423088550567627,16.200786590576172,,,,,,,
93900,27.0,0.337681382894516,14.57315444946289,,,,,,,
94000,23.0,0.2263839691877365,17.795392990112305,,,,,,,
94100,35.0,0.25103211402893066,16.757217407226562,,,,,,,
94200,23.0,0.24072717130184174,16.930465698242188,,,,,,,
94300,27.0,0.26783862709999084,15.321706771850586,,,,,,,
94400,35.0,0.30588680505752563,14.109296798706055,,,,,,,
94500,23.0,0.20936648547649384,17.926294326782227,,,,,,,
94600,27.0,0.21441613137722015,17.458553314208984,,,,,,,
94700,27.0,0.25465327501296997,16.211811065673828,,,,,,,
94800,35.0,0.23404483497142792,16.54136085510254,,,,,,,
94900,35.0,0.2515065670013428,16.282913208007812,,,,,,,
95000,27.0,0.23264606297016144,16.91815948486328,,,,,,,
95100,27.0,0.2885642349720001,15.853446006774902,,,,,,,
95200,23.0,0.2654379606246948,16.858078002929688,,,,,,,
95300,27.0,0.2845819592475891,15.779794692993164,,,,,,,
95400,23.0,0.24324652552604675,16.516448974609375,,,,,,,
95500,35.0,0.20566605031490326,17.594924926757812,,,,,,,
95600,27.0,0.23824261128902435,17.125438690185547,,,,,,,
95700,23.0,0.24842038750648499,16.226049423217773,,,,,,,
95800,27.0,0.2420785278081894,16.749332427978516,,,,,,,
95900,27.0,0.19984190165996552,17.942707061767578,,,,,,,
96000,23.0,0.21645766496658325,17.80083465576172,,,,,,,
96100,23.0,0.2964375615119934,14.914790153503418,,,,,,,
96200,23.0,0.23054280877113342,17.19231414794922,,,,,,,
96300,27.0,0.20648756623268127,17.970233917236328,,,,,,,
96400,35.0,0.2734934389591217,15.286243438720703,,,,,,,
96500,35.0,0.2921374440193176,14.893339157104492,,,,,,,
96600,35.0,0.251321017742157,16.29012680053711,,,,,,,
96700,27.0,0.26101741194725037,16.403911590576172,,,,,,,
96800,23.0,0.24427378177642822,16.0007266998291,,,,,,,
96900,23.0,0.236115962266922,17.314668655395508,,,,,,,
97000,35.0,0.2555084526538849,15.903609275817871,,,,,,,
97100,27.0,0.20611006021499634,17.515880584716797,,,,,,,
97200,35.0,0.20162387192249298,17.02557945251465,,,,,,,
97300,23.0,0.2952273190021515,15.119983673095703,,,,,,,
97400,35.0,0.29919856786727905,14.422369003295898,,,,,,,
97500,35.0,0.235062375664711,16.752225875854492,,,,,,,
97600,27.0,0.22309324145317078,17.368061065673828,,,,,,,
97700,27.0,0.23099268972873688,17.183155059814453,,,,,,,
97800,23.0,0.2544814348220825,16.352699279785156,,,,,,,
97900,27.0,0.1947738081216812,18.20305633544922,,,,,,,
98000,23.0,0.23486120998859406,16.767730712890625,,,,,,,
98100,23.0,0.258610337972641,16.638385772705078,,,,,,,
98200,35.0,0.28509223461151123,14.401801109313965,,,,,,,
98300,23.0,0.2599545419216156,16.546388626098633,,,,,,,
98400,27.0,0.28037509322166443,15.59924030303955,,,,,,,
98500,23.0,0.28004398941993713,15.42223072052002,,,,,,,
98600,27.0,0.24151431024074554,17.305248260498047,,,,,,,
98700,35.0,0.26532116532325745,15.37685775756836,,,,,,,
98800,27.0,0.26596906781196594,16.147069931030273,,,,,,,
98900,35.0,0.25389304757118225,15.830645561218262,,,,,,,
99000,27.0,0.33738020062446594,13.985607147216797,,,,,,,
99100,35.0,0.2633436620235443,15.415513038635254,,,,,,,
99200,23.0,0.22205466032028198,17.419628143310547,,,,,,,
99300,23.0,0.23837734758853912,16.910545349121094,,,,,,,
99400,35.0,0.2724359631538391,15.54694938659668,,,,,,,
99500,35.0,0.2689029574394226,15.34274673461914,,,,,,,
99600,35.0,0.24941331148147583,16.18366241455078,,,,,,,
99700,27.0,0.2168079912662506,17.714845657348633,,,,,,,
99800,35.0,0.2963331639766693,14.9285888671875,,,,,,,
99900,23.0,0.25467923283576965,16.695363998413086,,,,,,,
