step,train/loss,train/psnr,val/avg_psnr,val/imagenet-weather_psnr,val/imagenet-weather_ssim
0,0.41462811827659607,10.298388481140137,17.685209274291992,17.685209274291992,0.7035918831825256
1,,,17.89369773864746,17.89369773864746,0.6961835026741028
2,,,17.672666549682617,17.672666549682617,0.6688213348388672
3,,,17.902021408081055,17.902021408081055,0.6944249868392944
4,,,18.207326889038086,18.207326889038086,0.7068531513214111
5,,,18.55308723449707,18.55308723449707,0.7166632413864136
6,,,18.272994995117188,18.272994995117188,0.7081871032714844
7,,,18.307619094848633,18.307619094848633,0.7030948400497437
8,,,18.42854881286621,18.42854881286621,0.7000408172607422
9,,,17.901622772216797,17.901622772216797,0.6862684488296509
10,,,17.604515075683594,17.604515075683594,0.6825495362281799
11,,,18.349504470825195,18.349504470825195,0.7018517255783081
12,,,18.966869354248047,18.966869354248047,0.7268412113189697
13,,,18.73046875,18.73046875,0.7109454870223999
14,,,18.42902946472168,18.42902946472168,0.6999353170394897
15,,,18.505151748657227,18.505151748657227,0.7012688517570496
16,,,18.505075454711914,18.505075454711914,0.6955170631408691
17,,,18.63658332824707,18.63658332824707,0.7257381677627563
18,,,18.635278701782227,18.635278701782227,0.6992616653442383
19,,,18.602079391479492,18.602079391479492,0.7084178328514099
20,,,18.333267211914062,18.333267211914062,0.6929720044136047
21,,,18.52094078063965,18.52094078063965,0.7092462778091431
22,,,18.83765983581543,18.83765983581543,0.7182672023773193
23,,,18.822154998779297,18.822154998779297,0.71585613489151
24,,,18.8060302734375,18.8060302734375,0.7064722776412964
25,,,18.124988555908203,18.124988555908203,0.6864684820175171
26,,,18.70840835571289,18.70840835571289,0.705098032951355
27,,,18.94684600830078,18.94684600830078,0.7235498428344727
28,,,18.541418075561523,18.541418075561523,0.6999645829200745
29,,,18.58206558227539,18.58206558227539,0.7080689668655396
30,,,18.846920013427734,18.846920013427734,0.7229583859443665
31,,,18.433387756347656,18.433387756347656,0.6980562210083008
32,,,18.909194946289062,18.909194946289062,0.7090635299682617
33,,,18.906408309936523,18.906408309936523,0.7132263779640198
34,,,18.686588287353516,18.686588287353516,0.7025220394134521
35,,,18.958744049072266,18.958744049072266,0.7154539227485657
36,,,18.745132446289062,18.745132446289062,0.7080713510513306
37,,,18.99234962463379,18.99234962463379,0.7194507122039795
38,,,18.88245391845703,18.88245391845703,0.7147300243377686
39,,,18.340089797973633,18.340089797973633,0.6962266564369202
40,,,18.66229820251465,18.66229820251465,0.7042022347450256
41,,,19.07128143310547,19.07128143310547,0.7239980101585388
42,,,18.757476806640625,18.757476806640625,0.702345073223114
43,,,18.743499755859375,18.743499755859375,0.7083224654197693
44,,,18.670392990112305,18.670392990112305,0.6938098669052124
45,,,18.86049461364746,18.86049461364746,0.708014190196991
46,,,19.10886001586914,19.10886001586914,0.721396803855896
47,,,18.866039276123047,18.866039276123047,0.7110106348991394
48,,,18.916366577148438,18.916366577148438,0.7187434434890747
49,,,18.759733200073242,18.759733200073242,0.7151741981506348
50,,,18.91541862487793,18.91541862487793,0.7086728811264038
51,,,18.75178337097168,18.75178337097168,0.710917592048645
52,,,18.447166442871094,18.447166442871094,0.6911771893501282
53,,,18.984088897705078,18.984088897705078,0.7138102650642395
54,,,18.8636474609375,18.8636474609375,0.7039141654968262
55,,,18.786584854125977,18.786584854125977,0.709871768951416
56,,,18.991783142089844,18.991783142089844,0.7195926904678345
57,,,18.782752990722656,18.782752990722656,0.7101920247077942
58,,,18.879539489746094,18.879539489746094,0.7033699154853821
59,,,18.893102645874023,18.893102645874023,0.7116559147834778
60,,,18.83338165283203,18.83338165283203,0.7118726372718811
61,,,19.275527954101562,19.275527954101562,0.7286031246185303
62,,,19.08083724975586,19.08083724975586,0.7191573977470398
63,,,18.9061222076416,18.9061222076416,0.7146634459495544
64,,,18.8553466796875,18.8553466796875,0.7095838189125061
65,,,18.956880569458008,18.956880569458008,0.7110936045646667
66,,,19.25047492980957,19.25047492980957,0.7237284183502197
67,,,19.036848068237305,19.036848068237305,0.7154034376144409
68,,,18.878807067871094,18.878807067871094,0.7045879364013672
69,,,19.199636459350586,19.199636459350586,0.7248947024345398
70,,,18.978187561035156,18.978187561035156,0.7144807577133179
71,,,18.972505569458008,18.972505569458008,0.7137998342514038
72,,,19.000680923461914,19.000680923461914,0.7121774554252625
73,,,18.996240615844727,18.996240615844727,0.7141506671905518
74,,,18.781986236572266,18.781986236572266,0.7081922888755798
75,,,19.024532318115234,19.024532318115234,0.7141661047935486
76,,,18.915081024169922,18.915081024169922,0.709759533405304
77,,,18.93335723876953,18.93335723876953,0.7095403671264648
78,,,18.931446075439453,18.931446075439453,0.7092340588569641
79,,,19.049579620361328,19.049579620361328,0.7155631184577942
80,,,18.867273330688477,18.867273330688477,0.7062156796455383
81,,,19.029863357543945,19.029863357543945,0.7129826545715332
82,,,18.802536010742188,18.802536010742188,0.7025245428085327
83,,,18.928632736206055,18.928632736206055,0.7097070217132568
84,,,19.04029083251953,19.04029083251953,0.7148178219795227
85,,,18.969003677368164,18.969003677368164,0.7111965417861938
86,,,18.893184661865234,18.893184661865234,0.7105751037597656
87,,,18.91245460510254,18.91245460510254,0.7073653936386108
88,,,18.974502563476562,18.974502563476562,0.7141245603561401
89,,,18.998611450195312,18.998611450195312,0.7140029668807983
90,,,18.959842681884766,18.959842681884766,0.7113050818443298
91,,,19.016468048095703,19.016468048095703,0.7120106816291809
92,,,19.010026931762695,19.010026931762695,0.7160768508911133
93,,,18.96114158630371,18.96114158630371,0.7131747007369995
94,,,19.030227661132812,19.030227661132812,0.7146928906440735
95,,,18.944238662719727,18.944238662719727,0.7095257639884949
96,,,19.007129669189453,19.007129669189453,0.7126399278640747
97,,,19.009727478027344,19.009727478027344,0.7138519883155823
98,,,18.96202278137207,18.96202278137207,0.7102259993553162
99,,,18.969865798950195,18.969865798950195,0.711851954460144
100,0.1546264886856079,15.228277206420898,,,
200,0.18282878398895264,14.816045761108398,,,
300,0.1308322548866272,15.967595100402832,,,
400,0.18135862052440643,14.534440994262695,,,
500,0.18723145127296448,14.171796798706055,,,
600,0.19539229571819305,14.399189949035645,,,
700,0.1549585610628128,15.033376693725586,,,
800,0.1593233346939087,15.213993072509766,,,
900,0.13392327725887299,15.674360275268555,,,
1000,0.1657535433769226,15.244750022888184,,,
1100,0.14394056797027588,15.75881576538086,,,
1200,0.15283600986003876,15.696481704711914,,,
1300,0.20492129027843475,14.637353897094727,,,
1400,0.1428447663784027,15.564401626586914,,,
1500,0.16958080232143402,15.098854064941406,,,
1600,0.14015154540538788,15.32223129272461,,,
1700,0.17784295976161957,14.191099166870117,,,
1800,0.0985148474574089,17.17496109008789,,,
1900,0.1983477771282196,14.855524063110352,,,
2000,0.1196051836013794,16.116836547851562,,,
2100,0.1509149819612503,15.733570098876953,,,
2200,0.12410863488912582,16.59962272644043,,,
2300,0.14715099334716797,16.588232040405273,,,
2400,0.21349698305130005,13.492698669433594,,,
2500,0.10746954381465912,16.68271255493164,,,
2600,0.20853838324546814,13.761415481567383,,,
2700,0.15522247552871704,15.227259635925293,,,
2800,0.10193526744842529,17.09392547607422,,,
2900,0.23178645968437195,13.447271347045898,,,
3000,0.14224758744239807,15.79615592956543,,,
3100,0.15299123525619507,14.967636108398438,,,
3200,0.18904787302017212,14.293045043945312,,,
3300,0.1644858419895172,15.028929710388184,,,
3400,0.11461833119392395,16.225341796875,,,
3500,0.1892683357000351,14.247060775756836,,,
3600,0.1417795717716217,16.153385162353516,,,
3700,0.13923633098602295,15.673271179199219,,,
3800,0.13806116580963135,16.394174575805664,,,
3900,0.18000385165214539,15.421646118164062,,,
4000,0.22828702628612518,13.337841033935547,,,
4100,0.15828517079353333,16.00582504272461,,,
4200,0.20286282896995544,13.982684135437012,,,
4300,0.1392432451248169,15.767601013183594,,,
4400,0.10860704630613327,16.72622299194336,,,
4500,0.1901378631591797,15.766347885131836,,,
4600,0.142284095287323,15.43171501159668,,,
4700,0.2006242722272873,14.86303424835205,,,
4800,0.16465365886688232,15.188804626464844,,,
4900,0.14178234338760376,15.523061752319336,,,
5000,0.12963351607322693,15.964468002319336,,,
5100,0.099000483751297,17.131366729736328,,,
5200,0.12809813022613525,15.987275123596191,,,
5300,0.10861366242170334,16.739654541015625,,,
5400,0.16377486288547516,15.235658645629883,,,
5500,0.22859272360801697,13.008095741271973,,,
5600,0.15437422692775726,15.166070938110352,,,
5700,0.14140203595161438,15.519950866699219,,,
5800,0.2249353528022766,13.572811126708984,,,
5900,0.10427447408437729,17.326976776123047,,,
6000,0.11138099431991577,16.240089416503906,,,
6100,0.14269506931304932,16.271860122680664,,,
6200,0.18331190943717957,15.331426620483398,,,
6300,0.15962043404579163,15.373446464538574,,,
6400,0.15462267398834229,14.959455490112305,,,
6500,0.1396864652633667,15.691776275634766,,,
6600,0.16606104373931885,14.919066429138184,,,
6700,0.171251580119133,15.063185691833496,,,
6800,0.14293210208415985,15.889305114746094,,,
6900,0.1361522227525711,16.335079193115234,,,
7000,0.1604524850845337,14.932882308959961,,,
7100,0.23572245240211487,13.606438636779785,,,
7200,0.1938943862915039,14.558156967163086,,,
7300,0.1925860345363617,14.72028923034668,,,
7400,0.16610834002494812,15.742079734802246,,,
7500,0.15762506425380707,16.55938148498535,,,
7600,0.17406408488750458,14.455607414245605,,,
7700,0.1530715674161911,15.903909683227539,,,
7800,0.12869228422641754,15.669376373291016,,,
7900,0.16180925071239471,14.923415184020996,,,
8000,0.18694239854812622,14.51097583770752,,,
8100,0.0987783670425415,17.896617889404297,,,
8200,0.17085441946983337,15.051910400390625,,,
8300,0.20755235850811005,14.477088928222656,,,
8400,0.13575980067253113,15.742353439331055,,,
8500,0.1214638203382492,15.892736434936523,,,
8600,0.14329592883586884,14.947713851928711,,,
8700,0.16807447373867035,15.005633354187012,,,
8800,0.150258868932724,15.735030174255371,,,
8900,0.16379153728485107,15.488117218017578,,,
9000,0.1441430151462555,15.277603149414062,,,
9100,0.17053329944610596,15.712518692016602,,,
9200,0.17535695433616638,14.904682159423828,,,
9300,0.20125386118888855,14.359107971191406,,,
9400,0.12389936298131943,16.145763397216797,,,
9500,0.19887134432792664,13.993141174316406,,,
9600,0.17481856048107147,16.040023803710938,,,
9700,0.17280834913253784,14.952136039733887,,,
9800,0.18598191440105438,14.559566497802734,,,
9900,0.1753932237625122,14.856863975524902,,,
10000,0.14294648170471191,15.312155723571777,,,
10100,0.17267388105392456,14.983020782470703,,,
10200,0.14473405480384827,15.362895965576172,,,
10300,0.15017077326774597,15.553217887878418,,,
10400,0.13565057516098022,15.82870101928711,,,
10500,0.17306077480316162,14.957002639770508,,,
10600,0.2120392620563507,14.8323974609375,,,
10700,0.13117603957653046,16.003082275390625,,,
10800,0.14182904362678528,15.582719802856445,,,
10900,0.1045960783958435,17.49350929260254,,,
11000,0.1282730996608734,15.706130027770996,,,
11100,0.17839381098747253,15.002742767333984,,,
11200,0.13258224725723267,15.836345672607422,,,
11300,0.20517846941947937,14.559869766235352,,,
11400,0.1551852524280548,16.15719223022461,,,
11500,0.19719676673412323,15.57780933380127,,,
11600,0.16518323123455048,15.431653022766113,,,
11700,0.08715775609016418,17.9689998626709,,,
11800,0.16983716189861298,15.189546585083008,,,
11900,0.11856091022491455,16.564355850219727,,,
12000,0.15218450129032135,15.256063461303711,,,
12100,0.13368217647075653,16.017541885375977,,,
12200,0.24965807795524597,13.102001190185547,,,
12300,0.15547677874565125,15.535301208496094,,,
12400,0.15975534915924072,15.170953750610352,,,
12500,0.1322498619556427,15.74605941772461,,,
12600,0.12805545330047607,16.94875717163086,,,
12700,0.19004201889038086,14.750420570373535,,,
12800,0.12940408289432526,16.44707489013672,,,
12900,0.1382880061864853,16.009822845458984,,,
13000,0.14426745474338531,15.645655632019043,,,
13100,0.16948509216308594,14.973976135253906,,,
13200,0.12908963859081268,15.672187805175781,,,
13300,0.15830779075622559,14.890119552612305,,,
13400,0.16315442323684692,14.91575813293457,,,
13500,0.1570933759212494,15.070801734924316,,,
13600,0.17273955047130585,14.96487045288086,,,
13700,0.1998053789138794,14.047358512878418,,,
13800,0.2323034703731537,14.09776496887207,,,
13900,0.12108030170202255,16.119091033935547,,,
14000,0.11579864472150803,16.891048431396484,,,
14100,0.15189003944396973,16.300928115844727,,,
14200,0.1527913212776184,15.376269340515137,,,
14300,0.1962910294532776,14.686775207519531,,,
14400,0.19561603665351868,14.468452453613281,,,
14500,0.2168382704257965,13.961240768432617,,,
14600,0.18322257697582245,15.028462409973145,,,
14700,0.160490944981575,15.708372116088867,,,
14800,0.15177449584007263,14.64979076385498,,,
14900,0.1270955502986908,16.020034790039062,,,
15000,0.11272519826889038,16.38161849975586,,,
15100,0.1519913673400879,15.923980712890625,,,
15200,0.15586431324481964,15.271286010742188,,,
15300,0.13794682919979095,16.01673698425293,,,
15400,0.16281758248806,15.589639663696289,,,
15500,0.18957266211509705,15.283170700073242,,,
15600,0.18455258011817932,14.820932388305664,,,
15700,0.16102924942970276,15.489319801330566,,,
15800,0.16867266595363617,15.43345832824707,,,
15900,0.1703559160232544,15.719071388244629,,,
16000,0.15493568778038025,15.496477127075195,,,
16100,0.1504412591457367,16.020061492919922,,,
16200,0.11238549649715424,16.546838760375977,,,
16300,0.15043550729751587,15.508705139160156,,,
16400,0.1338374763727188,16.47602653503418,,,
16500,0.17170922458171844,14.771387100219727,,,
16600,0.1309211254119873,16.851966857910156,,,
16700,0.13846608996391296,15.803190231323242,,,
16800,0.12371055781841278,16.161123275756836,,,
16900,0.1198018416762352,16.594995498657227,,,
17000,0.16880685091018677,14.927231788635254,,,
17100,0.2545861601829529,12.618636131286621,,,
17200,0.16783039271831512,15.2963228225708,,,
17300,0.11502061784267426,16.035552978515625,,,
17400,0.1778090000152588,15.646012306213379,,,
17500,0.2165503203868866,13.92570686340332,,,
17600,0.11574764549732208,17.090892791748047,,,
17700,0.12624767422676086,16.20502471923828,,,
17800,0.09530889987945557,17.685104370117188,,,
17900,0.14346936345100403,15.736307144165039,,,
18000,0.15178558230400085,16.15760040283203,,,
18100,0.163949117064476,15.475374221801758,,,
18200,0.13029907643795013,16.38282585144043,,,
18300,0.09609134495258331,17.373306274414062,,,
18400,0.1162993535399437,16.61923599243164,,,
18500,0.13212798535823822,15.854369163513184,,,
18600,0.14492683112621307,16.102994918823242,,,
18700,0.14727765321731567,15.318191528320312,,,
18800,0.13144174218177795,15.623801231384277,,,
18900,0.12239416688680649,16.68657112121582,,,
19000,0.1434973031282425,15.43004035949707,,,
19100,0.1412181705236435,15.382406234741211,,,
19200,0.1542121022939682,14.795280456542969,,,
19300,0.18518273532390594,15.655160903930664,,,
19400,0.10673197358846664,16.683170318603516,,,
19500,0.14553797245025635,15.673437118530273,,,
19600,0.16194245219230652,14.939434051513672,,,
19700,0.17036041617393494,14.89043140411377,,,
19800,0.15691028535366058,15.489376068115234,,,
19900,0.09147640317678452,17.703777313232422,,,
20000,0.18150457739830017,14.755961418151855,,,
20100,0.17202982306480408,15.185768127441406,,,
20200,0.09611140191555023,17.129056930541992,,,
20300,0.18487975001335144,14.749326705932617,,,
20400,0.11991428583860397,16.608469009399414,,,
20500,0.1704111546278,14.886534690856934,,,
20600,0.16738355159759521,14.742509841918945,,,
20700,0.15978822112083435,15.902531623840332,,,
20800,0.18680286407470703,14.150226593017578,,,
20900,0.17513573169708252,14.807117462158203,,,
21000,0.16165374219417572,15.134672164916992,,,
21100,0.1592068374156952,15.650847434997559,,,
21200,0.20690378546714783,14.23259449005127,,,
21300,0.17489200830459595,14.396583557128906,,,
21400,0.1672540307044983,14.867815017700195,,,
21500,0.12617909908294678,16.264850616455078,,,
21600,0.17615148425102234,15.519842147827148,,,
21700,0.09404635429382324,17.534873962402344,,,
21800,0.10944627225399017,16.632030487060547,,,
21900,0.16018237173557281,16.036361694335938,,,
22000,0.11020863056182861,16.655479431152344,,,
22100,0.25564995408058167,13.420822143554688,,,
22200,0.19109421968460083,15.40878677368164,,,
22300,0.11564430594444275,17.90793228149414,,,
22400,0.18654899299144745,15.422266006469727,,,
22500,0.1276988685131073,15.73011589050293,,,
22600,0.18086931109428406,14.202320098876953,,,
22700,0.18709628283977509,14.476503372192383,,,
22800,0.13573001325130463,16.549928665161133,,,
22900,0.15040044486522675,15.190251350402832,,,
23000,0.11777367442846298,16.331817626953125,,,
23100,0.15844419598579407,15.23501968383789,,,
23200,0.12675228714942932,16.34780502319336,,,
23300,0.11214705556631088,16.316007614135742,,,
23400,0.15369479358196259,15.395018577575684,,,
23500,0.15302422642707825,15.380578994750977,,,
23600,0.0987575352191925,17.048471450805664,,,
23700,0.07246915996074677,18.134979248046875,,,
23800,0.08906745165586472,17.666107177734375,,,
23900,0.1556902527809143,15.393187522888184,,,
24000,0.1536462903022766,16.065074920654297,,,
24100,0.1426154226064682,16.00533676147461,,,
24200,0.2401566207408905,13.835886001586914,,,
24300,0.1097034439444542,16.553709030151367,,,
24400,0.17245706915855408,15.156515121459961,,,
24500,0.15560899674892426,15.120575904846191,,,
24600,0.09316834807395935,17.703947067260742,,,
24700,0.16212373971939087,15.300121307373047,,,
24800,0.22891609370708466,13.278958320617676,,,
24900,0.18789491057395935,13.915827751159668,,,
25000,0.15762589871883392,15.24806022644043,,,
25100,0.14422735571861267,15.6639404296875,,,
25200,0.11644836515188217,16.309316635131836,,,
25300,0.19114753603935242,14.689200401306152,,,
25400,0.14982156455516815,15.980940818786621,,,
25500,0.16237471997737885,15.53438949584961,,,
25600,0.1980029046535492,14.265317916870117,,,
25700,0.14216841757297516,15.877885818481445,,,
25800,0.1498713344335556,15.793941497802734,,,
25900,0.17989122867584229,14.357222557067871,,,
26000,0.08490194380283356,17.95124053955078,,,
26100,0.16650527715682983,15.365580558776855,,,
26200,0.1314045488834381,16.419254302978516,,,
26300,0.1596282571554184,15.134101867675781,,,
26400,0.1361694186925888,16.48067855834961,,,
26500,0.1992359459400177,14.117860794067383,,,
26600,0.17345738410949707,14.850077629089355,,,
26700,0.19128060340881348,14.157794952392578,,,
26800,0.13418444991111755,16.44253158569336,,,
26900,0.1458224058151245,15.738728523254395,,,
27000,0.1372789591550827,15.818461418151855,,,
27100,0.20705056190490723,14.198522567749023,,,
27200,0.1307714283466339,15.938385963439941,,,
27300,0.10114899277687073,16.934326171875,,,
27400,0.18507298827171326,14.752250671386719,,,
27500,0.10125287622213364,17.06470489501953,,,
27600,0.11110764741897583,16.62554931640625,,,
27700,0.1426781266927719,16.13704490661621,,,
27800,0.19391241669654846,14.59410285949707,,,
27900,0.1276305615901947,16.87825584411621,,,
28000,0.18671950697898865,14.852643013000488,,,
28100,0.10771048069000244,17.000057220458984,,,
28200,0.2351505011320114,13.260923385620117,,,
28300,0.14493221044540405,15.971257209777832,,,
28400,0.15219652652740479,15.25613021850586,,,
28500,0.1475069224834442,16.06207847595215,,,
28600,0.14200428128242493,16.051685333251953,,,
28700,0.10939746350049973,16.700109481811523,,,
28800,0.14705809950828552,16.225265502929688,,,
28900,0.26749300956726074,13.54702091217041,,,
29000,0.09708460420370102,17.70806884765625,,,
29100,0.1916462481021881,15.101285934448242,,,
29200,0.19681833684444427,15.524701118469238,,,
29300,0.1625959575176239,15.546188354492188,,,
29400,0.11684921383857727,17.2133731842041,,,
29500,0.11426123231649399,16.787921905517578,,,
29600,0.1770515888929367,15.22653865814209,,,
29700,0.19515572488307953,15.138998031616211,,,
29800,0.1704702079296112,15.435321807861328,,,
29900,0.1534116119146347,16.00922393798828,,,
30000,0.09813946485519409,17.179794311523438,,,
30100,0.17542396485805511,15.1467866897583,,,
30200,0.11553406715393066,17.000431060791016,,,
30300,0.14555731415748596,15.085017204284668,,,
30400,0.1745987981557846,15.32980728149414,,,
30500,0.17925319075584412,15.09388542175293,,,
30600,0.11867737025022507,16.313093185424805,,,
30700,0.17761127650737762,14.793342590332031,,,
30800,0.14179854094982147,15.648019790649414,,,
30900,0.18349449336528778,14.862248420715332,,,
31000,0.15834034979343414,15.134218215942383,,,
31100,0.08244587481021881,18.123130798339844,,,
31200,0.15319442749023438,15.243424415588379,,,
31300,0.22394447028636932,14.219764709472656,,,
31400,0.11398983001708984,16.449016571044922,,,
31500,0.18309664726257324,14.486262321472168,,,
31600,0.14703263342380524,15.268265724182129,,,
31700,0.14923088252544403,15.354042053222656,,,
31800,0.15967348217964172,15.83935546875,,,
31900,0.15354304015636444,15.351327896118164,,,
32000,0.14507558941841125,16.278278350830078,,,
32100,0.13223078846931458,16.436647415161133,,,
32200,0.12272630631923676,16.85411262512207,,,
32300,0.17000345885753632,15.741809844970703,,,
32400,0.1275973618030548,16.654193878173828,,,
32500,0.1064985990524292,17.43423843383789,,,
32600,0.13719138503074646,15.341682434082031,,,
32700,0.16395148634910583,15.712516784667969,,,
32800,0.18178677558898926,14.867289543151855,,,
32900,0.1312389224767685,16.217451095581055,,,
33000,0.20890599489212036,14.317222595214844,,,
33100,0.1669319123029709,16.10219955444336,,,
33200,0.13470499217510223,15.952293395996094,,,
33300,0.13285525143146515,16.178386688232422,,,
33400,0.12940743565559387,15.988447189331055,,,
33500,0.12530188262462616,15.843544006347656,,,
33600,0.1485687494277954,15.138639450073242,,,
33700,0.14006055891513824,15.712507247924805,,,
33800,0.17087559401988983,15.457578659057617,,,
33900,0.13437055051326752,16.532398223876953,,,
34000,0.19864945113658905,14.693880081176758,,,
34100,0.20279714465141296,14.571269989013672,,,
34200,0.17489854991436005,14.351461410522461,,,
34300,0.09275247901678085,17.892093658447266,,,
34400,0.09054147452116013,17.292831420898438,,,
34500,0.13148538768291473,16.22612953186035,,,
34600,0.17162589728832245,16.052932739257812,,,
34700,0.1437395066022873,16.41986846923828,,,
34800,0.17634552717208862,15.009405136108398,,,
34900,0.0849667638540268,17.653522491455078,,,
35000,0.24204331636428833,13.391168594360352,,,
35100,0.24231593310832977,14.214869499206543,,,
35200,0.07450464367866516,18.31072998046875,,,
35300,0.1533348262310028,15.316054344177246,,,
35400,0.1039421558380127,17.344833374023438,,,
35500,0.13837260007858276,15.942508697509766,,,
35600,0.10233980417251587,17.854400634765625,,,
35700,0.20194683969020844,14.858007431030273,,,
35800,0.22676965594291687,13.943496704101562,,,
35900,0.149830624461174,15.9246244430542,,,
36000,0.15401314198970795,16.017892837524414,,,
36100,0.0813755914568901,18.19210433959961,,,
36200,0.20236095786094666,14.553339004516602,,,
36300,0.2122565507888794,13.9722900390625,,,
36400,0.10563981533050537,17.498523712158203,,,
36500,0.1796768605709076,14.768950462341309,,,
36600,0.19563615322113037,15.582862854003906,,,
36700,0.22614124417304993,14.206872940063477,,,
36800,0.1964815855026245,15.346858978271484,,,
36900,0.16286912560462952,15.371485710144043,,,
37000,0.1537669599056244,15.644229888916016,,,
37100,0.09860476106405258,16.94521713256836,,,
37200,0.1499330997467041,15.600224494934082,,,
37300,0.1270419806241989,17.245990753173828,,,
37400,0.12609413266181946,16.623336791992188,,,
37500,0.12893269956111908,16.496021270751953,,,
37600,0.15392285585403442,15.651434898376465,,,
37700,0.10288934409618378,16.8936824798584,,,
37800,0.15951484441757202,15.369029998779297,,,
37900,0.13742473721504211,16.028106689453125,,,
38000,0.14258387684822083,16.206668853759766,,,
38100,0.16803543269634247,15.440513610839844,,,
38200,0.22526037693023682,13.680599212646484,,,
38300,0.1705615520477295,15.120508193969727,,,
38400,0.13980692625045776,16.06149673461914,,,
38500,0.16382265090942383,15.105558395385742,,,
38600,0.11772224307060242,16.6962947845459,,,
38700,0.17604193091392517,14.681316375732422,,,
38800,0.13718220591545105,16.176761627197266,,,
38900,0.171781986951828,14.489309310913086,,,
39000,0.14433836936950684,15.477246284484863,,,
39100,0.1248374804854393,16.908920288085938,,,
39200,0.16770514845848083,15.40803337097168,,,
39300,0.1964588761329651,14.344053268432617,,,
39400,0.14254745841026306,15.448710441589355,,,
39500,0.149836003780365,15.311626434326172,,,
39600,0.14477591216564178,15.82104778289795,,,
39700,0.1635408103466034,14.953958511352539,,,
39800,0.12916159629821777,16.532442092895508,,,
39900,0.11979226768016815,16.400089263916016,,,
40000,0.23739048838615417,13.035086631774902,,,
40100,0.13519583642482758,15.684412002563477,,,
40200,0.13147637248039246,16.590789794921875,,,
40300,0.17162615060806274,14.87939167022705,,,
40400,0.1562986671924591,15.240293502807617,,,
40500,0.16483548283576965,15.697160720825195,,,
40600,0.1534663736820221,15.912814140319824,,,
40700,0.1719425916671753,15.251437187194824,,,
40800,0.19743460416793823,15.420422554016113,,,
40900,0.15816760063171387,15.164275169372559,,,
41000,0.14707601070404053,15.845542907714844,,,
41100,0.20822247862815857,14.238101959228516,,,
41200,0.18201231956481934,15.17757797241211,,,
41300,0.14011335372924805,16.135175704956055,,,
41400,0.12294139713048935,16.717327117919922,,,
41500,0.11754219979047775,16.355228424072266,,,
41600,0.1865668147802353,14.697378158569336,,,
41700,0.1475728154182434,15.671401977539062,,,
41800,0.15548184514045715,14.93094253540039,,,
41900,0.1335812211036682,15.665963172912598,,,
42000,0.19858162105083466,14.05756664276123,,,
42100,0.16011816263198853,15.785358428955078,,,
42200,0.1058259829878807,17.714527130126953,,,
42300,0.1631971001625061,15.881091117858887,,,
42400,0.10706078261137009,17.444561004638672,,,
42500,0.16116568446159363,15.490283966064453,,,
42600,0.14967070519924164,14.808143615722656,,,
42700,0.1429998278617859,15.506855010986328,,,
42800,0.12093707919120789,16.842304229736328,,,
42900,0.07971659302711487,18.337764739990234,,,
43000,0.10382181406021118,16.961170196533203,,,
43100,0.22787801921367645,13.97268295288086,,,
43200,0.14706504344940186,15.815288543701172,,,
43300,0.12000596523284912,17.353858947753906,,,
43400,0.18235889077186584,14.361802101135254,,,
43500,0.14451242983341217,16.389644622802734,,,
43600,0.1101168543100357,17.190658569335938,,,
43700,0.18136975169181824,14.612960815429688,,,
43800,0.1742846965789795,16.030956268310547,,,
43900,0.07680943608283997,17.8024845123291,,,
44000,0.15648460388183594,15.654600143432617,,,
44100,0.1705678105354309,16.180397033691406,,,
44200,0.12232623994350433,16.427213668823242,,,
44300,0.1436910480260849,15.198665618896484,,,
44400,0.17265459895133972,15.004313468933105,,,
44500,0.12160342931747437,16.484033584594727,,,
44600,0.1521235704421997,15.618444442749023,,,
44700,0.10216077417135239,16.653959274291992,,,
44800,0.15724295377731323,15.250235557556152,,,
44900,0.16330522298812866,15.662672996520996,,,
45000,0.20092634856700897,14.429096221923828,,,
45100,0.13757628202438354,15.655125617980957,,,
45200,0.13986383378505707,15.659799575805664,,,
45300,0.17277085781097412,14.715519905090332,,,
45400,0.20481625199317932,14.779096603393555,,,
45500,0.20955491065979004,14.799596786499023,,,
45600,0.1142755001783371,16.74894142150879,,,
45700,0.17658476531505585,15.02011489868164,,,
45800,0.10986799001693726,16.507110595703125,,,
45900,0.17729529738426208,14.798553466796875,,,
46000,0.11975006759166718,16.569671630859375,,,
46100,0.15768098831176758,15.112529754638672,,,
46200,0.15752920508384705,15.364879608154297,,,
46300,0.135955348610878,16.191818237304688,,,
46400,0.1518554538488388,15.83459186553955,,,
46500,0.07662849128246307,17.983322143554688,,,
46600,0.14621716737747192,15.51638412475586,,,
46700,0.14792358875274658,15.38138198852539,,,
46800,0.14883533120155334,15.08045482635498,,,
46900,0.14893996715545654,16.28307342529297,,,
47000,0.1563643515110016,15.61346435546875,,,
47100,0.09652765840291977,18.110021591186523,,,
47200,0.1945982277393341,14.267004013061523,,,
47300,0.238456130027771,13.696033477783203,,,
47400,0.14420674741268158,15.756511688232422,,,
47500,0.08313433825969696,18.048614501953125,,,
47600,0.10604634135961533,16.785585403442383,,,
47700,0.11965540051460266,17.07929229736328,,,
47800,0.11319980025291443,16.773611068725586,,,
47900,0.18329709768295288,15.40822982788086,,,
48000,0.15031187236309052,15.890592575073242,,,
48100,0.11749058961868286,17.085031509399414,,,
48200,0.08229221403598785,18.254220962524414,,,
48300,0.24047252535820007,14.028693199157715,,,
48400,0.14033928513526917,15.814567565917969,,,
48500,0.14149382710456848,15.509170532226562,,,
48600,0.12406578660011292,16.476240158081055,,,
48700,0.08914647996425629,18.041593551635742,,,
48800,0.1415507048368454,15.49116039276123,,,
48900,0.16849523782730103,14.725234985351562,,,
49000,0.1456822156906128,16.35808753967285,,,
49100,0.1775447577238083,14.133018493652344,,,
49200,0.14353659749031067,15.81274127960205,,,
49300,0.12655797600746155,16.215662002563477,,,
49400,0.19706496596336365,14.58460521697998,,,
49500,0.13799476623535156,16.522024154663086,,,
49600,0.15582798421382904,15.809908866882324,,,
49700,0.16010577976703644,15.306440353393555,,,
49800,0.1424361616373062,16.59720802307129,,,
49900,0.1419585645198822,15.84368896484375,,,
50000,0.1383027732372284,16.672481536865234,,,
50100,0.13788394629955292,17.04294776916504,,,
50200,0.09558753669261932,17.36150550842285,,,
50300,0.07195205986499786,18.081539154052734,,,
50400,0.12685011327266693,16.479726791381836,,,
50500,0.0960816740989685,17.124277114868164,,,
50600,0.19279339909553528,15.215353012084961,,,
50700,0.19240769743919373,14.851110458374023,,,
50800,0.1123974621295929,16.74301528930664,,,
50900,0.12108853459358215,16.99747085571289,,,
51000,0.11567448079586029,16.667095184326172,,,
51100,0.17634770274162292,15.500106811523438,,,
51200,0.13475164771080017,15.850078582763672,,,
51300,0.14447513222694397,15.394708633422852,,,
51400,0.1494901478290558,15.258424758911133,,,
51500,0.12133002281188965,16.23379898071289,,,
51600,0.18990755081176758,15.73324966430664,,,
51700,0.19170963764190674,14.682270050048828,,,
51800,0.1798563450574875,15.31639289855957,,,
51900,0.19381539523601532,14.705205917358398,,,
52000,0.1765473335981369,16.000276565551758,,,
52100,0.2267761081457138,13.322458267211914,,,
52200,0.21525341272354126,13.813899993896484,,,
52300,0.11979645490646362,16.478496551513672,,,
52400,0.15519940853118896,15.368432998657227,,,
52500,0.1698019951581955,15.697053909301758,,,
52600,0.1267634928226471,16.005779266357422,,,
52700,0.11304639279842377,16.92898941040039,,,
52800,0.13569319248199463,15.872971534729004,,,
52900,0.16331712901592255,14.830185890197754,,,
53000,0.15204434096813202,15.314767837524414,,,
53100,0.14095810055732727,16.658905029296875,,,
53200,0.1596382111310959,14.999780654907227,,,
53300,0.1026046872138977,17.75322723388672,,,
53400,0.11939150094985962,16.745361328125,,,
53500,0.1140042170882225,16.756580352783203,,,
53600,0.16160006821155548,15.721498489379883,,,
53700,0.13499265909194946,16.679872512817383,,,
53800,0.16907474398612976,15.092220306396484,,,
53900,0.1543162763118744,15.588937759399414,,,
54000,0.13819287717342377,15.299665451049805,,,
54100,0.1653899997472763,15.430925369262695,,,
54200,0.12351727485656738,16.646406173706055,,,
54300,0.19379977881908417,14.34722900390625,,,
54400,0.12769672274589539,15.851268768310547,,,
54500,0.13144129514694214,16.349300384521484,,,
54600,0.09486984461545944,17.43415641784668,,,
54700,0.12106647342443466,16.994483947753906,,,
54800,0.19636766612529755,15.164148330688477,,,
54900,0.1645924150943756,15.095355033874512,,,
55000,0.1295713186264038,16.19476318359375,,,
55100,0.14481234550476074,15.795984268188477,,,
55200,0.10685797035694122,16.79509925842285,,,
55300,0.08105175942182541,18.23672103881836,,,
55400,0.16464278101921082,15.421381950378418,,,
55500,0.18544992804527283,15.519275665283203,,,
55600,0.16513872146606445,14.984249114990234,,,
55700,0.15273922681808472,16.108776092529297,,,
55800,0.1703321784734726,14.87903881072998,,,
55900,0.116383396089077,16.2935848236084,,,
56000,0.23047038912773132,13.383073806762695,,,
56100,0.17650547623634338,15.476888656616211,,,
56200,0.14717048406600952,16.060470581054688,,,
56300,0.09270839393138885,17.565288543701172,,,
56400,0.15569272637367249,15.124832153320312,,,
56500,0.16831694543361664,14.806219100952148,,,
56600,0.09889911860227585,17.16213607788086,,,
56700,0.10684385150671005,18.163883209228516,,,
56800,0.09969766438007355,17.421255111694336,,,
56900,0.16814854741096497,15.104594230651855,,,
57000,0.15100237727165222,15.835525512695312,,,
57100,0.13164359331130981,15.95095443725586,,,
57200,0.1774134337902069,14.954273223876953,,,
57300,0.09741692245006561,17.136207580566406,,,
57400,0.10198237746953964,17.06478500366211,,,
57500,0.11351920664310455,16.70255470275879,,,
57600,0.18926066160202026,14.934799194335938,,,
57700,0.127084881067276,16.531875610351562,,,
57800,0.13977859914302826,16.281455993652344,,,
57900,0.09453243017196655,18.14417266845703,,,
58000,0.11280488967895508,16.480419158935547,,,
58100,0.1797974556684494,15.004998207092285,,,
58200,0.14109694957733154,15.794803619384766,,,
58300,0.1721397340297699,15.411746978759766,,,
58400,0.13060395419597626,16.20000457763672,,,
58500,0.12928283214569092,16.67033576965332,,,
58600,0.18278919160366058,15.194643020629883,,,
58700,0.11449780315160751,17.17487144470215,,,
58800,0.17737619578838348,15.031970977783203,,,
58900,0.13150517642498016,16.946868896484375,,,
59000,0.19291850924491882,15.602850914001465,,,
59100,0.16040775179862976,14.768278121948242,,,
59200,0.12080606818199158,16.175682067871094,,,
59300,0.12163761258125305,15.890026092529297,,,
59400,0.15515151619911194,16.1529598236084,,,
59500,0.13085660338401794,16.306182861328125,,,
59600,0.16293558478355408,15.475504875183105,,,
59700,0.11128506064414978,16.486949920654297,,,
59800,0.21470019221305847,14.318548202514648,,,
59900,0.1803557574748993,14.80331039428711,,,
60000,0.23417583107948303,14.100858688354492,,,
60100,0.17321430146694183,15.191487312316895,,,
60200,0.15709693729877472,15.961087226867676,,,
60300,0.18868154287338257,14.728837013244629,,,
60400,0.14824873208999634,15.654016494750977,,,
60500,0.1113865002989769,17.789262771606445,,,
60600,0.1336037814617157,15.679914474487305,,,
60700,0.13187599182128906,16.046464920043945,,,
60800,0.21533048152923584,14.116767883300781,,,
60900,0.12639814615249634,16.968149185180664,,,
61000,0.15740364789962769,15.295685768127441,,,
61100,0.11033191531896591,16.983386993408203,,,
61200,0.0838271975517273,17.84649658203125,,,
61300,0.12611447274684906,16.57594871520996,,,
61400,0.11841478198766708,16.603321075439453,,,
61500,0.15429499745368958,15.615983963012695,,,
61600,0.1532219797372818,16.184459686279297,,,
61700,0.09410224854946136,17.820423126220703,,,
61800,0.15469464659690857,15.108879089355469,,,
61900,0.15386198461055756,16.020225524902344,,,
62000,0.14430266618728638,16.979867935180664,,,
62100,0.22307440638542175,14.289281845092773,,,
62200,0.20233666896820068,14.024442672729492,,,
62300,0.21302656829357147,14.864446640014648,,,
62400,0.14533931016921997,16.153156280517578,,,
62500,0.12342759221792221,17.39487075805664,,,
62600,0.11898434162139893,16.047828674316406,,,
62700,0.137104794383049,16.305431365966797,,,
62800,0.1763838529586792,15.540810585021973,,,
62900,0.15652507543563843,15.358287811279297,,,
63000,0.08517753332853317,17.990419387817383,,,
63100,0.1262919008731842,15.969463348388672,,,
63200,0.16122764348983765,15.216399192810059,,,
63300,0.12845729291439056,16.38106918334961,,,
63400,0.10081645846366882,17.279428482055664,,,
63500,0.13482382893562317,15.945014953613281,,,
63600,0.15157216787338257,15.92667293548584,,,
63700,0.16724130511283875,15.194149017333984,,,
63800,0.1177409291267395,16.64124298095703,,,
63900,0.11952780187129974,17.027132034301758,,,
64000,0.14717547595500946,15.19578742980957,,,
64100,0.1398361176252365,15.529325485229492,,,
64200,0.21764719486236572,14.148582458496094,,,
64300,0.11091408133506775,17.39984893798828,,,
64400,0.15599706768989563,15.412128448486328,,,
64500,0.12817250192165375,17.42574691772461,,,
64600,0.11656015366315842,16.998043060302734,,,
64700,0.19658713042736053,14.417755126953125,,,
64800,0.1494113653898239,15.967538833618164,,,
64900,0.16664539277553558,16.067689895629883,,,
65000,0.17079398036003113,15.422666549682617,,,
65100,0.17709526419639587,14.97198486328125,,,
65200,0.15845118463039398,15.170980453491211,,,
65300,0.1803310364484787,15.424617767333984,,,
65400,0.13821512460708618,15.960963249206543,,,
65500,0.11791199445724487,16.74631118774414,,,
65600,0.19478023052215576,14.587260246276855,,,
65700,0.14258137345314026,16.30133056640625,,,
65800,0.14943985641002655,16.587148666381836,,,
65900,0.15877792239189148,15.496564865112305,,,
66000,0.12679238617420197,16.48392105102539,,,
66100,0.18294315040111542,14.519041061401367,,,
66200,0.1261443942785263,16.321487426757812,,,
66300,0.12144686281681061,17.072120666503906,,,
66400,0.1567443609237671,16.121694564819336,,,
66500,0.25208526849746704,13.149160385131836,,,
66600,0.1189950704574585,16.272300720214844,,,
66700,0.14160557091236115,17.181838989257812,,,
66800,0.19645899534225464,15.286582946777344,,,
66900,0.10199066996574402,17.695106506347656,,,
67000,0.18560890853405,14.98483657836914,,,
67100,0.18376433849334717,14.706596374511719,,,
67200,0.16223792731761932,15.831233978271484,,,
67300,0.11786504089832306,16.36530113220215,,,
67400,0.13422024250030518,15.959463119506836,,,
67500,0.13304491341114044,16.121463775634766,,,
67600,0.19126993417739868,14.38962173461914,,,
67700,0.17523574829101562,15.004549026489258,,,
67800,0.13896988332271576,16.03940200805664,,,
67900,0.13070067763328552,16.644718170166016,,,
68000,0.15851569175720215,15.508476257324219,,,
68100,0.16895902156829834,14.958319664001465,,,
68200,0.13870081305503845,15.667970657348633,,,
68300,0.17591604590415955,15.424856185913086,,,
68400,0.15402323007583618,15.341630935668945,,,
68500,0.1560092717409134,16.025257110595703,,,
68600,0.13914668560028076,15.993617057800293,,,
68700,0.13014544546604156,15.904123306274414,,,
68800,0.1749342978000641,15.195511817932129,,,
68900,0.1748051643371582,15.742389678955078,,,
69000,0.1306694597005844,16.03817367553711,,,
69100,0.12465765327215195,17.235916137695312,,,
69200,0.11799801886081696,16.46623992919922,,,
69300,0.20886430144309998,14.200761795043945,,,
69400,0.09136128425598145,17.348499298095703,,,
69500,0.16541042923927307,15.51574993133545,,,
69600,0.13983096182346344,16.082000732421875,,,
69700,0.13548314571380615,16.272769927978516,,,
69800,0.1748548001050949,15.407846450805664,,,
69900,0.14072397351264954,15.481057167053223,,,
70000,0.18911658227443695,14.797911643981934,,,
70100,0.1383661925792694,15.714691162109375,,,
70200,0.22815904021263123,14.420165061950684,,,
70300,0.13288651406764984,16.743011474609375,,,
70400,0.12430905550718307,16.287416458129883,,,
70500,0.1618971824645996,15.224407196044922,,,
70600,0.1737377941608429,15.349233627319336,,,
70700,0.11391725391149521,16.647727966308594,,,
70800,0.1441793441772461,15.941254615783691,,,
70900,0.16693881154060364,15.239544868469238,,,
71000,0.16264498233795166,15.749573707580566,,,
71100,0.15843212604522705,15.353748321533203,,,
71200,0.17133229970932007,14.867236137390137,,,
71300,0.15440815687179565,16.48916244506836,,,
71400,0.1857472062110901,14.557440757751465,,,
71500,0.11835136264562607,16.929279327392578,,,
71600,0.15105293691158295,15.903092384338379,,,
71700,0.21392938494682312,15.155252456665039,,,
71800,0.1196136623620987,16.81863021850586,,,
71900,0.1559598445892334,15.683935165405273,,,
72000,0.12124969065189362,16.463903427124023,,,
72100,0.1576986014842987,15.48577880859375,,,
72200,0.17134110629558563,15.2071533203125,,,
72300,0.11770659685134888,16.775836944580078,,,
72400,0.12752124667167664,16.07364273071289,,,
72500,0.14941561222076416,15.309687614440918,,,
72600,0.14494164288043976,15.656575202941895,,,
72700,0.18097369372844696,15.064781188964844,,,
72800,0.132778137922287,16.219181060791016,,,
72900,0.1670340895652771,16.013731002807617,,,
73000,0.19483301043510437,14.708024978637695,,,
73100,0.25086361169815063,13.391805648803711,,,
73200,0.12106230109930038,16.73027229309082,,,
73300,0.15702080726623535,15.710607528686523,,,
73400,0.10932990908622742,16.998889923095703,,,
73500,0.1290074735879898,16.637168884277344,,,
73600,0.14078275859355927,15.530198097229004,,,
73700,0.1560470312833786,15.252208709716797,,,
73800,0.1786300390958786,16.296239852905273,,,
73900,0.12119258940219879,16.4583683013916,,,
74000,0.14934274554252625,15.93809700012207,,,
74100,0.14945381879806519,15.912759780883789,,,
74200,0.13354605436325073,16.1416015625,,,
74300,0.19274179637432098,15.709892272949219,,,
74400,0.13147282600402832,16.071208953857422,,,
74500,0.16809451580047607,15.101781845092773,,,
74600,0.20335763692855835,14.470256805419922,,,
74700,0.1628924310207367,15.583985328674316,,,
74800,0.16199736297130585,15.614747047424316,,,
74900,0.15633860230445862,15.9935884475708,,,
75000,0.12907427549362183,16.20777130126953,,,
75100,0.14388124644756317,15.830052375793457,,,
75200,0.1438617706298828,16.717714309692383,,,
75300,0.09862692654132843,17.55075454711914,,,
75400,0.12632933259010315,16.071609497070312,,,
75500,0.12199926376342773,16.4462947845459,,,
75600,0.1213604137301445,17.2929744720459,,,
75700,0.07834354043006897,18.4715633392334,,,
75800,0.15113934874534607,15.686551094055176,,,
75900,0.14664557576179504,15.82458782196045,,,
76000,0.08730173110961914,17.650978088378906,,,
76100,0.1056986078619957,17.491825103759766,,,
76200,0.18076634407043457,14.644024848937988,,,
76300,0.0883275717496872,17.637367248535156,,,
76400,0.12621723115444183,16.220556259155273,,,
76500,0.18636588752269745,14.57152271270752,,,
76600,0.16222736239433289,15.26857852935791,,,
76700,0.14795728027820587,15.720991134643555,,,
76800,0.21814963221549988,14.248926162719727,,,
76900,0.13819573819637299,16.418636322021484,,,
77000,0.13391049206256866,15.819056510925293,,,
77100,0.1669999063014984,16.041786193847656,,,
77200,0.16093134880065918,15.467265129089355,,,
77300,0.16438516974449158,15.559968948364258,,,
77400,0.12258704751729965,16.27468490600586,,,
77500,0.24304436147212982,14.709297180175781,,,
77600,0.12633416056632996,16.541269302368164,,,
77700,0.12361085414886475,16.651601791381836,,,
77800,0.16880863904953003,15.305148124694824,,,
77900,0.17852887511253357,15.990817070007324,,,
78000,0.18856488168239594,14.530928611755371,,,
78100,0.1745850294828415,14.829913139343262,,,
78200,0.20923995971679688,14.981525421142578,,,
78300,0.15544167160987854,14.814735412597656,,,
78400,0.1566545069217682,15.46152114868164,,,
78500,0.15637031197547913,15.401185989379883,,,
78600,0.12019811570644379,16.20677375793457,,,
78700,0.12090125679969788,16.38850975036621,,,
78800,0.14336536824703217,16.446359634399414,,,
78900,0.1116994321346283,16.824996948242188,,,
79000,0.08208152651786804,17.94157600402832,,,
79100,0.21684937179088593,14.518975257873535,,,
79200,0.18444201350212097,14.925525665283203,,,
79300,0.2107662558555603,15.004478454589844,,,
79400,0.14405256509780884,16.31841278076172,,,
79500,0.1385233849287033,16.34005355834961,,,
79600,0.12310397624969482,16.0830020904541,,,
79700,0.12742888927459717,16.408849716186523,,,
79800,0.13859893381595612,15.410019874572754,,,
79900,0.13864925503730774,15.972673416137695,,,
80000,0.1338127702474594,16.054489135742188,,,
80100,0.12346800416707993,16.663591384887695,,,
80200,0.15714994072914124,16.063613891601562,,,
80300,0.16652268171310425,15.152088165283203,,,
80400,0.16282235085964203,15.401612281799316,,,
80500,0.16188108921051025,15.73126220703125,,,
80600,0.20512108504772186,14.229554176330566,,,
80700,0.16932736337184906,16.286684036254883,,,
80800,0.10398035496473312,17.524642944335938,,,
80900,0.13081227242946625,16.181293487548828,,,
81000,0.09916603565216064,17.24981689453125,,,
81100,0.14158573746681213,16.11052703857422,,,
81200,0.14802758395671844,15.396178245544434,,,
81300,0.15266984701156616,15.355849266052246,,,
81400,0.19006270170211792,14.667169570922852,,,
81500,0.1692197322845459,15.389095306396484,,,
81600,0.0965813398361206,17.010040283203125,,,
81700,0.1523715853691101,15.826152801513672,,,
81800,0.15194880962371826,15.540445327758789,,,
81900,0.14846965670585632,15.763219833374023,,,
82000,0.13659587502479553,16.69765853881836,,,
82100,0.10545214265584946,17.511489868164062,,,
82200,0.07667364925146103,17.75796890258789,,,
82300,0.26319894194602966,13.678144454956055,,,
82400,0.15622715651988983,15.538139343261719,,,
82500,0.14992651343345642,15.254250526428223,,,
82600,0.10764205455780029,17.15965461730957,,,
82700,0.155262291431427,15.322105407714844,,,
82800,0.14753341674804688,15.51872444152832,,,
82900,0.13122376799583435,15.762264251708984,,,
83000,0.17543649673461914,14.837897300720215,,,
83100,0.16316905617713928,14.81106948852539,,,
83200,0.1611773669719696,15.352225303649902,,,
83300,0.1504620909690857,15.79010009765625,,,
83400,0.13524451851844788,17.221118927001953,,,
83500,0.1056651771068573,16.702922821044922,,,
83600,0.10660634934902191,16.76526641845703,,,
83700,0.22074399888515472,14.404950141906738,,,
83800,0.13442818820476532,16.827627182006836,,,
83900,0.14634284377098083,16.37954330444336,,,
84000,0.1797707974910736,14.722982406616211,,,
84100,0.16689932346343994,14.923566818237305,,,
84200,0.1560751348733902,15.28032398223877,,,
84300,0.15382245182991028,16.16356658935547,,,
84400,0.08317378163337708,18.00440788269043,,,
84500,0.10998521745204926,16.575786590576172,,,
84600,0.19702744483947754,14.435157775878906,,,
84700,0.10604613274335861,16.657814025878906,,,
84800,0.14525876939296722,16.40838623046875,,,
84900,0.12862913310527802,15.956358909606934,,,
85000,0.17612461745738983,15.569154739379883,,,
85100,0.18296658992767334,14.678664207458496,,,
85200,0.1613389104604721,15.20032024383545,,,
85300,0.12216939777135849,16.240293502807617,,,
85400,0.16070452332496643,15.201897621154785,,,
85500,0.15399745106697083,15.697237968444824,,,
85600,0.13810542225837708,16.48748016357422,,,
85700,0.18379652500152588,14.672324180603027,,,
85800,0.18908552825450897,14.571399688720703,,,
85900,0.2251492440700531,13.152345657348633,,,
86000,0.16815224289894104,15.182180404663086,,,
86100,0.10933368653059006,16.92333984375,,,
86200,0.10578310489654541,16.834972381591797,,,
86300,0.11929627507925034,16.182098388671875,,,
86400,0.16550180315971375,15.763423919677734,,,
86500,0.1531231701374054,15.255721092224121,,,
86600,0.1271173357963562,16.10599708557129,,,
86700,0.16627977788448334,15.293286323547363,,,
86800,0.10759984701871872,16.71845817565918,,,
86900,0.12942838668823242,15.87287712097168,,,
87000,0.11905970424413681,16.36701202392578,,,
87100,0.13492891192436218,16.17976951599121,,,
87200,0.1473740190267563,16.29671287536621,,,
87300,0.16251233220100403,16.049293518066406,,,
87400,0.12916268408298492,16.11383056640625,,,
87500,0.12827132642269135,16.905887603759766,,,
87600,0.16219115257263184,15.659744262695312,,,
87700,0.22239789366722107,14.265113830566406,,,
87800,0.11415109038352966,16.3443603515625,,,
87900,0.09772807359695435,17.24020004272461,,,
88000,0.13047197461128235,16.16156005859375,,,
88100,0.13748018443584442,15.966790199279785,,,
88200,0.12800614535808563,16.266300201416016,,,
88300,0.10553285479545593,17.322391510009766,,,
88400,0.15235579013824463,15.621010780334473,,,
88500,0.13528332114219666,16.58253288269043,,,
88600,0.11847768723964691,16.359107971191406,,,
88700,0.13669686019420624,16.696704864501953,,,
88800,0.11258061230182648,17.48461151123047,,,
88900,0.16269588470458984,15.765096664428711,,,
89000,0.11684545874595642,16.677043914794922,,,
89100,0.18683204054832458,15.560994148254395,,,
89200,0.1465715765953064,15.293741226196289,,,
89300,0.14472359418869019,16.267301559448242,,,
89400,0.12452001869678497,15.910548210144043,,,
89500,0.13886098563671112,16.067771911621094,,,
89600,0.20987093448638916,14.768596649169922,,,
89700,0.12948811054229736,16.40833282470703,,,
89800,0.13439315557479858,16.475921630859375,,,
89900,0.18769554793834686,14.709931373596191,,,
90000,0.1903793215751648,14.817718505859375,,,
90100,0.16617192327976227,15.886579513549805,,,
90200,0.0981292724609375,17.48324203491211,,,
90300,0.1896250694990158,14.379325866699219,,,
90400,0.1384042352437973,15.960684776306152,,,
90500,0.1757039725780487,14.81424331665039,,,
90600,0.15832079946994781,15.735400199890137,,,
90700,0.10173803567886353,17.41952133178711,,,
90800,0.17783223092556,14.823979377746582,,,
90900,0.15403924882411957,16.584705352783203,,,
91000,0.19266930222511292,14.564332962036133,,,
91100,0.18077895045280457,15.639572143554688,,,
91200,0.13294142484664917,16.624216079711914,,,
91300,0.13796433806419373,16.299707412719727,,,
91400,0.1972830891609192,15.823402404785156,,,
91500,0.1411954015493393,15.727859497070312,,,
91600,0.1510639637708664,16.20885467529297,,,
91700,0.13454420864582062,16.51232147216797,,,
91800,0.15038082003593445,15.613635063171387,,,
91900,0.15540054440498352,14.886236190795898,,,
92000,0.09199445694684982,17.351470947265625,,,
92100,0.10896392911672592,16.888484954833984,,,
92200,0.14639851450920105,15.47215461730957,,,
92300,0.1602412760257721,15.355039596557617,,,
92400,0.18319766223430634,15.512889862060547,,,
92500,0.14881210029125214,15.841796875,,,
92600,0.193357914686203,15.305493354797363,,,
92700,0.13267920911312103,16.017961502075195,,,
92800,0.11749380826950073,17.184513092041016,,,
92900,0.12995511293411255,16.867021560668945,,,
93000,0.1302429586648941,16.77316665649414,,,
93100,0.1452055126428604,16.072725296020508,,,
93200,0.11476787179708481,16.587785720825195,,,
93300,0.1231021136045456,16.576377868652344,,,
93400,0.11302469670772552,17.078481674194336,,,
93500,0.16782145202159882,15.789838790893555,,,
93600,0.26167386770248413,14.177351951599121,,,
93700,0.18385013937950134,14.316957473754883,,,
93800,0.08080525696277618,17.695714950561523,,,
93900,0.13736747205257416,16.15355110168457,,,
94000,0.09501823782920837,17.481517791748047,,,
94100,0.13913773000240326,16.040029525756836,,,
94200,0.14993558824062347,15.851116180419922,,,
94300,0.16055426001548767,15.580233573913574,,,
94400,0.07669911533594131,18.01787567138672,,,
94500,0.08555048704147339,17.782808303833008,,,
94600,0.13141188025474548,15.899641036987305,,,
94700,0.11114748567342758,17.068981170654297,,,
94800,0.11440317332744598,16.429637908935547,,,
94900,0.1656336486339569,15.189592361450195,,,
95000,0.1850331723690033,15.449699401855469,,,
95100,0.13802780210971832,16.296340942382812,,,
95200,0.20152568817138672,14.758426666259766,,,
95300,0.1258661150932312,16.586345672607422,,,
95400,0.14955905079841614,16.611736297607422,,,
95500,0.09592287242412567,18.31341552734375,,,
95600,0.2129071205854416,14.57705020904541,,,
95700,0.09896442294120789,17.38333511352539,,,
95800,0.11205199360847473,16.8248291015625,,,
95900,0.13927283883094788,15.922027587890625,,,
96000,0.1465671807527542,15.67233943939209,,,
96100,0.11821934580802917,16.735149383544922,,,
96200,0.1776019036769867,14.606208801269531,,,
96300,0.12324152886867523,16.0186710357666,,,
96400,0.16571947932243347,15.914546966552734,,,
96500,0.12089934200048447,16.93914222717285,,,
96600,0.12153329700231552,17.745037078857422,,,
96700,0.16048383712768555,15.560930252075195,,,
96800,0.1437586545944214,15.604289054870605,,,
96900,0.16371189057826996,15.170681953430176,,,
97000,0.1272229254245758,16.28546142578125,,,
97100,0.10898397862911224,16.51247787475586,,,
97200,0.1505928486585617,15.906156539916992,,,
97300,0.09737890958786011,16.877532958984375,,,
97400,0.11540564894676208,16.867889404296875,,,
97500,0.12825340032577515,16.753211975097656,,,
97600,0.17049956321716309,15.605719566345215,,,
97700,0.1512167751789093,15.448568344116211,,,
97800,0.19158613681793213,15.09726333618164,,,
97900,0.11410823464393616,16.823375701904297,,,
98000,0.17856082320213318,15.945634841918945,,,
98100,0.19464902579784393,14.355445861816406,,,
98200,0.12062551826238632,17.130008697509766,,,
98300,0.13637791574001312,15.774394035339355,,,
98400,0.14798322319984436,16.194313049316406,,,
98500,0.20366325974464417,15.198931694030762,,,
98600,0.14276684820652008,15.820236206054688,,,
98700,0.16832207143306732,15.937917709350586,,,
98800,0.10864906013011932,17.296234130859375,,,
98900,0.2379184365272522,14.195638656616211,,,
99000,0.11186890304088593,17.425819396972656,,,
99100,0.15299731492996216,15.070072174072266,,,
99200,0.10444562137126923,16.818620681762695,,,
99300,0.1097029447555542,16.460662841796875,,,
99400,0.16816997528076172,15.387432098388672,,,
99500,0.13552871346473694,15.968981742858887,,,
99600,0.1824917197227478,14.796815872192383,,,
99700,0.13398635387420654,16.671592712402344,,,
99800,0.17419081926345825,15.162860870361328,,,
99900,0.1041366457939148,17.385574340820312,,,
