step,train/domain,train/loss,train/psnr,val/avg_psnr,val/imagenet-weather_psnr,val/imagenet-weather_ssim
0,12.0,0.4707995057106018,11.4680757522583,15.890423774719238,15.890423774719238,0.46412235498428345
1,,,,17.110103607177734,17.110103607177734,0.5246178507804871
2,,,,17.6182804107666,17.6182804107666,0.5594388246536255
3,,,,17.73931312561035,17.73931312561035,0.5741391181945801
4,,,,17.941226959228516,17.941226959228516,0.5832002758979797
5,,,,17.981056213378906,17.981056213378906,0.5986279845237732
6,,,,18.161468505859375,18.161468505859375,0.6010544300079346
7,,,,17.986021041870117,17.986021041870117,0.5993898510932922
8,,,,18.497888565063477,18.497888565063477,0.6295400261878967
9,,,,18.170467376708984,18.170467376708984,0.6235050559043884
10,,,,18.694673538208008,18.694673538208008,0.6473342776298523
11,,,,18.66545295715332,18.66545295715332,0.6495434641838074
12,,,,18.70111846923828,18.70111846923828,0.6510936617851257
13,,,,19.050840377807617,19.050840377807617,0.6707277297973633
14,,,,18.728368759155273,18.728368759155273,0.6471817493438721
15,,,,18.926586151123047,18.926586151123047,0.6701025366783142
16,,,,18.987215042114258,18.987215042114258,0.6730425357818604
17,,,,18.99956703186035,18.99956703186035,0.675574779510498
18,,,,19.50322914123535,19.50322914123535,0.6953301429748535
19,,,,19.35211181640625,19.35211181640625,0.6897748708724976
20,,,,19.287508010864258,19.287508010864258,0.6933287978172302
21,,,,19.03395652770996,19.03395652770996,0.6770349144935608
22,,,,19.38266944885254,19.38266944885254,0.6961512565612793
23,,,,19.230850219726562,19.230850219726562,0.6958106160163879
24,,,,19.51960563659668,19.51960563659668,0.7044468522071838
25,,,,19.503170013427734,19.503170013427734,0.7042860984802246
26,,,,19.504772186279297,19.504772186279297,0.7089698314666748
27,,,,19.79052734375,19.79052734375,0.7212371826171875
28,,,,19.713455200195312,19.713455200195312,0.7146646976470947
29,,,,19.768068313598633,19.768068313598633,0.7199085354804993
30,,,,19.554197311401367,19.554197311401367,0.7099462747573853
31,,,,20.172626495361328,20.172626495361328,0.7388848662376404
32,,,,20.03937339782715,20.03937339782715,0.7328857779502869
33,,,,20.01397705078125,20.01397705078125,0.7266315817832947
34,,,,19.987895965576172,19.987895965576172,0.7344667911529541
35,,,,20.061864852905273,20.061864852905273,0.7369908690452576
36,,,,19.735862731933594,19.735862731933594,0.719448447227478
37,,,,19.91887664794922,19.91887664794922,0.7253767251968384
38,,,,20.223161697387695,20.223161697387695,0.7474746704101562
39,,,,20.438352584838867,20.438352584838867,0.7575132846832275
40,,,,20.233015060424805,20.233015060424805,0.7432391047477722
41,,,,20.227712631225586,20.227712631225586,0.751872718334198
42,,,,20.407073974609375,20.407073974609375,0.7489826679229736
43,,,,20.096345901489258,20.096345901489258,0.745345413684845
44,,,,20.575557708740234,20.575557708740234,0.7588420510292053
45,,,,19.97504425048828,19.97504425048828,0.744731605052948
46,,,,20.640399932861328,20.640399932861328,0.7605209946632385
47,,,,20.382431030273438,20.382431030273438,0.7503522634506226
48,,,,20.588829040527344,20.588829040527344,0.7599586248397827
49,,,,20.439367294311523,20.439367294311523,0.7557264566421509
50,,,,20.62409782409668,20.62409782409668,0.7587895393371582
51,,,,20.583324432373047,20.583324432373047,0.7592253684997559
52,,,,20.844554901123047,20.844554901123047,0.7661489844322205
53,,,,20.38750457763672,20.38750457763672,0.7495393753051758
54,,,,20.531532287597656,20.531532287597656,0.7556767463684082
55,,,,20.642902374267578,20.642902374267578,0.7569654583930969
56,,,,20.4261474609375,20.4261474609375,0.7631915211677551
57,,,,20.547182083129883,20.547182083129883,0.7592153549194336
58,,,,20.87291145324707,20.87291145324707,0.7697184681892395
59,,,,20.75570297241211,20.75570297241211,0.766861081123352
60,,,,20.887712478637695,20.887712478637695,0.7747992277145386
61,,,,20.92162322998047,20.92162322998047,0.7753583192825317
62,,,,20.75473403930664,20.75473403930664,0.7664308547973633
63,,,,20.60103416442871,20.60103416442871,0.7603055834770203
64,,,,20.789819717407227,20.789819717407227,0.7667065262794495
65,,,,20.676164627075195,20.676164627075195,0.7676599025726318
66,,,,20.684324264526367,20.684324264526367,0.7660811543464661
67,,,,20.95854377746582,20.95854377746582,0.7760068774223328
68,,,,21.00766944885254,21.00766944885254,0.7761498689651489
69,,,,20.913379669189453,20.913379669189453,0.7718549370765686
70,,,,20.873220443725586,20.873220443725586,0.7697364687919617
71,,,,20.927812576293945,20.927812576293945,0.771857500076294
72,,,,20.859291076660156,20.859291076660156,0.7729040384292603
73,,,,20.67458724975586,20.67458724975586,0.7662456631660461
74,,,,20.816022872924805,20.816022872924805,0.7685721516609192
75,,,,21.061792373657227,21.061792373657227,0.7810919284820557
76,,,,20.838199615478516,20.838199615478516,0.7710502743721008
77,,,,21.008710861206055,21.008710861206055,0.7764763832092285
78,,,,20.834070205688477,20.834070205688477,0.7707940936088562
79,,,,20.951419830322266,20.951419830322266,0.774104654788971
80,,,,20.927135467529297,20.927135467529297,0.7759764194488525
81,,,,20.934133529663086,20.934133529663086,0.7741667032241821
82,,,,21.12860679626465,21.12860679626465,0.7779848575592041
83,,,,20.922773361206055,20.922773361206055,0.7745206952095032
84,,,,21.055797576904297,21.055797576904297,0.7792554497718811
85,,,,21.050296783447266,21.050296783447266,0.7765377759933472
86,,,,21.030704498291016,21.030704498291016,0.7777491211891174
87,,,,21.065427780151367,21.065427780151367,0.777711808681488
88,,,,21.08445167541504,21.08445167541504,0.7787476778030396
89,,,,21.087963104248047,21.087963104248047,0.7771470546722412
90,,,,20.984210968017578,20.984210968017578,0.777411699295044
91,,,,21.00644874572754,21.00644874572754,0.7767947316169739
92,,,,21.06130027770996,21.06130027770996,0.7791971564292908
93,,,,21.019044876098633,21.019044876098633,0.7771931290626526
94,,,,21.0701847076416,21.0701847076416,0.7788668274879456
95,,,,21.07382583618164,21.07382583618164,0.7795299887657166
96,,,,21.022348403930664,21.022348403930664,0.7771911025047302
97,,,,21.028953552246094,21.028953552246094,0.7774024605751038
98,,,,21.013614654541016,21.013614654541016,0.7769060730934143
99,,,,21.040971755981445,21.040971755981445,0.7782605290412903
100,12.0,0.41083115339279175,12.193354606628418,,,
200,12.0,0.3307759761810303,13.667247772216797,,,
300,12.0,0.3653668463230133,13.283344268798828,,,
400,12.0,0.34467917680740356,13.990324020385742,,,
500,12.0,0.3573787212371826,13.438836097717285,,,
600,12.0,0.3674270212650299,13.190364837646484,,,
700,12.0,0.32992881536483765,13.995502471923828,,,
800,12.0,0.2776719629764557,15.671758651733398,,,
900,12.0,0.3372551202774048,14.040743827819824,,,
1000,12.0,0.31656140089035034,14.61959457397461,,,
1100,12.0,0.3260840177536011,14.068061828613281,,,
1200,12.0,0.2989377975463867,14.96694564819336,,,
1300,12.0,0.2884400486946106,15.242501258850098,,,
1400,12.0,0.4003927409648895,12.566040992736816,,,
1500,12.0,0.3537178337574005,13.532840728759766,,,
1600,12.0,0.40033942461013794,12.38737964630127,,,
1700,12.0,0.34300845861434937,13.707193374633789,,,
1800,12.0,0.24686355888843536,16.471473693847656,,,
1900,12.0,0.35313886404037476,13.614764213562012,,,
2000,12.0,0.2775234580039978,15.271066665649414,,,
2100,12.0,0.25799334049224854,16.265674591064453,,,
2200,12.0,0.34938743710517883,13.849244117736816,,,
2300,12.0,0.28077250719070435,15.619166374206543,,,
2400,12.0,0.252229243516922,16.182266235351562,,,
2500,12.0,0.330593079328537,14.338834762573242,,,
2600,12.0,0.3776034712791443,12.964229583740234,,,
2700,12.0,0.2817470133304596,15.523605346679688,,,
2800,12.0,0.29391127824783325,15.436086654663086,,,
2900,12.0,0.2992434501647949,14.927274703979492,,,
3000,12.0,0.3562782406806946,13.749001502990723,,,
3100,12.0,0.3190932273864746,14.367208480834961,,,
3200,12.0,0.32076194882392883,14.358298301696777,,,
3300,12.0,0.3211353123188019,14.715715408325195,,,
3400,12.0,0.3339543342590332,14.25992202758789,,,
3500,12.0,0.31092238426208496,14.655782699584961,,,
3600,12.0,0.2859521210193634,15.178739547729492,,,
3700,12.0,0.30639395117759705,14.97119140625,,,
3800,12.0,0.2804981768131256,15.297358512878418,,,
3900,12.0,0.26222413778305054,16.193201065063477,,,
4000,12.0,0.2134474217891693,17.427715301513672,,,
4100,12.0,0.29491230845451355,15.0037841796875,,,
4200,12.0,0.28293272852897644,15.888310432434082,,,
4300,12.0,0.2961885929107666,15.198332786560059,,,
4400,12.0,0.33625879883766174,14.032930374145508,,,
4500,12.0,0.28098541498184204,15.27564811706543,,,
4600,12.0,0.28530851006507874,15.326998710632324,,,
4700,12.0,0.2931345999240875,14.992419242858887,,,
4800,12.0,0.286368727684021,15.034465789794922,,,
4900,12.0,0.29396820068359375,15.49885368347168,,,
5000,12.0,0.31851938366889954,14.487300872802734,,,
5100,12.0,0.2630719542503357,16.23309326171875,,,
5200,12.0,0.27583515644073486,15.687868118286133,,,
5300,12.0,0.2726146876811981,15.604231834411621,,,
5400,12.0,0.28635373711586,15.425687789916992,,,
5500,12.0,0.3147887587547302,14.323247909545898,,,
5600,12.0,0.2527712285518646,16.62904930114746,,,
5700,12.0,0.3165788948535919,14.519546508789062,,,
5800,12.0,0.28876158595085144,14.811054229736328,,,
5900,12.0,0.2768108546733856,15.777936935424805,,,
6000,12.0,0.30175545811653137,14.9505615234375,,,
6100,12.0,0.2705572545528412,15.868452072143555,,,
6200,12.0,0.2762293815612793,15.945618629455566,,,
6300,12.0,0.2937682867050171,15.266477584838867,,,
6400,12.0,0.29026758670806885,15.128247261047363,,,
6500,12.0,0.24306030571460724,16.772018432617188,,,
6600,12.0,0.2922056019306183,15.125772476196289,,,
6700,12.0,0.2550777494907379,15.897329330444336,,,
6800,12.0,0.20804478228092194,17.5898494720459,,,
6900,12.0,0.277687668800354,16.17160415649414,,,
7000,12.0,0.28715819120407104,15.74866771697998,,,
7100,12.0,0.25367093086242676,16.133056640625,,,
7200,12.0,0.26564276218414307,16.22538948059082,,,
7300,12.0,0.37383726239204407,13.228787422180176,,,
7400,12.0,0.3159635663032532,14.657465934753418,,,
7500,12.0,0.30928805470466614,15.31655502319336,,,
7600,12.0,0.2715505361557007,15.699878692626953,,,
7700,12.0,0.3317929804325104,14.296276092529297,,,
7800,12.0,0.2960442304611206,15.349066734313965,,,
7900,12.0,0.33872243762016296,14.158100128173828,,,
8000,12.0,0.23619221150875092,16.767040252685547,,,
8100,12.0,0.27893733978271484,15.427499771118164,,,
8200,12.0,0.28125378489494324,15.877939224243164,,,
8300,12.0,0.268292635679245,15.739519119262695,,,
8400,12.0,0.33381491899490356,13.968236923217773,,,
8500,12.0,0.2890925407409668,15.127130508422852,,,
8600,12.0,0.25839167833328247,15.984389305114746,,,
8700,12.0,0.3403666019439697,13.931731224060059,,,
8800,12.0,0.25527244806289673,16.252643585205078,,,
8900,12.0,0.27484968304634094,15.776875495910645,,,
9000,12.0,0.28067547082901,15.44538402557373,,,
9100,12.0,0.26357796788215637,15.793293952941895,,,
9200,12.0,0.31745192408561707,14.85757064819336,,,
9300,12.0,0.23196740448474884,16.900917053222656,,,
9400,12.0,0.2989952862262726,15.154014587402344,,,
9500,12.0,0.2885376214981079,15.529205322265625,,,
9600,12.0,0.24969516694545746,16.801437377929688,,,
9700,12.0,0.27537158131599426,15.826278686523438,,,
9800,12.0,0.3127868175506592,14.900117874145508,,,
9900,12.0,0.273623526096344,15.77133560180664,,,
10000,12.0,0.26492032408714294,16.350738525390625,,,
10100,12.0,0.34022802114486694,14.157398223876953,,,
10200,12.0,0.24425482749938965,16.737533569335938,,,
10300,12.0,0.27041518688201904,16.041614532470703,,,
10400,12.0,0.22953680157661438,17.052932739257812,,,
10500,12.0,0.23436933755874634,17.043441772460938,,,
10600,12.0,0.27069908380508423,16.31690216064453,,,
10700,12.0,0.24508750438690186,16.319608688354492,,,
10800,12.0,0.2984883487224579,14.988014221191406,,,
10900,12.0,0.2975856065750122,15.496703147888184,,,
11000,12.0,0.23607777059078217,16.74169921875,,,
11100,12.0,0.23534289002418518,16.696802139282227,,,
11200,12.0,0.27738791704177856,15.755492210388184,,,
11300,12.0,0.27792784571647644,15.308040618896484,,,
11400,12.0,0.31052201986312866,14.419206619262695,,,
11500,12.0,0.27480053901672363,15.868457794189453,,,
11600,12.0,0.2663344144821167,16.240930557250977,,,
11700,12.0,0.20984892547130585,17.627391815185547,,,
11800,12.0,0.2255048006772995,16.911470413208008,,,
11900,12.0,0.2907215356826782,15.173164367675781,,,
12000,12.0,0.2599477767944336,16.050302505493164,,,
12100,12.0,0.2739011347293854,15.550439834594727,,,
12200,12.0,0.2679055631160736,16.407093048095703,,,
12300,12.0,0.26760342717170715,15.637466430664062,,,
12400,12.0,0.35746029019355774,13.354349136352539,,,
12500,12.0,0.2822663187980652,15.586629867553711,,,
12600,12.0,0.28294438123703003,15.791607856750488,,,
12700,12.0,0.3109367787837982,14.506389617919922,,,
12800,12.0,0.2709372341632843,15.604650497436523,,,
12900,12.0,0.25088509917259216,16.38007354736328,,,
13000,12.0,0.29010286927223206,15.425397872924805,,,
13100,12.0,0.25293219089508057,16.061275482177734,,,
13200,12.0,0.3064559996128082,15.187455177307129,,,
13300,12.0,0.25135138630867004,16.8770809173584,,,
13400,12.0,0.30478182435035706,14.899496078491211,,,
13500,12.0,0.3277360200881958,14.107040405273438,,,
13600,12.0,0.2607504427433014,15.975381851196289,,,
13700,12.0,0.2952197194099426,15.34766960144043,,,
13800,12.0,0.273150771856308,16.054553985595703,,,
13900,12.0,0.280183345079422,15.770432472229004,,,
14000,12.0,0.26194098591804504,15.949970245361328,,,
14100,12.0,0.26062095165252686,15.944469451904297,,,
14200,12.0,0.2713017463684082,16.183094024658203,,,
14300,12.0,0.2945329546928406,14.993988037109375,,,
14400,12.0,0.27232635021209717,15.818927764892578,,,
14500,12.0,0.23899096250534058,17.098859786987305,,,
14600,12.0,0.30112043023109436,14.85030746459961,,,
14700,12.0,0.30080175399780273,14.528694152832031,,,
14800,12.0,0.29459261894226074,16.066913604736328,,,
14900,12.0,0.23872002959251404,17.04801368713379,,,
15000,12.0,0.23636040091514587,17.275211334228516,,,
15100,12.0,0.3166232705116272,14.57448959350586,,,
15200,12.0,0.24021472036838531,17.073379516601562,,,
15300,12.0,0.27705538272857666,15.77454662322998,,,
15400,12.0,0.3296274244785309,14.909914016723633,,,
15500,12.0,0.2534624934196472,16.87346649169922,,,
15600,12.0,0.21757103502750397,17.588802337646484,,,
15700,12.0,0.24654723703861237,16.466466903686523,,,
15800,12.0,0.2563621401786804,16.594470977783203,,,
15900,12.0,0.25517237186431885,16.450138092041016,,,
16000,12.0,0.2370544970035553,17.23077392578125,,,
16100,12.0,0.24676397442817688,16.32761573791504,,,
16200,12.0,0.2112492173910141,17.550188064575195,,,
16300,12.0,0.250339150428772,16.78461265563965,,,
16400,12.0,0.29300567507743835,15.199286460876465,,,
16500,12.0,0.2536854147911072,16.19939422607422,,,
16600,12.0,0.25633057951927185,16.079530715942383,,,
16700,12.0,0.24372339248657227,16.730735778808594,,,
16800,12.0,0.2931327521800995,15.329038619995117,,,
16900,12.0,0.2969370484352112,14.892033576965332,,,
17000,12.0,0.29485851526260376,15.213470458984375,,,
17100,12.0,0.2737930119037628,15.628494262695312,,,
17200,12.0,0.2533952295780182,16.10001564025879,,,
17300,12.0,0.2475460171699524,16.544055938720703,,,
17400,12.0,0.25783294439315796,16.1060848236084,,,
17500,12.0,0.2671017050743103,16.0760555267334,,,
17600,12.0,0.24093151092529297,17.23468017578125,,,
17700,12.0,0.2596539855003357,16.69281768798828,,,
17800,12.0,0.2565487325191498,16.244165420532227,,,
17900,12.0,0.2387259155511856,16.480205535888672,,,
18000,12.0,0.28380143642425537,15.497674942016602,,,
18100,12.0,0.2855357527732849,15.620505332946777,,,
18200,12.0,0.26672685146331787,15.388097763061523,,,
18300,12.0,0.25803521275520325,16.186138153076172,,,
18400,12.0,0.2559213936328888,16.4069766998291,,,
18500,12.0,0.28840285539627075,15.967580795288086,,,
18600,12.0,0.289760023355484,15.55330753326416,,,
18700,12.0,0.25357794761657715,16.133636474609375,,,
18800,12.0,0.27201223373413086,15.881901741027832,,,
18900,12.0,0.2604258358478546,15.924538612365723,,,
19000,12.0,0.29994267225265503,14.852270126342773,,,
19100,12.0,0.2856867015361786,15.27995491027832,,,
19200,12.0,0.3040444850921631,14.742674827575684,,,
19300,12.0,0.2788507640361786,15.819219589233398,,,
19400,12.0,0.28607943654060364,15.938665390014648,,,
19500,12.0,0.23173213005065918,17.22915267944336,,,
19600,12.0,0.2951081097126007,15.04172420501709,,,
19700,12.0,0.2895123064517975,15.397117614746094,,,
19800,12.0,0.23044419288635254,17.038543701171875,,,
19900,12.0,0.265470027923584,15.89719295501709,,,
20000,12.0,0.24349404871463776,16.76713752746582,,,
20100,12.0,0.27708184719085693,15.353584289550781,,,
20200,12.0,0.3099532425403595,14.65263557434082,,,
20300,12.0,0.27026599645614624,15.328879356384277,,,
20400,12.0,0.25759026408195496,16.37725830078125,,,
20500,12.0,0.25048166513442993,17.17572784423828,,,
20600,12.0,0.25927770137786865,15.721095085144043,,,
20700,12.0,0.2600557804107666,16.034217834472656,,,
20800,12.0,0.29763954877853394,14.915231704711914,,,
20900,12.0,0.24714134633541107,16.556318283081055,,,
21000,12.0,0.23144574463367462,17.201194763183594,,,
21100,12.0,0.2861504554748535,15.503938674926758,,,
21200,12.0,0.2675658166408539,16.12652587890625,,,
21300,12.0,0.2533467710018158,16.12548828125,,,
21400,12.0,0.26317083835601807,16.23033332824707,,,
21500,12.0,0.27078089118003845,16.1822566986084,,,
21600,12.0,0.2571518123149872,16.746156692504883,,,
21700,12.0,0.24309946596622467,16.615230560302734,,,
21800,12.0,0.2910601496696472,15.817108154296875,,,
21900,12.0,0.21243934333324432,17.30449676513672,,,
22000,12.0,0.23628593981266022,16.928232192993164,,,
22100,12.0,0.27964746952056885,15.07398509979248,,,
22200,12.0,0.2789662182331085,15.457723617553711,,,
22300,12.0,0.23437505960464478,16.843421936035156,,,
22400,12.0,0.31086379289627075,14.917142868041992,,,
22500,12.0,0.2390005886554718,17.230144500732422,,,
22600,12.0,0.2486998438835144,16.57673454284668,,,
22700,12.0,0.20317259430885315,18.404521942138672,,,
22800,12.0,0.23083263635635376,17.36918830871582,,,
22900,12.0,0.24710170924663544,16.348636627197266,,,
23000,12.0,0.2425479292869568,16.759166717529297,,,
23100,12.0,0.2824362814426422,15.884592056274414,,,
23200,12.0,0.2280787080526352,17.338695526123047,,,
23300,12.0,0.256779283285141,16.42021942138672,,,
23400,12.0,0.26917436718940735,15.674362182617188,,,
23500,12.0,0.3019165098667145,14.723876953125,,,
23600,12.0,0.33149224519729614,14.195686340332031,,,
23700,12.0,0.2679489850997925,15.952095031738281,,,
23800,12.0,0.25997111201286316,16.365108489990234,,,
23900,12.0,0.25445637106895447,16.663999557495117,,,
24000,12.0,0.2670038342475891,16.321908950805664,,,
24100,12.0,0.23588164150714874,17.12881851196289,,,
24200,12.0,0.30562254786491394,14.773696899414062,,,
24300,12.0,0.22953562438488007,17.227947235107422,,,
24400,12.0,0.2612365186214447,16.099163055419922,,,
24500,12.0,0.3278461694717407,14.587176322937012,,,
24600,12.0,0.2026028335094452,17.98926544189453,,,
24700,12.0,0.23479795455932617,16.739349365234375,,,
24800,12.0,0.29917341470718384,15.098210334777832,,,
24900,12.0,0.2487890124320984,16.50837516784668,,,
25000,12.0,0.28095728158950806,16.092262268066406,,,
25100,12.0,0.21913518011569977,18.057079315185547,,,
25200,12.0,0.24020466208457947,17.061492919921875,,,
25300,12.0,0.26558172702789307,16.154836654663086,,,
25400,12.0,0.2896762788295746,15.224153518676758,,,
25500,12.0,0.25089403986930847,17.069110870361328,,,
25600,12.0,0.21699242293834686,17.867788314819336,,,
25700,12.0,0.2933675944805145,15.260385513305664,,,
25800,12.0,0.2016635239124298,18.182043075561523,,,
25900,12.0,0.3285370171070099,14.652183532714844,,,
26000,12.0,0.2531034052371979,16.2015380859375,,,
26100,12.0,0.2582075297832489,15.899168968200684,,,
26200,12.0,0.34764084219932556,13.617288589477539,,,
26300,12.0,0.2671617865562439,15.809807777404785,,,
26400,12.0,0.22261516749858856,17.38814926147461,,,
26500,12.0,0.22389428317546844,17.737564086914062,,,
26600,12.0,0.2913030982017517,15.179956436157227,,,
26700,12.0,0.27097758650779724,16.1125431060791,,,
26800,12.0,0.23789839446544647,16.705204010009766,,,
26900,12.0,0.2896149754524231,15.341232299804688,,,
27000,12.0,0.25893792510032654,16.57132911682129,,,
27100,12.0,0.26873213052749634,15.889408111572266,,,
27200,12.0,0.2632046043872833,16.14849853515625,,,
27300,12.0,0.2722414433956146,15.634722709655762,,,
27400,12.0,0.22498346865177155,17.36206817626953,,,
27500,12.0,0.22552888095378876,16.904499053955078,,,
27600,12.0,0.2519235908985138,16.47603988647461,,,
27700,12.0,0.27702832221984863,16.007680892944336,,,
27800,12.0,0.25216177105903625,16.950843811035156,,,
27900,12.0,0.3031160533428192,14.42844009399414,,,
28000,12.0,0.21346372365951538,17.75739860534668,,,
28100,12.0,0.22749008238315582,17.236610412597656,,,
28200,12.0,0.23636290431022644,16.685962677001953,,,
28300,12.0,0.24338601529598236,16.84868621826172,,,
28400,12.0,0.2680695056915283,16.213748931884766,,,
28500,12.0,0.22116148471832275,17.829038619995117,,,
28600,12.0,0.23247282207012177,17.63702392578125,,,
28700,12.0,0.21255089342594147,18.283681869506836,,,
28800,12.0,0.23115657269954681,17.159622192382812,,,
28900,12.0,0.2753905951976776,16.351661682128906,,,
29000,12.0,0.21025104820728302,18.030832290649414,,,
29100,12.0,0.2646859884262085,16.32260513305664,,,
29200,12.0,0.21982233226299286,17.48090171813965,,,
29300,12.0,0.25504031777381897,16.792743682861328,,,
29400,12.0,0.33962520956993103,14.511826515197754,,,
29500,12.0,0.26171714067459106,15.9091215133667,,,
29600,12.0,0.24642471969127655,16.59052276611328,,,
29700,12.0,0.2533244788646698,17.065105438232422,,,
29800,12.0,0.24485933780670166,16.675045013427734,,,
29900,12.0,0.2004106491804123,18.487621307373047,,,
30000,12.0,0.23023758828639984,17.479080200195312,,,
30100,12.0,0.27529945969581604,16.022422790527344,,,
30200,12.0,0.2684062123298645,16.353191375732422,,,
30300,12.0,0.21935229003429413,17.885173797607422,,,
30400,12.0,0.2303120493888855,17.076696395874023,,,
30500,12.0,0.22548390924930573,17.067150115966797,,,
30600,12.0,0.2573849558830261,16.35851287841797,,,
30700,12.0,0.28386420011520386,15.539649963378906,,,
30800,12.0,0.2858431935310364,16.19096565246582,,,
30900,12.0,0.2978798747062683,15.24535083770752,,,
31000,12.0,0.28799036145210266,15.138917922973633,,,
31100,12.0,0.27539849281311035,16.023757934570312,,,
31200,12.0,0.18342404067516327,18.865196228027344,,,
31300,12.0,0.295210063457489,15.322802543640137,,,
31400,12.0,0.26891615986824036,16.084951400756836,,,
31500,12.0,0.28506651520729065,15.10552978515625,,,
31600,12.0,0.26236438751220703,16.678455352783203,,,
31700,12.0,0.267631471157074,16.128110885620117,,,
31800,12.0,0.32315000891685486,14.978828430175781,,,
31900,12.0,0.2306855171918869,17.471036911010742,,,
32000,12.0,0.2681729793548584,15.786787033081055,,,
32100,12.0,0.25799545645713806,16.460330963134766,,,
32200,12.0,0.214355006814003,17.955059051513672,,,
32300,12.0,0.2719741463661194,16.219707489013672,,,
32400,12.0,0.27274462580680847,15.933337211608887,,,
32500,12.0,0.20136210322380066,18.078113555908203,,,
32600,12.0,0.22835102677345276,17.212482452392578,,,
32700,12.0,0.26675865054130554,16.31390380859375,,,
32800,12.0,0.2090446799993515,17.799972534179688,,,
32900,12.0,0.24484139680862427,16.970157623291016,,,
33000,12.0,0.3327518105506897,13.948434829711914,,,
33100,12.0,0.23302839696407318,17.1417236328125,,,
33200,12.0,0.29900264739990234,15.229642868041992,,,
33300,12.0,0.1930089145898819,18.338115692138672,,,
33400,12.0,0.23641270399093628,17.467561721801758,,,
33500,12.0,0.2173157036304474,18.012054443359375,,,
33600,12.0,0.3991621136665344,13.048479080200195,,,
33700,12.0,0.26001420617103577,16.232101440429688,,,
33800,12.0,0.24005302786827087,17.13269805908203,,,
33900,12.0,0.289751261472702,16.15150260925293,,,
34000,12.0,0.2598362863063812,16.153221130371094,,,
34100,12.0,0.21108338236808777,18.176265716552734,,,
34200,12.0,0.27252936363220215,15.917125701904297,,,
34300,12.0,0.2315598726272583,17.258960723876953,,,
34400,12.0,0.25693148374557495,15.940199851989746,,,
34500,12.0,0.2675536870956421,15.76574420928955,,,
34600,12.0,0.29139265418052673,14.761428833007812,,,
34700,12.0,0.24051092565059662,17.041763305664062,,,
34800,12.0,0.24240629374980927,17.317771911621094,,,
34900,12.0,0.27143293619155884,15.729785919189453,,,
35000,12.0,0.2520962655544281,17.021759033203125,,,
35100,12.0,0.2574175000190735,16.26114273071289,,,
35200,12.0,0.25488612055778503,16.490806579589844,,,
35300,12.0,0.22394223511219025,17.237422943115234,,,
35400,12.0,0.22429203987121582,17.450956344604492,,,
35500,12.0,0.2548656165599823,16.1074275970459,,,
35600,12.0,0.2452637255191803,16.710264205932617,,,
35700,12.0,0.21217864751815796,17.867698669433594,,,
35800,12.0,0.2467939257621765,15.983613014221191,,,
35900,12.0,0.30071213841438293,14.766120910644531,,,
36000,12.0,0.3078298270702362,15.480051040649414,,,
36100,12.0,0.2354583591222763,17.071680068969727,,,
36200,12.0,0.24667544662952423,17.08330535888672,,,
36300,12.0,0.19032517075538635,18.786531448364258,,,
36400,12.0,0.3273514211177826,14.865901947021484,,,
36500,12.0,0.3068777620792389,15.255963325500488,,,
36600,12.0,0.2751324772834778,15.789467811584473,,,
36700,12.0,0.2806978225708008,15.917447090148926,,,
36800,12.0,0.2503776550292969,16.021692276000977,,,
36900,12.0,0.2554342746734619,16.462324142456055,,,
37000,12.0,0.24873647093772888,16.787946701049805,,,
37100,12.0,0.25643330812454224,17.16884994506836,,,
37200,12.0,0.19555772840976715,18.43763542175293,,,
37300,12.0,0.2748572826385498,16.647171020507812,,,
37400,12.0,0.2802368700504303,15.797910690307617,,,
37500,12.0,0.18078039586544037,19.128345489501953,,,
37600,12.0,0.2535288333892822,16.517480850219727,,,
37700,12.0,0.25113439559936523,17.01013946533203,,,
37800,12.0,0.32166779041290283,15.534429550170898,,,
37900,12.0,0.29849883913993835,14.961650848388672,,,
38000,12.0,0.2772907316684723,15.498613357543945,,,
38100,12.0,0.2361002415418625,16.643768310546875,,,
38200,12.0,0.19745033979415894,18.879131317138672,,,
38300,12.0,0.28230100870132446,15.618131637573242,,,
38400,12.0,0.2873564064502716,15.77993106842041,,,
38500,12.0,0.1985548734664917,18.539424896240234,,,
38600,12.0,0.26650163531303406,16.548254013061523,,,
38700,12.0,0.3103374242782593,15.040342330932617,,,
38800,12.0,0.23237641155719757,17.128334045410156,,,
38900,12.0,0.2984791398048401,15.598816871643066,,,
39000,12.0,0.2655564844608307,16.0367431640625,,,
39100,12.0,0.23441705107688904,16.924543380737305,,,
39200,12.0,0.25487029552459717,16.169702529907227,,,
39300,12.0,0.2378797084093094,16.86436653137207,,,
39400,12.0,0.24472567439079285,17.37018585205078,,,
39500,12.0,0.27358880639076233,15.982072830200195,,,
39600,12.0,0.21389782428741455,18.1438045501709,,,
39700,12.0,0.29081082344055176,15.368797302246094,,,
39800,12.0,0.18058174848556519,19.13870620727539,,,
39900,12.0,0.2514820992946625,16.38084602355957,,,
40000,12.0,0.2657717168331146,16.807418823242188,,,
40100,12.0,0.25171327590942383,16.548267364501953,,,
40200,12.0,0.1989516019821167,18.454322814941406,,,
40300,12.0,0.2972765266895294,15.274612426757812,,,
40400,12.0,0.2611646056175232,16.65714454650879,,,
40500,12.0,0.24148203432559967,16.20659828186035,,,
40600,12.0,0.23686043918132782,17.242143630981445,,,
40700,12.0,0.21127073466777802,18.26080322265625,,,
40800,12.0,0.23921877145767212,16.814476013183594,,,
40900,12.0,0.30806541442871094,14.32804012298584,,,
41000,12.0,0.24002999067306519,17.719860076904297,,,
41100,12.0,0.2651374638080597,16.515975952148438,,,
41200,12.0,0.3119625449180603,14.5691499710083,,,
41300,12.0,0.2814044952392578,15.40369987487793,,,
41400,12.0,0.280024915933609,15.353385925292969,,,
41500,12.0,0.3063720464706421,15.379961013793945,,,
41600,12.0,0.2854044437408447,15.219145774841309,,,
41700,12.0,0.23746298253536224,17.060312271118164,,,
41800,12.0,0.24676328897476196,17.037994384765625,,,
41900,12.0,0.2848125696182251,15.892271041870117,,,
42000,12.0,0.27570056915283203,15.196343421936035,,,
42100,12.0,0.32916370034217834,13.703060150146484,,,
42200,12.0,0.25145336985588074,17.105600357055664,,,
42300,12.0,0.27144309878349304,15.588068008422852,,,
42400,12.0,0.2736160159111023,15.230606079101562,,,
42500,12.0,0.3196195363998413,14.900750160217285,,,
42600,12.0,0.30609601736068726,14.7953462600708,,,
42700,12.0,0.30866456031799316,14.877532958984375,,,
42800,12.0,0.23640401661396027,17.062503814697266,,,
42900,12.0,0.26421022415161133,15.821860313415527,,,
43000,12.0,0.31650689244270325,15.308284759521484,,,
43100,12.0,0.26485002040863037,16.416973114013672,,,
43200,12.0,0.25270137190818787,16.676294326782227,,,
43300,12.0,0.2941485345363617,15.687931060791016,,,
43400,12.0,0.3017803430557251,14.837072372436523,,,
43500,12.0,0.2490895539522171,16.5672607421875,,,
43600,12.0,0.23072496056556702,17.845151901245117,,,
43700,12.0,0.21120573580265045,18.246097564697266,,,
43800,12.0,0.2558501362800598,16.759246826171875,,,
43900,12.0,0.23361310362815857,17.63727378845215,,,
44000,12.0,0.24635900557041168,16.829442977905273,,,
44100,12.0,0.2977510988712311,15.213739395141602,,,
44200,12.0,0.28114721179008484,16.08034896850586,,,
44300,12.0,0.23458588123321533,17.041940689086914,,,
44400,12.0,0.2678371071815491,16.445018768310547,,,
44500,12.0,0.24045176804065704,16.991737365722656,,,
44600,12.0,0.1844090074300766,19.773225784301758,,,
44700,12.0,0.22485820949077606,17.163894653320312,,,
44800,12.0,0.24714502692222595,16.70687484741211,,,
44900,12.0,0.20952507853507996,19.01171112060547,,,
45000,12.0,0.2357119470834732,17.012096405029297,,,
45100,12.0,0.29599010944366455,14.888059616088867,,,
45200,12.0,0.2595113515853882,16.85039520263672,,,
45300,12.0,0.2732827961444855,15.654365539550781,,,
45400,12.0,0.2510838806629181,16.64574432373047,,,
45500,12.0,0.28235238790512085,15.719222068786621,,,
45600,12.0,0.298074334859848,15.397356033325195,,,
45700,12.0,0.29560938477516174,15.05019760131836,,,
45800,12.0,0.23954400420188904,17.146743774414062,,,
45900,12.0,0.2368195503950119,16.776844024658203,,,
46000,12.0,0.24249735474586487,17.28451156616211,,,
46100,12.0,0.3357793092727661,14.034489631652832,,,
46200,12.0,0.24091114103794098,16.797679901123047,,,
46300,12.0,0.25800782442092896,17.18582534790039,,,
46400,12.0,0.28700652718544006,15.642829895019531,,,
46500,12.0,0.27744001150131226,15.827302932739258,,,
46600,12.0,0.31002432107925415,14.575577735900879,,,
46700,12.0,0.23868660628795624,17.156740188598633,,,
46800,12.0,0.30974826216697693,14.555473327636719,,,
46900,12.0,0.2870764434337616,15.597098350524902,,,
47000,12.0,0.2721092104911804,16.216899871826172,,,
47100,12.0,0.19843681156635284,18.32162094116211,,,
47200,12.0,0.30937981605529785,15.100051879882812,,,
47300,12.0,0.3012152314186096,15.260580062866211,,,
47400,12.0,0.2218419313430786,17.888553619384766,,,
47500,12.0,0.30067524313926697,15.056964874267578,,,
47600,12.0,0.28246888518333435,16.404993057250977,,,
47700,12.0,0.26493948698043823,16.003658294677734,,,
47800,12.0,0.2846759259700775,15.891487121582031,,,
47900,12.0,0.22925080358982086,16.991931915283203,,,
48000,12.0,0.25885793566703796,16.225032806396484,,,
48100,12.0,0.21723081171512604,17.62975311279297,,,
48200,12.0,0.27028709650039673,16.348522186279297,,,
48300,12.0,0.3072194457054138,15.378647804260254,,,
48400,12.0,0.24350588023662567,16.811492919921875,,,
48500,12.0,0.2949961721897125,15.399658203125,,,
48600,12.0,0.23213514685630798,16.974681854248047,,,
48700,12.0,0.26732009649276733,16.378536224365234,,,
48800,12.0,0.26698845624923706,15.650936126708984,,,
48900,12.0,0.25576597452163696,16.801864624023438,,,
49000,12.0,0.26851457357406616,16.701984405517578,,,
49100,12.0,0.23876376450061798,16.769775390625,,,
49200,12.0,0.22910426557064056,17.002349853515625,,,
49300,12.0,0.1968933492898941,18.059961318969727,,,
49400,12.0,0.24334634840488434,17.033954620361328,,,
49500,12.0,0.2568725645542145,16.610698699951172,,,
49600,12.0,0.2477833777666092,17.008377075195312,,,
49700,12.0,0.33610546588897705,14.05403995513916,,,
49800,12.0,0.22128130495548248,18.327198028564453,,,
49900,12.0,0.21940074861049652,17.732046127319336,,,
50000,12.0,0.23219892382621765,17.546863555908203,,,
50100,12.0,0.2282598912715912,17.390329360961914,,,
50200,12.0,0.3156680166721344,14.697071075439453,,,
50300,12.0,0.23624438047409058,17.263805389404297,,,
50400,12.0,0.2128935307264328,17.78191375732422,,,
50500,12.0,0.24045594036579132,17.652441024780273,,,
50600,12.0,0.21916735172271729,17.698862075805664,,,
50700,12.0,0.31761613488197327,14.393606185913086,,,
50800,12.0,0.23759149014949799,17.265655517578125,,,
50900,12.0,0.27737686038017273,16.112659454345703,,,
51000,12.0,0.20749983191490173,18.521684646606445,,,
51100,12.0,0.25047269463539124,16.20547103881836,,,
51200,12.0,0.24525369703769684,17.21012306213379,,,
51300,12.0,0.2994226813316345,15.351333618164062,,,
51400,12.0,0.23053890466690063,17.103561401367188,,,
51500,12.0,0.20890392363071442,17.925777435302734,,,
51600,12.0,0.1724139302968979,19.600990295410156,,,
51700,12.0,0.27026787400245667,16.165481567382812,,,
51800,12.0,0.24698945879936218,16.99594497680664,,,
51900,12.0,0.234025776386261,17.273277282714844,,,
52000,12.0,0.2816295921802521,15.998355865478516,,,
52100,12.0,0.2253989428281784,17.78868293762207,,,
52200,12.0,0.2681395709514618,16.388944625854492,,,
52300,12.0,0.30636343359947205,15.118728637695312,,,
52400,12.0,0.2795718312263489,15.823484420776367,,,
52500,12.0,0.27400049567222595,16.076269149780273,,,
52600,12.0,0.2620331346988678,16.117664337158203,,,
52700,12.0,0.2361530065536499,16.951099395751953,,,
52800,12.0,0.23351551592350006,17.70069694519043,,,
52900,12.0,0.22409306466579437,17.401691436767578,,,
53000,12.0,0.28039517998695374,16.18313980102539,,,
53100,12.0,0.2559145987033844,16.560945510864258,,,
53200,12.0,0.3379315733909607,14.506927490234375,,,
53300,12.0,0.26813194155693054,15.787262916564941,,,
53400,12.0,0.19312356412410736,19.337100982666016,,,
53500,12.0,0.21840056777000427,17.690311431884766,,,
53600,12.0,0.2560369670391083,16.766687393188477,,,
53700,12.0,0.2561991810798645,16.548500061035156,,,
53800,12.0,0.22608698904514313,17.65427017211914,,,
53900,12.0,0.26638177037239075,16.402496337890625,,,
54000,12.0,0.23449134826660156,16.89579200744629,,,
54100,12.0,0.22719258069992065,17.310192108154297,,,
54200,12.0,0.24639807641506195,16.814184188842773,,,
54300,12.0,0.25663262605667114,16.75139617919922,,,
54400,12.0,0.19301386177539825,19.1483097076416,,,
54500,12.0,0.2257527858018875,17.708541870117188,,,
54600,12.0,0.2137872278690338,17.424823760986328,,,
54700,12.0,0.3033715486526489,15.931257247924805,,,
54800,12.0,0.2364194691181183,17.316164016723633,,,
54900,12.0,0.17593011260032654,19.531511306762695,,,
55000,12.0,0.29718369245529175,14.904269218444824,,,
55100,12.0,0.2710345387458801,17.150768280029297,,,
55200,12.0,0.30419132113456726,14.92318344116211,,,
55300,12.0,0.18788272142410278,19.060230255126953,,,
55400,12.0,0.23304681479930878,17.96426773071289,,,
55500,12.0,0.3213384747505188,14.21392822265625,,,
55600,12.0,0.21539166569709778,17.735021591186523,,,
55700,12.0,0.224715456366539,17.073162078857422,,,
55800,12.0,0.2229972779750824,17.740428924560547,,,
55900,12.0,0.26756924390792847,16.170074462890625,,,
56000,12.0,0.27005672454833984,16.479347229003906,,,
56100,12.0,0.2597922086715698,16.08241844177246,,,
56200,12.0,0.24712088704109192,17.092435836791992,,,
56300,12.0,0.23016901314258575,17.481563568115234,,,
56400,12.0,0.24128112196922302,16.977235794067383,,,
56500,12.0,0.2720154821872711,16.076194763183594,,,
56600,12.0,0.20597243309020996,18.28194808959961,,,
56700,12.0,0.23770484328269958,17.13683319091797,,,
56800,12.0,0.2465219795703888,16.904081344604492,,,
56900,12.0,0.26126182079315186,16.616439819335938,,,
57000,12.0,0.2428920418024063,17.293180465698242,,,
57100,12.0,0.2581234276294708,16.565183639526367,,,
57200,12.0,0.18081000447273254,19.853191375732422,,,
57300,12.0,0.2843281626701355,15.79731559753418,,,
57400,12.0,0.24006575345993042,17.457502365112305,,,
57500,12.0,0.2251206934452057,17.81804656982422,,,
57600,12.0,0.24224494397640228,16.797170639038086,,,
57700,12.0,0.23782838881015778,17.298667907714844,,,
57800,12.0,0.29852020740509033,14.933219909667969,,,
57900,12.0,0.16943170130252838,19.264633178710938,,,
58000,12.0,0.23285292088985443,17.189167022705078,,,
58100,12.0,0.2190954089164734,17.619277954101562,,,
58200,12.0,0.29854100942611694,15.419363021850586,,,
58300,12.0,0.2337791919708252,17.811725616455078,,,
58400,12.0,0.24123387038707733,16.916837692260742,,,
58500,12.0,0.20719391107559204,18.02124786376953,,,
58600,12.0,0.27321818470954895,16.306930541992188,,,
58700,12.0,0.22779087722301483,17.59616470336914,,,
58800,12.0,0.18135754764080048,19.263107299804688,,,
58900,12.0,0.25667446851730347,16.765180587768555,,,
59000,12.0,0.3050614893436432,15.283895492553711,,,
59100,12.0,0.2497960329055786,17.12102508544922,,,
59200,12.0,0.22044844925403595,17.94202995300293,,,
59300,12.0,0.26099148392677307,16.707820892333984,,,
59400,12.0,0.23175285756587982,17.067108154296875,,,
59500,12.0,0.23466859757900238,16.83658790588379,,,
59600,12.0,0.20936954021453857,18.592304229736328,,,
59700,12.0,0.23926036059856415,17.000202178955078,,,
59800,12.0,0.20878173410892487,18.28059959411621,,,
59900,12.0,0.2307562232017517,17.305477142333984,,,
60000,12.0,0.24470865726470947,16.651004791259766,,,
60100,12.0,0.24112720787525177,17.662128448486328,,,
60200,12.0,0.2426741123199463,16.98950958251953,,,
60300,12.0,0.24415439367294312,16.86314582824707,,,
60400,12.0,0.20976801216602325,18.07970428466797,,,
60500,12.0,0.23211224377155304,16.901203155517578,,,
60600,12.0,0.24192245304584503,16.56435775756836,,,
60700,12.0,0.21376457810401917,18.067230224609375,,,
60800,12.0,0.283130407333374,15.804931640625,,,
60900,12.0,0.27704665064811707,16.168855667114258,,,
61000,12.0,0.27838101983070374,16.092926025390625,,,
61100,12.0,0.27153825759887695,15.510177612304688,,,
61200,12.0,0.26021671295166016,17.021652221679688,,,
61300,12.0,0.2700200080871582,16.433326721191406,,,
61400,12.0,0.2170843929052353,17.543203353881836,,,
61500,12.0,0.28020381927490234,15.566071510314941,,,
61600,12.0,0.2789521813392639,16.431987762451172,,,
61700,12.0,0.2830824851989746,15.770158767700195,,,
61800,12.0,0.30215099453926086,14.386405944824219,,,
61900,12.0,0.2251061499118805,17.83385467529297,,,
62000,12.0,0.23060838878154755,17.042110443115234,,,
62100,12.0,0.27055802941322327,15.666404724121094,,,
62200,12.0,0.28125348687171936,15.386322975158691,,,
62300,12.0,0.2377307415008545,16.745044708251953,,,
62400,12.0,0.28123825788497925,15.643062591552734,,,
62500,12.0,0.21240831911563873,18.2885799407959,,,
62600,12.0,0.284564733505249,15.480555534362793,,,
62700,12.0,0.23357030749320984,17.564647674560547,,,
62800,12.0,0.18737749755382538,19.425495147705078,,,
62900,12.0,0.29457807540893555,15.066156387329102,,,
63000,12.0,0.23380108177661896,17.796539306640625,,,
63100,12.0,0.2067662924528122,17.946557998657227,,,
63200,12.0,0.24293041229248047,16.226497650146484,,,
63300,12.0,0.2620472311973572,16.550621032714844,,,
63400,12.0,0.2392343431711197,16.72193145751953,,,
63500,12.0,0.3174245059490204,14.86655044555664,,,
63600,12.0,0.2136746048927307,17.994413375854492,,,
63700,12.0,0.1938936561346054,18.40449333190918,,,
63800,12.0,0.2239791303873062,18.20560073852539,,,
63900,12.0,0.24539469182491302,16.052059173583984,,,
64000,12.0,0.22355620563030243,17.507568359375,,,
64100,12.0,0.2968187630176544,15.002148628234863,,,
64200,12.0,0.24385522305965424,16.472003936767578,,,
64300,12.0,0.24413913488388062,17.0675048828125,,,
64400,12.0,0.2560703754425049,16.301321029663086,,,
64500,12.0,0.23322594165802002,17.328737258911133,,,
64600,12.0,0.20467522740364075,18.85041618347168,,,
64700,12.0,0.2543434798717499,16.91370964050293,,,
64800,12.0,0.1828513741493225,19.684663772583008,,,
64900,12.0,0.2527123689651489,16.44707679748535,,,
65000,12.0,0.25612252950668335,16.410680770874023,,,
65100,12.0,0.24135778844356537,17.33869171142578,,,
65200,12.0,0.2250375598669052,17.866867065429688,,,
65300,12.0,0.24453574419021606,17.343364715576172,,,
65400,12.0,0.22768181562423706,17.669750213623047,,,
65500,12.0,0.23749756813049316,17.117826461791992,,,
65600,12.0,0.2954840362071991,15.900819778442383,,,
65700,12.0,0.21595478057861328,17.526824951171875,,,
65800,12.0,0.2933970093727112,15.374011993408203,,,
65900,12.0,0.22849006950855255,17.341140747070312,,,
66000,12.0,0.27484822273254395,15.602392196655273,,,
66100,12.0,0.23542138934135437,16.85970687866211,,,
66200,12.0,0.23662199079990387,17.260276794433594,,,
66300,12.0,0.1980474442243576,19.024085998535156,,,
66400,12.0,0.28916510939598083,15.612388610839844,,,
66500,12.0,0.240474134683609,17.4802188873291,,,
66600,12.0,0.27025410532951355,16.420501708984375,,,
66700,12.0,0.27426785230636597,15.962115287780762,,,
66800,12.0,0.20819072425365448,18.34546661376953,,,
66900,12.0,0.27495476603507996,16.04666519165039,,,
67000,12.0,0.21266113221645355,17.949077606201172,,,
67100,12.0,0.20815587043762207,17.905736923217773,,,
67200,12.0,0.25702592730522156,16.881683349609375,,,
67300,12.0,0.2981504201889038,15.203300476074219,,,
67400,12.0,0.23004387319087982,17.464214324951172,,,
67500,12.0,0.3025764226913452,14.872628211975098,,,
67600,12.0,0.26772746443748474,15.478351593017578,,,
67700,12.0,0.2733573317527771,15.765789985656738,,,
67800,12.0,0.2367343306541443,17.227294921875,,,
67900,12.0,0.26148074865341187,15.901487350463867,,,
68000,12.0,0.315010666847229,15.241077423095703,,,
68100,12.0,0.24429894983768463,16.93317985534668,,,
68200,12.0,0.25085511803627014,16.62683868408203,,,
68300,12.0,0.25746065378189087,15.873234748840332,,,
68400,12.0,0.24175584316253662,16.951091766357422,,,
68500,12.0,0.24528224766254425,16.72601890563965,,,
68600,12.0,0.25699904561042786,16.510576248168945,,,
68700,12.0,0.24456094205379486,17.082500457763672,,,
68800,12.0,0.23691315948963165,17.84798812866211,,,
68900,12.0,0.24490177631378174,16.8067569732666,,,
69000,12.0,0.1855783611536026,19.5156192779541,,,
69100,12.0,0.2157362848520279,17.792388916015625,,,
69200,12.0,0.21147510409355164,17.60251808166504,,,
69300,12.0,0.2776424288749695,15.603387832641602,,,
69400,12.0,0.26936182379722595,15.994895935058594,,,
69500,12.0,0.19547948241233826,18.625574111938477,,,
69600,12.0,0.2190670371055603,17.43547821044922,,,
69700,12.0,0.28217145800590515,15.987756729125977,,,
69800,12.0,0.22554844617843628,17.268665313720703,,,
69900,12.0,0.2377479076385498,16.847759246826172,,,
70000,12.0,0.24593327939510345,17.08682632446289,,,
70100,12.0,0.18675747513771057,19.2371826171875,,,
70200,12.0,0.2583189308643341,16.45861053466797,,,
70300,12.0,0.20850694179534912,18.20785140991211,,,
70400,12.0,0.23150677978992462,17.29251480102539,,,
70500,12.0,0.2583822011947632,17.31277847290039,,,
70600,12.0,0.22531582415103912,17.50147247314453,,,
70700,12.0,0.25254249572753906,16.805023193359375,,,
70800,12.0,0.29251977801322937,14.990245819091797,,,
70900,12.0,0.2367728352546692,16.759735107421875,,,
71000,12.0,0.2659044861793518,16.94585609436035,,,
71100,12.0,0.19341729581356049,18.46923065185547,,,
71200,12.0,0.23493653535842896,17.094655990600586,,,
71300,12.0,0.2730351686477661,16.551273345947266,,,
71400,12.0,0.30394846200942993,14.945541381835938,,,
71500,12.0,0.22185494005680084,17.782434463500977,,,
71600,12.0,0.20895883440971375,18.30883026123047,,,
71700,12.0,0.22993741929531097,17.456153869628906,,,
71800,12.0,0.20806115865707397,18.750288009643555,,,
71900,12.0,0.27624082565307617,16.094499588012695,,,
72000,12.0,0.20767711102962494,18.343149185180664,,,
72100,12.0,0.27705174684524536,16.42221450805664,,,
72200,12.0,0.26985684037208557,16.304113388061523,,,
72300,12.0,0.21236364543437958,18.02362823486328,,,
72400,12.0,0.3012849688529968,15.9431791305542,,,
72500,12.0,0.23721209168434143,16.77948570251465,,,
72600,12.0,0.19208092987537384,18.503250122070312,,,
72700,12.0,0.2627039849758148,16.254199981689453,,,
72800,12.0,0.22467191517353058,17.585390090942383,,,
72900,12.0,0.23026397824287415,17.242971420288086,,,
73000,12.0,0.27474743127822876,16.10565948486328,,,
73100,12.0,0.22554980218410492,17.973384857177734,,,
73200,12.0,0.3052021563053131,14.902128219604492,,,
73300,12.0,0.2595329284667969,16.556331634521484,,,
73400,12.0,0.2778051495552063,15.994912147521973,,,
73500,12.0,0.2563056945800781,16.618011474609375,,,
73600,12.0,0.26469168066978455,16.43537712097168,,,
73700,12.0,0.21362823247909546,18.240217208862305,,,
73800,12.0,0.1857956498861313,18.84530258178711,,,
73900,12.0,0.2637920379638672,16.56023406982422,,,
74000,12.0,0.2805076539516449,15.555684089660645,,,
74100,12.0,0.2145535945892334,17.940032958984375,,,
74200,12.0,0.24020785093307495,16.672016143798828,,,
74300,12.0,0.22649864852428436,17.645830154418945,,,
74400,12.0,0.3407105803489685,14.20850944519043,,,
74500,12.0,0.2118602693080902,17.754972457885742,,,
74600,12.0,0.3041231334209442,14.698471069335938,,,
74700,12.0,0.2565305531024933,16.39999008178711,,,
74800,12.0,0.27862486243247986,15.671415328979492,,,
74900,12.0,0.26397091150283813,16.398927688598633,,,
75000,12.0,0.2393529713153839,17.327301025390625,,,
75100,12.0,0.2429947555065155,17.091400146484375,,,
75200,12.0,0.3308362662792206,14.623414039611816,,,
75300,12.0,0.2685597538948059,16.375041961669922,,,
75400,12.0,0.34910163283348083,13.949495315551758,,,
75500,12.0,0.2579801082611084,16.45974349975586,,,
75600,12.0,0.24937491118907928,16.523292541503906,,,
75700,12.0,0.20821620523929596,17.832963943481445,,,
75800,12.0,0.19744805991649628,18.948497772216797,,,
75900,12.0,0.19571976363658905,18.212993621826172,,,
76000,12.0,0.2510360777378082,16.62118911743164,,,
76100,12.0,0.23046629130840302,17.386981964111328,,,
76200,12.0,0.22609169781208038,17.840951919555664,,,
76300,12.0,0.20286992192268372,17.829551696777344,,,
76400,12.0,0.22788937389850616,17.570606231689453,,,
76500,12.0,0.22438280284404755,18.182918548583984,,,
76600,12.0,0.2910192608833313,16.470237731933594,,,
76700,12.0,0.23747582733631134,17.14642333984375,,,
76800,12.0,0.2629851698875427,17.03365707397461,,,
76900,12.0,0.20847415924072266,18.31230354309082,,,
77000,12.0,0.23278725147247314,17.581851959228516,,,
77100,12.0,0.27401989698410034,15.34189224243164,,,
77200,12.0,0.27989330887794495,16.205028533935547,,,
77300,12.0,0.22812408208847046,17.76120948791504,,,
77400,12.0,0.24035240709781647,17.07220458984375,,,
77500,12.0,0.2461075335741043,17.42215347290039,,,
77600,12.0,0.24775056540966034,17.435686111450195,,,
77700,12.0,0.2535417973995209,16.474607467651367,,,
77800,12.0,0.25184792280197144,16.684661865234375,,,
77900,12.0,0.2553550899028778,16.85087776184082,,,
78000,12.0,0.3057727515697479,14.870660781860352,,,
78100,12.0,0.2549796998500824,16.063819885253906,,,
78200,12.0,0.28978586196899414,15.638915061950684,,,
78300,12.0,0.22173947095870972,17.890409469604492,,,
78400,12.0,0.2508123815059662,17.003358840942383,,,
78500,12.0,0.20064859092235565,18.58771514892578,,,
78600,12.0,0.253052681684494,15.964118957519531,,,
78700,12.0,0.19851860404014587,18.060802459716797,,,
78800,12.0,0.21534471213817596,17.94325065612793,,,
78900,12.0,0.23575876653194427,16.733108520507812,,,
79000,12.0,0.2990776002407074,15.770488739013672,,,
79100,12.0,0.18250718712806702,19.341915130615234,,,
79200,12.0,0.2833823561668396,16.057735443115234,,,
79300,12.0,0.2434406876564026,17.515254974365234,,,
79400,12.0,0.2575179934501648,16.017263412475586,,,
79500,12.0,0.23474138975143433,17.383934020996094,,,
79600,12.0,0.23808050155639648,17.56343650817871,,,
79700,12.0,0.262501984834671,16.506555557250977,,,
79800,12.0,0.21458832919597626,18.03095245361328,,,
79900,12.0,0.2719641327857971,16.349010467529297,,,
80000,12.0,0.24466104805469513,17.101966857910156,,,
80100,12.0,0.27093246579170227,15.885348320007324,,,
80200,12.0,0.3189498782157898,14.572218894958496,,,
80300,12.0,0.24389097094535828,16.686721801757812,,,
80400,12.0,0.29259660840034485,15.561491966247559,,,
80500,12.0,0.22455768287181854,17.23573112487793,,,
80600,12.0,0.2815012037754059,15.749567031860352,,,
80700,12.0,0.24873381853103638,16.878433227539062,,,
80800,12.0,0.22982148826122284,17.70539093017578,,,
80900,12.0,0.26119887828826904,16.309547424316406,,,
81000,12.0,0.24857103824615479,17.12285614013672,,,
81100,12.0,0.23368190228939056,17.52402687072754,,,
81200,12.0,0.22884173691272736,17.952659606933594,,,
81300,12.0,0.2804645597934723,15.171792984008789,,,
81400,12.0,0.21560350060462952,17.316381454467773,,,
81500,12.0,0.23931486904621124,16.931364059448242,,,
81600,12.0,0.24318210780620575,17.05573272705078,,,
81700,12.0,0.21489232778549194,17.61220932006836,,,
81800,12.0,0.25602594017982483,16.003719329833984,,,
81900,12.0,0.19256189465522766,18.891826629638672,,,
82000,12.0,0.22387661039829254,17.204679489135742,,,
82100,12.0,0.24399542808532715,16.65585708618164,,,
82200,12.0,0.19707047939300537,18.40369987487793,,,
82300,12.0,0.27837762236595154,15.87403678894043,,,
82400,12.0,0.23327034711837769,17.592607498168945,,,
82500,12.0,0.26845213770866394,16.47262954711914,,,
82600,12.0,0.2114875465631485,18.20914649963379,,,
82700,12.0,0.25307196378707886,17.327604293823242,,,
82800,12.0,0.2742834985256195,16.179950714111328,,,
82900,12.0,0.1854103058576584,18.633155822753906,,,
83000,12.0,0.18482373654842377,19.292537689208984,,,
83100,12.0,0.22476515173912048,18.021072387695312,,,
83200,12.0,0.20007885992527008,18.98343276977539,,,
83300,12.0,0.3262269198894501,14.634992599487305,,,
83400,12.0,0.267930269241333,16.337873458862305,,,
83500,12.0,0.2901349663734436,16.439918518066406,,,
83600,12.0,0.234533429145813,18.010631561279297,,,
83700,12.0,0.1795434206724167,19.780649185180664,,,
83800,12.0,0.24225954711437225,16.997167587280273,,,
83900,12.0,0.27269577980041504,15.402400016784668,,,
84000,12.0,0.2120058536529541,17.647808074951172,,,
84100,12.0,0.24572473764419556,17.345123291015625,,,
84200,12.0,0.24067358672618866,17.041521072387695,,,
84300,12.0,0.24867910146713257,17.121322631835938,,,
84400,12.0,0.22323685884475708,17.922191619873047,,,
84500,12.0,0.29867908358573914,15.39914321899414,,,
84600,12.0,0.2332407385110855,16.58169174194336,,,
84700,12.0,0.1964368224143982,18.335052490234375,,,
84800,12.0,0.3657909631729126,13.10533332824707,,,
84900,12.0,0.21168994903564453,17.68044662475586,,,
85000,12.0,0.2559741735458374,16.690460205078125,,,
85100,12.0,0.25797373056411743,16.407447814941406,,,
85200,12.0,0.25164538621902466,16.460214614868164,,,
85300,12.0,0.26492658257484436,16.01104736328125,,,
85400,12.0,0.18827351927757263,18.381105422973633,,,
85500,12.0,0.21244484186172485,17.961362838745117,,,
85600,12.0,0.24748507142066956,16.813976287841797,,,
85700,12.0,0.2847844064235687,15.164700508117676,,,
85800,12.0,0.23761622607707977,16.870115280151367,,,
85900,12.0,0.21716377139091492,18.3656063079834,,,
86000,12.0,0.19795823097229004,18.34304428100586,,,
86100,12.0,0.20719093084335327,18.059795379638672,,,
86200,12.0,0.1804932802915573,19.260757446289062,,,
86300,12.0,0.30492153763771057,15.17912483215332,,,
86400,12.0,0.2239784598350525,17.312339782714844,,,
86500,12.0,0.23085147142410278,17.621761322021484,,,
86600,12.0,0.221355602145195,18.071399688720703,,,
86700,12.0,0.24631533026695251,16.914718627929688,,,
86800,12.0,0.2516538202762604,16.94770050048828,,,
86900,12.0,0.227760449051857,17.851449966430664,,,
87000,12.0,0.27193722128868103,16.499256134033203,,,
87100,12.0,0.21073754131793976,18.365177154541016,,,
87200,12.0,0.2604704797267914,16.604846954345703,,,
87300,12.0,0.2614653706550598,16.54676055908203,,,
87400,12.0,0.20370393991470337,18.327327728271484,,,
87500,12.0,0.25798070430755615,16.56659698486328,,,
87600,12.0,0.2840610444545746,15.503475189208984,,,
87700,12.0,0.2788929343223572,15.34719467163086,,,
87800,12.0,0.21588730812072754,17.900562286376953,,,
87900,12.0,0.27871832251548767,16.095104217529297,,,
88000,12.0,0.2448602318763733,16.670270919799805,,,
88100,12.0,0.24385732412338257,17.26873207092285,,,
88200,12.0,0.27760016918182373,15.930479049682617,,,
88300,12.0,0.20818708837032318,18.212772369384766,,,
88400,12.0,0.1933979094028473,18.925233840942383,,,
88500,12.0,0.225620836019516,17.396930694580078,,,
88600,12.0,0.19528526067733765,18.52394676208496,,,
88700,12.0,0.2522223889827728,16.72856903076172,,,
88800,12.0,0.28874894976615906,15.662412643432617,,,
88900,12.0,0.268432080745697,16.569128036499023,,,
89000,12.0,0.19891735911369324,18.822795867919922,,,
89100,12.0,0.21825893223285675,17.508089065551758,,,
89200,12.0,0.21384717524051666,18.251079559326172,,,
89300,12.0,0.2642328441143036,16.048891067504883,,,
89400,12.0,0.2546524703502655,16.083820343017578,,,
89500,12.0,0.23850585520267487,17.34001922607422,,,
89600,12.0,0.23196932673454285,17.3732852935791,,,
89700,12.0,0.29786449670791626,14.996135711669922,,,
89800,12.0,0.21823729574680328,17.45442008972168,,,
89900,12.0,0.30459776520729065,14.841850280761719,,,
90000,12.0,0.26970067620277405,15.90294361114502,,,
90100,12.0,0.25221285223960876,16.700944900512695,,,
90200,12.0,0.2264648824930191,17.686717987060547,,,
90300,12.0,0.26933541893959045,16.706878662109375,,,
90400,12.0,0.22537373006343842,17.544647216796875,,,
90500,12.0,0.24763765931129456,17.248008728027344,,,
90600,12.0,0.29032474756240845,15.84202766418457,,,
90700,12.0,0.2188226282596588,17.225217819213867,,,
90800,12.0,0.25464653968811035,17.152698516845703,,,
90900,12.0,0.2631688117980957,15.806436538696289,,,
91000,12.0,0.207763671875,18.398574829101562,,,
91100,12.0,0.22623814642429352,17.29245948791504,,,
91200,12.0,0.2108321189880371,18.16002655029297,,,
91300,12.0,0.2825622856616974,15.78727912902832,,,
91400,12.0,0.25634533166885376,17.481868743896484,,,
91500,12.0,0.25269418954849243,16.63836669921875,,,
91600,12.0,0.2555842101573944,16.644033432006836,,,
91700,12.0,0.2557775378227234,16.9261531829834,,,
91800,12.0,0.23545819520950317,17.833166122436523,,,
91900,12.0,0.24415633082389832,16.630661010742188,,,
92000,12.0,0.1543274223804474,21.411632537841797,,,
92100,12.0,0.2956564426422119,15.197088241577148,,,
92200,12.0,0.25131186842918396,16.32771873474121,,,
92300,12.0,0.31903818249702454,14.734493255615234,,,
92400,12.0,0.2687409818172455,16.027769088745117,,,
92500,12.0,0.21101726591587067,18.054901123046875,,,
92600,12.0,0.22148042917251587,18.17220687866211,,,
92700,12.0,0.25987008213996887,16.36818504333496,,,
92800,12.0,0.24414747953414917,16.780038833618164,,,
92900,12.0,0.2246026247739792,17.163312911987305,,,
93000,12.0,0.2453530877828598,16.840919494628906,,,
93100,12.0,0.2255479097366333,17.543292999267578,,,
93200,12.0,0.2830447554588318,15.026199340820312,,,
93300,12.0,0.28874412178993225,15.334102630615234,,,
93400,12.0,0.19832374155521393,18.284385681152344,,,
93500,12.0,0.2380392849445343,17.166706085205078,,,
93600,12.0,0.25584426522254944,16.570348739624023,,,
93700,12.0,0.25650259852409363,16.851966857910156,,,
93800,12.0,0.21921369433403015,18.15302085876465,,,
93900,12.0,0.26894035935401917,16.509593963623047,,,
94000,12.0,0.22630484402179718,17.446714401245117,,,
94100,12.0,0.26669859886169434,16.491626739501953,,,
94200,12.0,0.2514136731624603,16.780200958251953,,,
94300,12.0,0.22648432850837708,17.67659568786621,,,
94400,12.0,0.24458540976047516,17.307476043701172,,,
94500,12.0,0.2657005488872528,17.29461097717285,,,
94600,12.0,0.21608266234397888,17.86261749267578,,,
94700,12.0,0.251564085483551,16.652175903320312,,,
94800,12.0,0.229391947388649,17.828432083129883,,,
94900,12.0,0.2596661448478699,16.239761352539062,,,
95000,12.0,0.2006007432937622,18.735937118530273,,,
95100,12.0,0.23986098170280457,16.8891544342041,,,
95200,12.0,0.2160576730966568,18.211048126220703,,,
95300,12.0,0.2017844319343567,18.578468322753906,,,
95400,12.0,0.2259632647037506,17.682430267333984,,,
95500,12.0,0.24082832038402557,17.261638641357422,,,
95600,12.0,0.25831711292266846,16.559429168701172,,,
95700,12.0,0.2536197304725647,16.348466873168945,,,
95800,12.0,0.22793824970722198,17.64752197265625,,,
95900,12.0,0.1763036996126175,19.804824829101562,,,
96000,12.0,0.2450120747089386,17.249225616455078,,,
96100,12.0,0.21167077124118805,17.786867141723633,,,
96200,12.0,0.17834539711475372,18.89474105834961,,,
96300,12.0,0.22491323947906494,17.09292984008789,,,
96400,12.0,0.16583625972270966,20.24081802368164,,,
96500,12.0,0.24927066266536713,17.179218292236328,,,
96600,12.0,0.2849246561527252,15.655974388122559,,,
96700,12.0,0.2646429240703583,15.963489532470703,,,
96800,12.0,0.24305592477321625,16.584882736206055,,,
96900,12.0,0.2924412190914154,15.547399520874023,,,
97000,12.0,0.25725287199020386,16.713642120361328,,,
97100,12.0,0.1999993473291397,18.636550903320312,,,
97200,12.0,0.23819242417812347,18.187131881713867,,,
97300,12.0,0.1866837739944458,19.604171752929688,,,
97400,12.0,0.2107810378074646,18.358659744262695,,,
97500,12.0,0.26761889457702637,16.02997589111328,,,
97600,12.0,0.1942012906074524,18.83143424987793,,,
97700,12.0,0.24000658094882965,17.372119903564453,,,
97800,12.0,0.23243007063865662,17.222042083740234,,,
97900,12.0,0.21936702728271484,17.68564224243164,,,
98000,12.0,0.22274962067604065,17.551345825195312,,,
98100,12.0,0.28399258852005005,15.927088737487793,,,
98200,12.0,0.26486286520957947,16.289539337158203,,,
98300,12.0,0.24936851859092712,16.71502685546875,,,
98400,12.0,0.2974332869052887,15.281987190246582,,,
98500,12.0,0.21854305267333984,17.416728973388672,,,
98600,12.0,0.19822707772254944,18.94519805908203,,,
98700,12.0,0.23266662657260895,16.848146438598633,,,
98800,12.0,0.2127101719379425,18.354511260986328,,,
98900,12.0,0.22222931683063507,17.628639221191406,,,
99000,12.0,0.22593310475349426,18.045188903808594,,,
99100,12.0,0.24781998991966248,16.942312240600586,,,
99200,12.0,0.24193347990512848,17.60653305053711,,,
99300,12.0,0.22328822314739227,17.463157653808594,,,
99400,12.0,0.23310716450214386,17.274059295654297,,,
99500,12.0,0.21589726209640503,18.295001983642578,,,
99600,12.0,0.20867353677749634,18.52513885498047,,,
99700,12.0,0.30361950397491455,15.575273513793945,,,
99800,12.0,0.23543408513069153,16.9931640625,,,
99900,12.0,0.2081393450498581,18.085695266723633,,,
