step,train/loss,train/psnr,val/avg_psnr,val/imagenet-blur_psnr,val/imagenet-blur_ssim,val/imagenet-noise_psnr,val/imagenet-noise_ssim,val/imagenet-weather_psnr,val/imagenet-weather_ssim
0,0.6715328693389893,8.20623779296875,16.04536247253418,16.314088821411133,0.43648573756217957,18.024890899658203,0.5969780087471008,13.797107696533203,0.611403226852417
1,,,15.986740112304688,15.933123588562012,0.4319022595882416,17.688756942749023,0.6016353368759155,14.338338851928711,0.6252763271331787
2,,,16.32910919189453,17.25495719909668,0.4460548758506775,19.86460304260254,0.6353936195373535,11.86777114868164,0.5661303997039795
3,,,16.01172637939453,15.981414794921875,0.4250284731388092,18.097410202026367,0.6160589456558228,13.956356048583984,0.599123477935791
4,,,15.950820922851562,15.722982406616211,0.43302541971206665,17.605424880981445,0.6214355230331421,14.524054527282715,0.6198359727859497
5,,,15.49697494506836,14.356815338134766,0.40500709414482117,15.900532722473145,0.5834925174713135,16.233577728271484,0.6695928573608398
6,,,16.261829376220703,16.752531051635742,0.43082839250564575,19.033601760864258,0.6342087984085083,12.999353408813477,0.5827478170394897
7,,,16.264455795288086,16.485965728759766,0.4422259032726288,18.91547393798828,0.6419828534126282,13.391927719116211,0.6167297959327698
8,,,16.260921478271484,16.620420455932617,0.43798160552978516,19.31256675720215,0.6546558141708374,12.84977912902832,0.5962674617767334
9,,,15.77855110168457,15.153167724609375,0.4119880497455597,17.156457901000977,0.6176421642303467,15.026028633117676,0.611915111541748
10,,,16.04985237121582,15.878650665283203,0.4281538724899292,17.951217651367188,0.6256558895111084,14.31968879699707,0.6253001689910889
11,,,16.12948989868164,16.107023239135742,0.4360012710094452,18.4477481842041,0.6429603099822998,13.833699226379395,0.6227354407310486
12,,,16.095739364624023,15.936113357543945,0.43581798672676086,17.852537155151367,0.6333261728286743,14.498565673828125,0.6284840703010559
13,,,16.26299476623535,16.282989501953125,0.4436776041984558,18.53669548034668,0.6400049924850464,13.969300270080566,0.6220067739486694
14,,,16.188819885253906,16.203676223754883,0.4389478862285614,18.447402954101562,0.6397657990455627,13.915376663208008,0.6301547288894653
15,,,16.178451538085938,16.313222885131836,0.4357844889163971,18.336103439331055,0.6308267116546631,13.886028289794922,0.619555652141571
16,,,16.17620849609375,16.397855758666992,0.43421244621276855,18.453012466430664,0.6319250464439392,13.677757263183594,0.6012802124023438
17,,,15.978189468383789,15.652501106262207,0.424588143825531,17.58306312561035,0.6230221390724182,14.699004173278809,0.6405465006828308
18,,,16.217382431030273,16.426410675048828,0.43776413798332214,18.60452651977539,0.6373613476753235,13.621211051940918,0.6081706881523132
19,,,15.863652229309082,15.535956382751465,0.4215749204158783,17.46590805053711,0.6120151877403259,14.589092254638672,0.6233820915222168
20,,,16.569019317626953,17.222095489501953,0.45777428150177,19.78180503845215,0.6576659679412842,12.703158378601074,0.6182082295417786
21,,,16.334564208984375,16.532573699951172,0.44188839197158813,18.848745346069336,0.6445793509483337,13.622376441955566,0.6211456656455994
22,,,15.804239273071289,15.04719066619873,0.41981375217437744,16.94758415222168,0.6099268794059753,15.417943954467773,0.6626061797142029
23,,,16.41620445251465,16.71485137939453,0.4480982720851898,19.05901336669922,0.6482214331626892,13.474749565124512,0.6258611679077148
24,,,16.099098205566406,15.922365188598633,0.43232613801956177,17.93718910217285,0.6212374567985535,14.437739372253418,0.6523951888084412
25,,,16.035898208618164,15.8043851852417,0.4265710413455963,17.992820739746094,0.6331111788749695,14.310489654541016,0.6448749303817749
26,,,15.986771583557129,15.614009857177734,0.42540428042411804,17.582895278930664,0.6266373991966248,14.763408660888672,0.6663221716880798
27,,,16.42702293395996,16.855281829833984,0.4527326226234436,19.165485382080078,0.646007239818573,13.26030445098877,0.6367247700691223
28,,,16.01420783996582,15.677083015441895,0.41089552640914917,17.68694305419922,0.6291931867599487,14.678597450256348,0.6463072896003723
29,,,16.376596450805664,16.760404586791992,0.4522213935852051,19.099485397338867,0.6457119584083557,13.26990032196045,0.63535475730896
30,,,16.518508911132812,16.979158401489258,0.46141573786735535,19.518714904785156,0.6493358612060547,13.057655334472656,0.6345182061195374
31,,,16.11611557006836,15.883936882019043,0.42336803674697876,18.000328063964844,0.6290370225906372,14.464082717895508,0.659281313419342
32,,,16.438377380371094,16.794448852539062,0.4525778293609619,19.226009368896484,0.6536434292793274,13.294671058654785,0.6198723912239075
33,,,16.01152229309082,15.697454452514648,0.42140525579452515,17.481996536254883,0.6182647347450256,14.855117797851562,0.6607890725135803
34,,,16.15875244140625,16.114469528198242,0.43253737688064575,18.4105224609375,0.6327904462814331,13.951266288757324,0.6214505434036255
35,,,16.094419479370117,16.004831314086914,0.44183385372161865,17.975704193115234,0.6233547329902649,14.302722930908203,0.6545940637588501
36,,,15.864906311035156,15.006958961486816,0.41855406761169434,17.05059051513672,0.6118736267089844,15.53717041015625,0.6702120304107666
37,,,16.234325408935547,16.228290557861328,0.4437066912651062,18.416393280029297,0.6406248807907104,14.058292388916016,0.6575035452842712
38,,,16.25408935546875,16.35809326171875,0.43864935636520386,18.68291664123535,0.6461061239242554,13.7212553024292,0.6414628028869629
39,,,15.937284469604492,15.379035949707031,0.4254415035247803,17.159029006958008,0.6152810454368591,15.273788452148438,0.6786296367645264
40,,,16.141494750976562,16.062368392944336,0.4412502646446228,17.944679260253906,0.6250283122062683,14.417436599731445,0.6641044616699219
41,,,16.533761978149414,17.074535369873047,0.45962390303611755,19.459054946899414,0.6473434567451477,13.067695617675781,0.6307933926582336
42,,,16.270925521850586,16.456832885742188,0.4471062123775482,18.613550186157227,0.6399397850036621,13.742392539978027,0.6342297792434692
43,,,16.10399055480957,15.931452751159668,0.4316745400428772,17.869543075561523,0.6311072111129761,14.510973930358887,0.6450419425964355
44,,,16.409442901611328,16.718355178833008,0.4515140652656555,19.034687042236328,0.6485429406166077,13.475288391113281,0.628377377986908
45,,,16.48713493347168,17.04109764099121,0.4509328007698059,19.61898422241211,0.6518840193748474,12.801321983337402,0.6048070192337036
46,,,16.295700073242188,16.477272033691406,0.4513792395591736,18.530778884887695,0.6399140357971191,13.879049301147461,0.6561239361763
47,,,16.105226516723633,15.911038398742676,0.43804508447647095,17.98284149169922,0.6331270933151245,14.42180061340332,0.6625387668609619
48,,,16.188125610351562,16.332801818847656,0.4402961730957031,18.30250358581543,0.6309959292411804,13.929068565368652,0.6474184393882751
49,,,15.962377548217773,15.397638320922852,0.4294082522392273,17.250690460205078,0.6143948435783386,15.238802909851074,0.6827864646911621
50,,,16.307220458984375,16.491697311401367,0.4475913643836975,18.73235511779785,0.639775812625885,13.697607040405273,0.6496877670288086
51,,,16.451683044433594,16.836795806884766,0.4504263699054718,19.28942108154297,0.6489744186401367,13.228832244873047,0.6349949240684509
52,,,16.138002395629883,15.930530548095703,0.4341433644294739,18.17848014831543,0.6439131498336792,14.304998397827148,0.6492539644241333
53,,,16.02847671508789,15.837158203125,0.43312960863113403,17.870500564575195,0.6259556412696838,14.37777328491211,0.6658097505569458
54,,,15.981856346130371,15.587722778320312,0.4286439120769501,17.39801597595215,0.6171061992645264,14.959830284118652,0.6714996695518494
55,,,15.938522338867188,15.48918342590332,0.4309934973716736,17.372629165649414,0.6160014271736145,14.953754425048828,0.6829530000686646
56,,,15.911519050598145,15.460347175598145,0.4170835316181183,17.369869232177734,0.6189283728599548,14.904341697692871,0.6718851923942566
57,,,15.848340034484863,15.103753089904785,0.4138946235179901,16.836589813232422,0.6088624596595764,15.604676246643066,0.6816843152046204
58,,,16.22260856628418,16.340999603271484,0.4487016201019287,18.243011474609375,0.6282217502593994,14.08381462097168,0.6626764535903931
59,,,16.219772338867188,16.33745765686035,0.4408298432826996,18.414533615112305,0.6361764669418335,13.907325744628906,0.6525022387504578
60,,,15.87285041809082,15.374656677246094,0.41872870922088623,17.095203399658203,0.6067968606948853,15.148691177368164,0.6787900328636169
61,,,15.998170852661133,15.67403507232666,0.4241534471511841,17.79102325439453,0.621124804019928,14.529455184936523,0.6664612889289856
62,,,16.044349670410156,15.699816703796387,0.42580360174179077,17.759033203125,0.629446268081665,14.674200057983398,0.6662148237228394
63,,,16.179378509521484,16.10761260986328,0.43378835916519165,18.404138565063477,0.6392240524291992,14.026385307312012,0.6442627310752869
64,,,16.29486083984375,16.638376235961914,0.44894275069236755,18.680927276611328,0.6298606395721436,13.565279960632324,0.6470053791999817
65,,,16.021282196044922,15.770861625671387,0.4309990406036377,17.654415130615234,0.6227698922157288,14.638567924499512,0.6740429401397705
66,,,16.303287506103516,16.691194534301758,0.45417293906211853,18.676050186157227,0.629473090171814,13.542617797851562,0.6523447632789612
67,,,16.319236755371094,16.59380531311035,0.4521902799606323,18.720134735107422,0.6367425322532654,13.643771171569824,0.6577978134155273
68,,,15.775491714477539,15.048168182373047,0.4082156717777252,16.680721282958984,0.6011215448379517,15.59758472442627,0.6844607591629028
69,,,15.884220123291016,15.292966842651367,0.4246406853199005,17.17045021057129,0.6157974004745483,15.18924331665039,0.6744860410690308
70,,,16.221450805664062,16.270204544067383,0.43415266275405884,18.573564529418945,0.6438745260238647,13.82058048248291,0.6479207277297974
71,,,16.277572631835938,16.404836654663086,0.4467400014400482,18.619850158691406,0.6342703104019165,13.80803108215332,0.6600240468978882
72,,,16.478199005126953,16.891897201538086,0.4540274739265442,19.345544815063477,0.6483628749847412,13.19715690612793,0.6428259015083313
73,,,15.964117050170898,15.578132629394531,0.42684340476989746,17.46999740600586,0.6146941184997559,14.844220161437988,0.6800960898399353
74,,,15.98750114440918,15.649950981140137,0.4297979474067688,17.529695510864258,0.6183626651763916,14.782855987548828,0.6822730898857117
75,,,16.282094955444336,16.375225067138672,0.43986010551452637,18.67943000793457,0.6433699131011963,13.791627883911133,0.6532713174819946
76,,,16.120027542114258,16.014923095703125,0.4341961443424225,18.139619827270508,0.6241993308067322,14.205540657043457,0.6706934571266174
77,,,15.934914588928223,15.45785903930664,0.42149415612220764,17.346328735351562,0.6149566173553467,15.000555992126465,0.672097384929657
78,,,16.225994110107422,16.192054748535156,0.43847498297691345,18.427894592285156,0.6356530785560608,14.058030128479004,0.6585429906845093
79,,,15.816484451293945,15.114426612854004,0.4069839119911194,17.00642967224121,0.6161633729934692,15.328596115112305,0.6704726815223694
80,,,16.345308303833008,16.511289596557617,0.43869659304618835,18.969690322875977,0.6493756175041199,13.554945945739746,0.6404642462730408
81,,,16.191390991210938,16.142295837402344,0.43734273314476013,18.403005599975586,0.6327779293060303,14.0288724899292,0.6652556657791138
82,,,16.15216636657715,16.100345611572266,0.4345691204071045,18.300445556640625,0.6294493079185486,14.055706024169922,0.6638272404670715
83,,,16.245389938354492,16.407819747924805,0.4434010684490204,18.5714054107666,0.6306102871894836,13.756945610046387,0.6604518294334412
84,,,15.672858238220215,14.75232982635498,0.4013039171695709,16.491437911987305,0.5918628573417664,15.774805068969727,0.6905789375305176
85,,,15.79064655303955,14.98094654083252,0.4130426347255707,16.842742919921875,0.6007457375526428,15.548248291015625,0.6903508305549622
86,,,16.498090744018555,16.97065544128418,0.4544965326786041,19.565969467163086,0.6536135673522949,12.957647323608398,0.6299014687538147
87,,,16.518056869506836,17.061323165893555,0.4577130079269409,19.612449645996094,0.6508305668830872,12.880396842956543,0.6288892030715942
88,,,15.895766258239746,15.364897727966309,0.4152667820453644,17.231672286987305,0.6156007647514343,15.090727806091309,0.6775667071342468
89,,,16.176673889160156,16.195358276367188,0.43621787428855896,18.330196380615234,0.6299153566360474,14.004465103149414,0.6661837100982666
90,,,16.077388763427734,15.909881591796875,0.42925676703453064,17.982192993164062,0.6265721917152405,14.340088844299316,0.6702203154563904
91,,,16.33126449584961,16.567951202392578,0.4448734223842621,18.9270076751709,0.6418741345405579,13.498835563659668,0.6479554176330566
92,,,16.13956642150879,16.068384170532227,0.4309464991092682,18.22836685180664,0.6308488249778748,14.121949195861816,0.6592435240745544
93,,,16.35787582397461,16.752561569213867,0.4527835249900818,18.944223403930664,0.6351940631866455,13.37684154510498,0.6527993083000183
94,,,16.270421981811523,16.43124771118164,0.4444687068462372,18.614482879638672,0.6346743702888489,13.765532493591309,0.6577817797660828
95,,,16.54832649230957,17.100038528442383,0.4581269323825836,19.749298095703125,0.6544216871261597,12.795641899108887,0.6236585974693298
96,,,16.27993392944336,16.569486618041992,0.44981780648231506,18.67713737487793,0.6288928389549255,13.593179702758789,0.6629894375801086
97,,,16.17901611328125,16.272464752197266,0.4416225552558899,18.347890853881836,0.6232631802558899,13.916687965393066,0.6700685024261475
98,,,16.191333770751953,16.132522583007812,0.4352710545063019,18.416622161865234,0.6359961628913879,14.024861335754395,0.6597473621368408
99,,,16.006174087524414,15.661081314086914,0.42182403802871704,17.815614700317383,0.6289563179016113,14.541828155517578,0.6607856154441833
100,0.25829213857650757,13.718324661254883,,,,,,,
200,0.1735287606716156,14.667627334594727,,,,,,,
300,0.1495843380689621,15.702559471130371,,,,,,,
400,0.16040486097335815,14.59247875213623,,,,,,,
500,0.15744750201702118,15.1505126953125,,,,,,,
600,0.14002180099487305,15.735021591186523,,,,,,,
700,0.13813132047653198,15.60305118560791,,,,,,,
800,0.16071926057338715,14.400079727172852,,,,,,,
900,0.14741915464401245,15.005217552185059,,,,,,,
1000,0.17764496803283691,14.4065580368042,,,,,,,
1100,0.2177165448665619,13.401204109191895,,,,,,,
1200,0.1345655620098114,15.987626075744629,,,,,,,
1300,0.2336559295654297,13.148082733154297,,,,,,,
1400,0.14700429141521454,15.184476852416992,,,,,,,
1500,0.1314379870891571,15.675586700439453,,,,,,,
1600,0.16461080312728882,14.835692405700684,,,,,,,
1700,0.14812439680099487,15.736326217651367,,,,,,,
1800,0.1646406054496765,14.506660461425781,,,,,,,
1900,0.10151223838329315,16.53260040283203,,,,,,,
2000,0.14093978703022003,15.015347480773926,,,,,,,
2100,0.10003253072500229,17.16461753845215,,,,,,,
2200,0.1709173321723938,14.900835037231445,,,,,,,
2300,0.1388954371213913,15.029767990112305,,,,,,,
2400,0.165618434548378,15.12204360961914,,,,,,,
2500,0.07132133096456528,18.257007598876953,,,,,,,
2600,0.13851070404052734,16.292922973632812,,,,,,,
2700,0.17263519763946533,15.506623268127441,,,,,,,
2800,0.17539344727993011,14.83293628692627,,,,,,,
2900,0.09300777316093445,17.52505111694336,,,,,,,
3000,0.16885153949260712,16.34670066833496,,,,,,,
3100,0.21724581718444824,14.009227752685547,,,,,,,
3200,0.13421621918678284,16.531221389770508,,,,,,,
3300,0.19115281105041504,14.209451675415039,,,,,,,
3400,0.11990335583686829,17.10917854309082,,,,,,,
3500,0.15013831853866577,15.921453475952148,,,,,,,
3600,0.1898277997970581,15.577067375183105,,,,,,,
3700,0.09310698509216309,17.758668899536133,,,,,,,
3800,0.19874471426010132,14.28387451171875,,,,,,,
3900,0.1108226403594017,16.860698699951172,,,,,,,
4000,0.08667819201946259,17.380226135253906,,,,,,,
4100,0.1473536193370819,14.993927955627441,,,,,,,
4200,0.17336857318878174,14.469181060791016,,,,,,,
4300,0.08949290961027145,17.765670776367188,,,,,,,
4400,0.09257112443447113,18.04700469970703,,,,,,,
4500,0.20050200819969177,14.064445495605469,,,,,,,
4600,0.197591632604599,14.086089134216309,,,,,,,
4700,0.1455235481262207,15.531111717224121,,,,,,,
4800,0.12802645564079285,15.639762878417969,,,,,,,
4900,0.12728099524974823,16.365663528442383,,,,,,,
5000,0.133428156375885,16.30405044555664,,,,,,,
5100,0.12518154084682465,16.36821746826172,,,,,,,
5200,0.1608966886997223,15.316011428833008,,,,,,,
5300,0.20236235857009888,13.991907119750977,,,,,,,
5400,0.1524704545736313,15.244820594787598,,,,,,,
5500,0.18937286734580994,15.37904167175293,,,,,,,
5600,0.12907898426055908,16.785964965820312,,,,,,,
5700,0.2599746584892273,13.760848999023438,,,,,,,
5800,0.16209827363491058,15.110727310180664,,,,,,,
5900,0.22455886006355286,13.832052230834961,,,,,,,
6000,0.13652491569519043,15.59638786315918,,,,,,,
6100,0.12053623050451279,16.300189971923828,,,,,,,
6200,0.183890700340271,14.892515182495117,,,,,,,
6300,0.11552145332098007,17.04120635986328,,,,,,,
6400,0.1720520555973053,15.960968971252441,,,,,,,
6500,0.17425893247127533,14.03056812286377,,,,,,,
6600,0.18629996478557587,14.657079696655273,,,,,,,
6700,0.1558678150177002,15.763554573059082,,,,,,,
6800,0.18401068449020386,16.007614135742188,,,,,,,
6900,0.13982275128364563,15.804143905639648,,,,,,,
7000,0.1724364012479782,14.890569686889648,,,,,,,
7100,0.17590177059173584,16.642107009887695,,,,,,,
7200,0.20446698367595673,14.682212829589844,,,,,,,
7300,0.12079667299985886,17.90460777282715,,,,,,,
7400,0.13178876042366028,16.558231353759766,,,,,,,
7500,0.10972549021244049,16.870084762573242,,,,,,,
7600,0.1492461860179901,15.170228958129883,,,,,,,
7700,0.17277568578720093,15.326667785644531,,,,,,,
7800,0.144306480884552,15.13606071472168,,,,,,,
7900,0.160466730594635,15.218880653381348,,,,,,,
8000,0.15678468346595764,15.729316711425781,,,,,,,
8100,0.08879350125789642,18.051685333251953,,,,,,,
8200,0.12676982581615448,15.655282974243164,,,,,,,
8300,0.07663681358098984,18.790813446044922,,,,,,,
8400,0.1142585501074791,16.696523666381836,,,,,,,
8500,0.10000976175069809,17.779558181762695,,,,,,,
8600,0.11646177619695663,16.50179672241211,,,,,,,
8700,0.12544414401054382,15.633657455444336,,,,,,,
8800,0.14379046857357025,16.76265525817871,,,,,,,
8900,0.13943615555763245,15.778796195983887,,,,,,,
9000,0.1404758095741272,15.738485336303711,,,,,,,
9100,0.17632703483104706,14.36332893371582,,,,,,,
9200,0.12673763930797577,15.790593147277832,,,,,,,
9300,0.15662795305252075,15.201764106750488,,,,,,,
9400,0.1354258507490158,15.772897720336914,,,,,,,
9500,0.21350425481796265,13.918180465698242,,,,,,,
9600,0.15692046284675598,15.429014205932617,,,,,,,
9700,0.19604067504405975,13.866872787475586,,,,,,,
9800,0.1305655539035797,15.91116714477539,,,,,,,
9900,0.14348870515823364,16.375629425048828,,,,,,,
10000,0.12368035316467285,16.531253814697266,,,,,,,
10100,0.162003293633461,15.813996315002441,,,,,,,
10200,0.12829211354255676,15.814702987670898,,,,,,,
10300,0.1558181643486023,15.482579231262207,,,,,,,
10400,0.19296763837337494,13.89725399017334,,,,,,,
10500,0.13209635019302368,15.916072845458984,,,,,,,
10600,0.15693140029907227,16.106304168701172,,,,,,,
10700,0.1763371229171753,14.166522026062012,,,,,,,
10800,0.1949240267276764,14.081798553466797,,,,,,,
10900,0.18548724055290222,14.879974365234375,,,,,,,
11000,0.14096727967262268,15.2222318649292,,,,,,,
11100,0.13561682403087616,15.119580268859863,,,,,,,
11200,0.16189850866794586,14.729510307312012,,,,,,,
11300,0.1357622593641281,16.00391960144043,,,,,,,
11400,0.1296299397945404,15.46815299987793,,,,,,,
11500,0.20517298579216003,13.822539329528809,,,,,,,
11600,0.1179526150226593,16.160205841064453,,,,,,,
11700,0.22572004795074463,13.575690269470215,,,,,,,
11800,0.18508055806159973,14.425444602966309,,,,,,,
11900,0.1739739179611206,15.571867942810059,,,,,,,
12000,0.1633586585521698,15.447307586669922,,,,,,,
12100,0.1521013081073761,15.390188217163086,,,,,,,
12200,0.1717187464237213,14.779407501220703,,,,,,,
12300,0.1303844153881073,15.556305885314941,,,,,,,
12400,0.13990557193756104,16.029598236083984,,,,,,,
12500,0.18129324913024902,14.534143447875977,,,,,,,
12600,0.13457109034061432,16.167818069458008,,,,,,,
12700,0.1772262305021286,14.159724235534668,,,,,,,
12800,0.12519946694374084,16.337770462036133,,,,,,,
12900,0.1827526092529297,15.809927940368652,,,,,,,
13000,0.14342185854911804,15.165420532226562,,,,,,,
13100,0.16047848761081696,14.944168090820312,,,,,,,
13200,0.13177497684955597,16.00259780883789,,,,,,,
13300,0.15995056927204132,14.615690231323242,,,,,,,
13400,0.1743352860212326,14.335725784301758,,,,,,,
13500,0.10978399962186813,17.070478439331055,,,,,,,
13600,0.2060994803905487,15.951202392578125,,,,,,,
13700,0.17147839069366455,14.510663986206055,,,,,,,
13800,0.09630049765110016,16.886337280273438,,,,,,,
13900,0.18518415093421936,14.393661499023438,,,,,,,
14000,0.15182751417160034,14.711642265319824,,,,,,,
14100,0.18476377427577972,14.695046424865723,,,,,,,
14200,0.1389329731464386,15.526001930236816,,,,,,,
14300,0.20632007718086243,13.991490364074707,,,,,,,
14400,0.14132146537303925,15.671660423278809,,,,,,,
14500,0.14788565039634705,15.29692268371582,,,,,,,
14600,0.15280656516551971,15.197843551635742,,,,,,,
14700,0.13991186022758484,16.072023391723633,,,,,,,
14800,0.13357239961624146,15.955246925354004,,,,,,,
14900,0.15535399317741394,15.48387336730957,,,,,,,
15000,0.16760317981243134,14.54647159576416,,,,,,,
15100,0.14759066700935364,15.653852462768555,,,,,,,
15200,0.10733628273010254,17.799442291259766,,,,,,,
15300,0.19445586204528809,16.15397071838379,,,,,,,
15400,0.11632496118545532,17.27846908569336,,,,,,,
15500,0.11129548400640488,16.30428123474121,,,,,,,
15600,0.09811687469482422,17.69124984741211,,,,,,,
15700,0.14279881119728088,16.421478271484375,,,,,,,
15800,0.11469273269176483,17.02242088317871,,,,,,,
15900,0.13071200251579285,15.953790664672852,,,,,,,
16000,0.12156586349010468,16.457735061645508,,,,,,,
16100,0.12123504281044006,15.599876403808594,,,,,,,
16200,0.2118213176727295,15.557833671569824,,,,,,,
16300,0.17235970497131348,15.00986099243164,,,,,,,
16400,0.17706003785133362,14.326210975646973,,,,,,,
16500,0.1843949258327484,14.734352111816406,,,,,,,
16600,0.12819790840148926,17.427553176879883,,,,,,,
16700,0.11812335252761841,16.857967376708984,,,,,,,
16800,0.1736852377653122,14.549821853637695,,,,,,,
16900,0.1883387416601181,13.936178207397461,,,,,,,
17000,0.12056224048137665,16.121984481811523,,,,,,,
17100,0.18662330508232117,14.446374893188477,,,,,,,
17200,0.09310916066169739,17.79434585571289,,,,,,,
17300,0.11327975243330002,16.367961883544922,,,,,,,
17400,0.11627288162708282,16.86436653137207,,,,,,,
17500,0.11243044584989548,16.294706344604492,,,,,,,
17600,0.11070551723241806,17.63260841369629,,,,,,,
17700,0.11676445603370667,16.497024536132812,,,,,,,
17800,0.11435262858867645,16.04578399658203,,,,,,,
17900,0.19079796969890594,14.906570434570312,,,,,,,
18000,0.09248054027557373,17.586883544921875,,,,,,,
18100,0.175746887922287,14.752836227416992,,,,,,,
18200,0.1510273516178131,15.26760196685791,,,,,,,
18300,0.14320498704910278,15.190286636352539,,,,,,,
18400,0.1256503462791443,15.917327880859375,,,,,,,
18500,0.08775371313095093,17.59310531616211,,,,,,,
18600,0.07687899470329285,18.994213104248047,,,,,,,
18700,0.13341081142425537,16.08654022216797,,,,,,,
18800,0.12303867936134338,16.662569046020508,,,,,,,
18900,0.1425355076789856,15.439789772033691,,,,,,,
19000,0.2062482237815857,14.084311485290527,,,,,,,
19100,0.18844053149223328,15.119148254394531,,,,,,,
19200,0.12546837329864502,17.277751922607422,,,,,,,
19300,0.11037063598632812,17.251537322998047,,,,,,,
19400,0.1401742696762085,15.325916290283203,,,,,,,
19500,0.22220522165298462,14.199441909790039,,,,,,,
19600,0.2048492431640625,13.9129056930542,,,,,,,
19700,0.1622249186038971,14.677482604980469,,,,,,,
19800,0.19868046045303345,14.167752265930176,,,,,,,
19900,0.10175006836652756,17.42502784729004,,,,,,,
20000,0.17645582556724548,14.716934204101562,,,,,,,
20100,0.09693880379199982,17.184722900390625,,,,,,,
20200,0.14318102598190308,16.122188568115234,,,,,,,
20300,0.08418899029493332,18.38846206665039,,,,,,,
20400,0.12057749927043915,17.82586097717285,,,,,,,
20500,0.08714604377746582,17.783788681030273,,,,,,,
20600,0.21905452013015747,13.14323616027832,,,,,,,
20700,0.16095009446144104,15.172835350036621,,,,,,,
20800,0.08167470991611481,17.832080841064453,,,,,,,
20900,0.11856919527053833,16.720867156982422,,,,,,,
21000,0.09222352504730225,17.667423248291016,,,,,,,
21100,0.11320406198501587,16.39081573486328,,,,,,,
21200,0.132280170917511,15.824033737182617,,,,,,,
21300,0.1550125628709793,15.609514236450195,,,,,,,
21400,0.12532895803451538,16.32263946533203,,,,,,,
21500,0.14839217066764832,15.477916717529297,,,,,,,
21600,0.1833745539188385,14.945711135864258,,,,,,,
21700,0.09031422436237335,17.051517486572266,,,,,,,
21800,0.1773667335510254,14.853072166442871,,,,,,,
21900,0.1410485804080963,15.49081039428711,,,,,,,
22000,0.17821231484413147,14.71591567993164,,,,,,,
22100,0.17242571711540222,15.884267807006836,,,,,,,
22200,0.16699998080730438,14.80129623413086,,,,,,,
22300,0.18669724464416504,15.081149101257324,,,,,,,
22400,0.13585099577903748,15.831531524658203,,,,,,,
22500,0.16439875960350037,15.45230484008789,,,,,,,
22600,0.10177898406982422,17.62053680419922,,,,,,,
22700,0.209456205368042,14.928293228149414,,,,,,,
22800,0.19455841183662415,14.218568801879883,,,,,,,
22900,0.11890935897827148,16.448484420776367,,,,,,,
23000,0.2206568568944931,13.841409683227539,,,,,,,
23100,0.18280166387557983,14.811088562011719,,,,,,,
23200,0.17547738552093506,14.015836715698242,,,,,,,
23300,0.12863203883171082,16.518096923828125,,,,,,,
23400,0.12786220014095306,17.29423713684082,,,,,,,
23500,0.08736754953861237,17.766586303710938,,,,,,,
23600,0.11991524696350098,16.66994857788086,,,,,,,
23700,0.10047832131385803,16.60917854309082,,,,,,,
23800,0.1281936764717102,16.4967041015625,,,,,,,
23900,0.14697213470935822,15.198419570922852,,,,,,,
24000,0.16536642611026764,15.744965553283691,,,,,,,
24100,0.14102572202682495,16.507556915283203,,,,,,,
24200,0.1381761133670807,16.232505798339844,,,,,,,
24300,0.09304261207580566,18.234485626220703,,,,,,,
24400,0.15436667203903198,15.57110595703125,,,,,,,
24500,0.20685705542564392,14.052833557128906,,,,,,,
24600,0.16203853487968445,14.944247245788574,,,,,,,
24700,0.181535542011261,14.599052429199219,,,,,,,
24800,0.11684642732143402,16.975435256958008,,,,,,,
24900,0.10392384231090546,17.292179107666016,,,,,,,
25000,0.18215547502040863,14.572587966918945,,,,,,,
25100,0.21645943820476532,14.723945617675781,,,,,,,
25200,0.10068583488464355,17.362422943115234,,,,,,,
25300,0.13391081988811493,15.914767265319824,,,,,,,
25400,0.10761876404285431,17.408775329589844,,,,,,,
25500,0.1523435115814209,15.183305740356445,,,,,,,
25600,0.1598479449748993,15.946747779846191,,,,,,,
25700,0.12449624389410019,16.231239318847656,,,,,,,
25800,0.13732090592384338,16.314922332763672,,,,,,,
25900,0.12765631079673767,16.878734588623047,,,,,,,
26000,0.16895732283592224,15.077293395996094,,,,,,,
26100,0.14273487031459808,15.228747367858887,,,,,,,
26200,0.1392342448234558,16.276870727539062,,,,,,,
26300,0.13562241196632385,15.365257263183594,,,,,,,
26400,0.15565624833106995,15.45592975616455,,,,,,,
26500,0.1579643189907074,14.487449645996094,,,,,,,
26600,0.13470664620399475,15.717641830444336,,,,,,,
26700,0.16058602929115295,14.707987785339355,,,,,,,
26800,0.13239353895187378,16.115814208984375,,,,,,,
26900,0.12034782022237778,15.771942138671875,,,,,,,
27000,0.18536198139190674,14.457300186157227,,,,,,,
27100,0.09494887292385101,16.80034637451172,,,,,,,
27200,0.16293323040008545,14.81350326538086,,,,,,,
27300,0.18871895968914032,15.100356101989746,,,,,,,
27400,0.1531592756509781,15.96703052520752,,,,,,,
27500,0.12374396622180939,16.930850982666016,,,,,,,
27600,0.1283872276544571,16.022777557373047,,,,,,,
27700,0.17467522621154785,14.780622482299805,,,,,,,
27800,0.17863593995571136,14.85432243347168,,,,,,,
27900,0.21865928173065186,14.691316604614258,,,,,,,
28000,0.16572582721710205,14.95323371887207,,,,,,,
28100,0.11005964875221252,16.70014762878418,,,,,,,
28200,0.18269269168376923,14.508840560913086,,,,,,,
28300,0.1355265974998474,15.667609214782715,,,,,,,
28400,0.11808894574642181,17.152252197265625,,,,,,,
28500,0.1686224788427353,14.633346557617188,,,,,,,
28600,0.09982763230800629,17.025785446166992,,,,,,,
28700,0.1411726474761963,16.427885055541992,,,,,,,
28800,0.15570491552352905,15.219200134277344,,,,,,,
28900,0.1304023563861847,16.827272415161133,,,,,,,
29000,0.1188121885061264,17.39544105529785,,,,,,,
29100,0.14879758656024933,16.098583221435547,,,,,,,
29200,0.1291942298412323,16.494915008544922,,,,,,,
29300,0.13499626517295837,16.52908706665039,,,,,,,
29400,0.16046306490898132,15.526057243347168,,,,,,,
29500,0.11872091144323349,16.80572509765625,,,,,,,
29600,0.14953473210334778,15.819433212280273,,,,,,,
29700,0.11549322307109833,16.414287567138672,,,,,,,
29800,0.15013514459133148,15.120498657226562,,,,,,,
29900,0.2766602635383606,13.388413429260254,,,,,,,
30000,0.12343746423721313,16.1927490234375,,,,,,,
30100,0.12883256375789642,15.901686668395996,,,,,,,
30200,0.11779353022575378,16.7967586517334,,,,,,,
30300,0.16824603080749512,14.682069778442383,,,,,,,
30400,0.13472095131874084,15.451385498046875,,,,,,,
30500,0.13112576305866241,17.278099060058594,,,,,,,
30600,0.10803180932998657,16.46444320678711,,,,,,,
30700,0.19214415550231934,14.31340217590332,,,,,,,
30800,0.12269371747970581,16.718185424804688,,,,,,,
30900,0.09568484872579575,16.99439239501953,,,,,,,
31000,0.17082330584526062,14.892810821533203,,,,,,,
31100,0.12769180536270142,16.245887756347656,,,,,,,
31200,0.1576397866010666,16.442047119140625,,,,,,,
31300,0.11658146977424622,16.269330978393555,,,,,,,
31400,0.1486811339855194,14.998981475830078,,,,,,,
31500,0.21153956651687622,14.394230842590332,,,,,,,
31600,0.1846770942211151,14.630584716796875,,,,,,,
31700,0.12321530282497406,16.904571533203125,,,,,,,
31800,0.09364639222621918,17.34322738647461,,,,,,,
31900,0.13230381906032562,16.290481567382812,,,,,,,
32000,0.12184633314609528,16.23558235168457,,,,,,,
32100,0.15210574865341187,15.890058517456055,,,,,,,
32200,0.14143960177898407,15.474150657653809,,,,,,,
32300,0.16326388716697693,14.626533508300781,,,,,,,
32400,0.15944771468639374,15.298477172851562,,,,,,,
32500,0.10449280589818954,16.747371673583984,,,,,,,
32600,0.13312183320522308,16.098308563232422,,,,,,,
32700,0.18644747138023376,14.877889633178711,,,,,,,
32800,0.13208608329296112,16.064224243164062,,,,,,,
32900,0.14504557847976685,16.350440979003906,,,,,,,
33000,0.18390485644340515,14.441123962402344,,,,,,,
33100,0.1644657850265503,14.906824111938477,,,,,,,
33200,0.1466587483882904,15.339767456054688,,,,,,,
33300,0.08889840543270111,17.394500732421875,,,,,,,
33400,0.20307645201683044,13.919212341308594,,,,,,,
33500,0.1538030356168747,15.665945053100586,,,,,,,
33600,0.1611458957195282,15.361250877380371,,,,,,,
33700,0.17794111371040344,14.66220474243164,,,,,,,
33800,0.20142963528633118,14.43998908996582,,,,,,,
33900,0.11788761615753174,16.887359619140625,,,,,,,
34000,0.12803912162780762,16.236190795898438,,,,,,,
34100,0.1475372165441513,15.086013793945312,,,,,,,
34200,0.17265379428863525,14.614171028137207,,,,,,,
34300,0.12408413738012314,16.37578010559082,,,,,,,
34400,0.07246579974889755,18.624595642089844,,,,,,,
34500,0.12633168697357178,16.68667984008789,,,,,,,
34600,0.1962864249944687,14.605634689331055,,,,,,,
34700,0.14483311772346497,15.738511085510254,,,,,,,
34800,0.10648127645254135,17.253286361694336,,,,,,,
34900,0.1476866900920868,15.537589073181152,,,,,,,
35000,0.11045881360769272,17.109756469726562,,,,,,,
35100,0.17230460047721863,14.4988374710083,,,,,,,
35200,0.20540247857570648,14.298927307128906,,,,,,,
35300,0.1364670991897583,16.471248626708984,,,,,,,
35400,0.1534591168165207,15.049325942993164,,,,,,,
35500,0.15426240861415863,15.727411270141602,,,,,,,
35600,0.23917484283447266,13.569846153259277,,,,,,,
35700,0.19070689380168915,14.178016662597656,,,,,,,
35800,0.16653305292129517,15.512377738952637,,,,,,,
35900,0.12929873168468475,16.406972885131836,,,,,,,
36000,0.17182765901088715,15.32068157196045,,,,,,,
36100,0.1637336164712906,15.840341567993164,,,,,,,
36200,0.16592369973659515,16.347209930419922,,,,,,,
36300,0.12067131698131561,16.16961669921875,,,,,,,
36400,0.15708895027637482,15.326711654663086,,,,,,,
36500,0.16363057494163513,15.017777442932129,,,,,,,
36600,0.12472672760486603,15.879045486450195,,,,,,,
36700,0.17028717696666718,14.882959365844727,,,,,,,
36800,0.1544703245162964,14.954782485961914,,,,,,,
36900,0.13222870230674744,15.951082229614258,,,,,,,
37000,0.18303626775741577,14.482994079589844,,,,,,,
37100,0.17789724469184875,14.628636360168457,,,,,,,
37200,0.11748203635215759,15.733888626098633,,,,,,,
37300,0.167613685131073,15.543313980102539,,,,,,,
37400,0.1128443107008934,17.149085998535156,,,,,,,
37500,0.11968382447957993,16.516063690185547,,,,,,,
37600,0.17995618283748627,14.477203369140625,,,,,,,
37700,0.14786680042743683,15.010420799255371,,,,,,,
37800,0.14524199068546295,15.230295181274414,,,,,,,
37900,0.178480327129364,14.884862899780273,,,,,,,
38000,0.11730857938528061,15.925933837890625,,,,,,,
38100,0.1415044367313385,15.741067886352539,,,,,,,
38200,0.1297273337841034,15.816939353942871,,,,,,,
38300,0.10788537561893463,17.142261505126953,,,,,,,
38400,0.15178781747817993,15.135051727294922,,,,,,,
38500,0.14593440294265747,16.170181274414062,,,,,,,
38600,0.14093558490276337,15.597530364990234,,,,,,,
38700,0.11401393264532089,16.603397369384766,,,,,,,
38800,0.1835688352584839,14.811741828918457,,,,,,,
38900,0.1933307647705078,14.167152404785156,,,,,,,
39000,0.11284561455249786,17.590991973876953,,,,,,,
39100,0.1565706878900528,15.051822662353516,,,,,,,
39200,0.12880800664424896,15.988414764404297,,,,,,,
39300,0.16632124781608582,15.129813194274902,,,,,,,
39400,0.16616424918174744,16.227703094482422,,,,,,,
39500,0.19933085143566132,13.769041061401367,,,,,,,
39600,0.15444332361221313,14.51819896697998,,,,,,,
39700,0.12339429557323456,15.958086013793945,,,,,,,
39800,0.13043302297592163,15.460603713989258,,,,,,,
39900,0.16154423356056213,15.801153182983398,,,,,,,
40000,0.17267857491970062,15.268529891967773,,,,,,,
40100,0.14375972747802734,15.536909103393555,,,,,,,
40200,0.08956128358840942,17.902217864990234,,,,,,,
40300,0.17010323703289032,16.566064834594727,,,,,,,
40400,0.1488380879163742,15.3709716796875,,,,,,,
40500,0.09956040233373642,17.546897888183594,,,,,,,
40600,0.1013404130935669,17.535198211669922,,,,,,,
40700,0.2084723562002182,13.278656005859375,,,,,,,
40800,0.1597903072834015,15.762266159057617,,,,,,,
40900,0.15098777413368225,15.573792457580566,,,,,,,
41000,0.12811726331710815,15.919621467590332,,,,,,,
41100,0.15102925896644592,15.65600299835205,,,,,,,
41200,0.1588892936706543,16.53990936279297,,,,,,,
41300,0.1506979763507843,15.430530548095703,,,,,,,
41400,0.1409904509782791,15.459514617919922,,,,,,,
41500,0.21632465720176697,13.613061904907227,,,,,,,
41600,0.12632399797439575,15.645147323608398,,,,,,,
41700,0.24946735799312592,13.063762664794922,,,,,,,
41800,0.1250627487897873,16.599214553833008,,,,,,,
41900,0.12232354283332825,16.49652099609375,,,,,,,
42000,0.11630495637655258,16.35777473449707,,,,,,,
42100,0.1582951843738556,15.06667709350586,,,,,,,
42200,0.1561684012413025,14.739002227783203,,,,,,,
42300,0.11548217386007309,16.72887420654297,,,,,,,
42400,0.14696049690246582,15.40114974975586,,,,,,,
42500,0.09924456477165222,16.873966217041016,,,,,,,
42600,0.2113499641418457,14.110819816589355,,,,,,,
42700,0.12702612578868866,16.681873321533203,,,,,,,
42800,0.19537842273712158,14.950153350830078,,,,,,,
42900,0.17177969217300415,15.925897598266602,,,,,,,
43000,0.09991385787725449,16.973522186279297,,,,,,,
43100,0.13538403809070587,16.024311065673828,,,,,,,
43200,0.17028898000717163,15.230589866638184,,,,,,,
43300,0.192625492811203,14.002676963806152,,,,,,,
43400,0.10757799446582794,16.463253021240234,,,,,,,
43500,0.18257299065589905,15.493173599243164,,,,,,,
43600,0.10441321134567261,16.755334854125977,,,,,,,
43700,0.1374492347240448,16.102697372436523,,,,,,,
43800,0.12113480269908905,16.455284118652344,,,,,,,
43900,0.11469271779060364,17.302183151245117,,,,,,,
44000,0.16318725049495697,15.642218589782715,,,,,,,
44100,0.14123854041099548,16.487865447998047,,,,,,,
44200,0.1370314210653305,15.766317367553711,,,,,,,
44300,0.15313507616519928,14.857589721679688,,,,,,,
44400,0.12308864295482635,15.752986907958984,,,,,,,
44500,0.10469111055135727,16.487030029296875,,,,,,,
44600,0.17467346787452698,16.43370819091797,,,,,,,
44700,0.17314283549785614,14.920082092285156,,,,,,,
44800,0.10450166463851929,17.39488983154297,,,,,,,
44900,0.1347673386335373,15.431543350219727,,,,,,,
45000,0.15520638227462769,15.185920715332031,,,,,,,
45100,0.14426004886627197,16.268390655517578,,,,,,,
45200,0.14498725533485413,15.457112312316895,,,,,,,
45300,0.1326073706150055,15.925433158874512,,,,,,,
45400,0.09787135571241379,17.23983383178711,,,,,,,
45500,0.16979937255382538,14.291849136352539,,,,,,,
45600,0.21157804131507874,13.785492897033691,,,,,,,
45700,0.10690926015377045,16.791728973388672,,,,,,,
45800,0.1643950194120407,16.063941955566406,,,,,,,
45900,0.1334037482738495,15.967623710632324,,,,,,,
46000,0.13633744418621063,16.398317337036133,,,,,,,
46100,0.12570425868034363,15.770977020263672,,,,,,,
46200,0.15819469094276428,15.347673416137695,,,,,,,
46300,0.10517999529838562,17.291479110717773,,,,,,,
46400,0.14257584512233734,15.689558982849121,,,,,,,
46500,0.16699159145355225,15.116442680358887,,,,,,,
46600,0.17006975412368774,15.347635269165039,,,,,,,
46700,0.12477992475032806,15.913667678833008,,,,,,,
46800,0.13956966996192932,16.30206871032715,,,,,,,
46900,0.14127980172634125,16.449277877807617,,,,,,,
47000,0.11710667610168457,16.03528594970703,,,,,,,
47100,0.15992195904254913,14.871371269226074,,,,,,,
47200,0.11789065599441528,16.842796325683594,,,,,,,
47300,0.07849869132041931,18.02110481262207,,,,,,,
47400,0.17433229088783264,14.727148056030273,,,,,,,
47500,0.14401397109031677,15.450922012329102,,,,,,,
47600,0.14795152842998505,15.637449264526367,,,,,,,
47700,0.1867431402206421,14.505462646484375,,,,,,,
47800,0.1315639317035675,15.963619232177734,,,,,,,
47900,0.1340828835964203,15.670259475708008,,,,,,,
48000,0.17695972323417664,15.709932327270508,,,,,,,
48100,0.14284302294254303,15.494308471679688,,,,,,,
48200,0.1341904252767563,15.289358139038086,,,,,,,
48300,0.16477809846401215,15.673201560974121,,,,,,,
48400,0.12534721195697784,15.81424331665039,,,,,,,
48500,0.15050108730793,15.43801212310791,,,,,,,
48600,0.12537406384944916,16.334758758544922,,,,,,,
48700,0.1960868239402771,14.528894424438477,,,,,,,
48800,0.16427235305309296,15.848053932189941,,,,,,,
48900,0.1642051339149475,16.07632064819336,,,,,,,
49000,0.14726735651493073,16.21385383605957,,,,,,,
49100,0.20016607642173767,14.72856330871582,,,,,,,
49200,0.15248903632164001,15.524410247802734,,,,,,,
49300,0.12771694362163544,16.077880859375,,,,,,,
49400,0.10154657065868378,17.40381622314453,,,,,,,
49500,0.2279214709997177,14.031769752502441,,,,,,,
49600,0.1209661066532135,16.54821014404297,,,,,,,
49700,0.10145051777362823,17.331649780273438,,,,,,,
49800,0.1213342547416687,17.39215660095215,,,,,,,
49900,0.15304186940193176,15.222232818603516,,,,,,,
50000,0.1311456561088562,15.831741333007812,,,,,,,
50100,0.16634008288383484,15.483087539672852,,,,,,,
50200,0.12082137912511826,15.878144264221191,,,,,,,
50300,0.2207106202840805,14.709066390991211,,,,,,,
50400,0.09648144245147705,17.413963317871094,,,,,,,
50500,0.1847590208053589,16.444576263427734,,,,,,,
50600,0.0952814444899559,17.4964542388916,,,,,,,
50700,0.11356578767299652,16.15255355834961,,,,,,,
50800,0.11913126707077026,16.318883895874023,,,,,,,
50900,0.11377789080142975,16.99059295654297,,,,,,,
51000,0.1448061466217041,17.8305606842041,,,,,,,
51100,0.19742390513420105,14.767280578613281,,,,,,,
51200,0.14950591325759888,15.435285568237305,,,,,,,
51300,0.09843357652425766,17.67156982421875,,,,,,,
51400,0.13617461919784546,15.391399383544922,,,,,,,
51500,0.12873786687850952,16.220264434814453,,,,,,,
51600,0.17368142306804657,16.061504364013672,,,,,,,
51700,0.1055978387594223,17.544635772705078,,,,,,,
51800,0.1450338065624237,16.827804565429688,,,,,,,
51900,0.16065236926078796,15.566469192504883,,,,,,,
52000,0.11371432989835739,16.927106857299805,,,,,,,
52100,0.09508293867111206,17.477672576904297,,,,,,,
52200,0.11198743432760239,16.319499969482422,,,,,,,
52300,0.17545127868652344,14.862998962402344,,,,,,,
52400,0.07662089169025421,18.158287048339844,,,,,,,
52500,0.14323458075523376,15.642831802368164,,,,,,,
52600,0.13917949795722961,17.066972732543945,,,,,,,
52700,0.10597290843725204,17.12305450439453,,,,,,,
52800,0.12097476422786713,16.604434967041016,,,,,,,
52900,0.11119864881038666,17.603792190551758,,,,,,,
53000,0.11991124600172043,15.814874649047852,,,,,,,
53100,0.11726266145706177,17.539249420166016,,,,,,,
53200,0.18446022272109985,15.306371688842773,,,,,,,
53300,0.1188284158706665,17.24007797241211,,,,,,,
53400,0.1565016806125641,16.08074188232422,,,,,,,
53500,0.20612691342830658,14.497568130493164,,,,,,,
53600,0.12722395360469818,16.535999298095703,,,,,,,
53700,0.212958425283432,14.261728286743164,,,,,,,
53800,0.13960032165050507,15.763482093811035,,,,,,,
53900,0.08731000870466232,17.37175941467285,,,,,,,
54000,0.2013716697692871,14.8202543258667,,,,,,,
54100,0.18924568593502045,14.077644348144531,,,,,,,
54200,0.13236162066459656,16.0122127532959,,,,,,,
54300,0.2558114230632782,13.335285186767578,,,,,,,
54400,0.13021107017993927,16.117767333984375,,,,,,,
54500,0.14598217606544495,16.2993106842041,,,,,,,
54600,0.18255913257598877,14.460675239562988,,,,,,,
54700,0.10866598784923553,17.654987335205078,,,,,,,
54800,0.13461953401565552,16.326730728149414,,,,,,,
54900,0.11290660500526428,17.3693790435791,,,,,,,
55000,0.15673255920410156,16.42993927001953,,,,,,,
55100,0.15856745839118958,15.384387969970703,,,,,,,
55200,0.13909804821014404,15.922195434570312,,,,,,,
55300,0.20432786643505096,14.633776664733887,,,,,,,
55400,0.14934760332107544,16.19473648071289,,,,,,,
55500,0.09433787316083908,17.220314025878906,,,,,,,
55600,0.13166192173957825,16.823795318603516,,,,,,,
55700,0.17549356818199158,15.785599708557129,,,,,,,
55800,0.22072730958461761,13.988850593566895,,,,,,,
55900,0.21598707139492035,13.83349609375,,,,,,,
56000,0.1917712539434433,14.620702743530273,,,,,,,
56100,0.12675675749778748,16.11661148071289,,,,,,,
56200,0.19189321994781494,14.654245376586914,,,,,,,
56300,0.12938615679740906,16.861814498901367,,,,,,,
56400,0.20679537951946259,14.948555946350098,,,,,,,
56500,0.18328508734703064,15.224892616271973,,,,,,,
56600,0.14444631338119507,15.633435249328613,,,,,,,
56700,0.15821897983551025,15.27401351928711,,,,,,,
56800,0.09145711362361908,17.950937271118164,,,,,,,
56900,0.13223455846309662,15.919722557067871,,,,,,,
57000,0.10767726600170135,17.406517028808594,,,,,,,
57100,0.12327101081609726,15.571937561035156,,,,,,,
57200,0.20373927056789398,15.075965881347656,,,,,,,
57300,0.20415839552879333,14.528884887695312,,,,,,,
57400,0.15090163052082062,15.468658447265625,,,,,,,
57500,0.13194036483764648,16.477378845214844,,,,,,,
57600,0.11514141410589218,16.885156631469727,,,,,,,
57700,0.14945045113563538,14.898505210876465,,,,,,,
57800,0.15021568536758423,14.97480583190918,,,,,,,
57900,0.11505758762359619,17.65367889404297,,,,,,,
58000,0.20998919010162354,14.23044204711914,,,,,,,
58100,0.10600487887859344,16.504684448242188,,,,,,,
58200,0.15601864457130432,14.69932746887207,,,,,,,
58300,0.1559845209121704,15.020933151245117,,,,,,,
58400,0.1279294788837433,16.359134674072266,,,,,,,
58500,0.1952448934316635,13.997932434082031,,,,,,,
58600,0.10025958716869354,18.166336059570312,,,,,,,
58700,0.15931591391563416,15.473989486694336,,,,,,,
58800,0.17374233901500702,14.732795715332031,,,,,,,
58900,0.17196457087993622,14.119901657104492,,,,,,,
59000,0.1512710452079773,15.799347877502441,,,,,,,
59100,0.16642171144485474,15.824466705322266,,,,,,,
59200,0.14410415291786194,16.532733917236328,,,,,,,
59300,0.19122648239135742,14.57349967956543,,,,,,,
59400,0.10322415828704834,17.371463775634766,,,,,,,
59500,0.10839349031448364,17.313919067382812,,,,,,,
59600,0.23994579911231995,14.264896392822266,,,,,,,
59700,0.16222991049289703,15.875887870788574,,,,,,,
59800,0.1199471578001976,16.685449600219727,,,,,,,
59900,0.06490059196949005,18.92218589782715,,,,,,,
60000,0.1534683257341385,16.26396942138672,,,,,,,
60100,0.10656505823135376,16.686370849609375,,,,,,,
60200,0.1382797509431839,15.252937316894531,,,,,,,
60300,0.2366197556257248,13.221199989318848,,,,,,,
60400,0.13914193212985992,15.296651840209961,,,,,,,
60500,0.1312336027622223,15.728328704833984,,,,,,,
60600,0.16752761602401733,15.598483085632324,,,,,,,
60700,0.13892453908920288,15.94418716430664,,,,,,,
60800,0.13665947318077087,16.44936180114746,,,,,,,
60900,0.19092969596385956,14.850395202636719,,,,,,,
61000,0.11148566007614136,17.00841522216797,,,,,,,
61100,0.1191525086760521,16.705373764038086,,,,,,,
61200,0.1478268802165985,15.79349136352539,,,,,,,
61300,0.14015311002731323,16.316200256347656,,,,,,,
61400,0.10705894231796265,17.16079330444336,,,,,,,
61500,0.11140402406454086,17.094646453857422,,,,,,,
61600,0.18853555619716644,14.745089530944824,,,,,,,
61700,0.1364559829235077,15.549751281738281,,,,,,,
61800,0.14040213823318481,16.24740219116211,,,,,,,
61900,0.08898025751113892,17.94060707092285,,,,,,,
62000,0.11129450798034668,16.833452224731445,,,,,,,
62100,0.1825873851776123,15.528603553771973,,,,,,,
62200,0.19031354784965515,14.356918334960938,,,,,,,
62300,0.2109752595424652,13.925798416137695,,,,,,,
62400,0.1775493621826172,14.577936172485352,,,,,,,
62500,0.15789654850959778,15.820518493652344,,,,,,,
62600,0.13159100711345673,16.107362747192383,,,,,,,
62700,0.1653539091348648,14.999966621398926,,,,,,,
62800,0.1970788687467575,15.097991943359375,,,,,,,
62900,0.11424058675765991,16.872751235961914,,,,,,,
63000,0.1660369485616684,14.731304168701172,,,,,,,
63100,0.1712823212146759,14.550167083740234,,,,,,,
63200,0.13357993960380554,16.582962036132812,,,,,,,
63300,0.1308041661977768,16.58445930480957,,,,,,,
63400,0.14213085174560547,16.312881469726562,,,,,,,
63500,0.14726042747497559,15.270846366882324,,,,,,,
63600,0.11504608392715454,17.125938415527344,,,,,,,
63700,0.11751838028430939,16.236553192138672,,,,,,,
63800,0.13113713264465332,16.227935791015625,,,,,,,
63900,0.10859682410955429,16.544570922851562,,,,,,,
64000,0.11442427337169647,16.155826568603516,,,,,,,
64100,0.19349190592765808,13.985645294189453,,,,,,,
64200,0.16749869287014008,14.661351203918457,,,,,,,
64300,0.17808322608470917,15.186798095703125,,,,,,,
64400,0.12386763095855713,16.003816604614258,,,,,,,
64500,0.15800900757312775,14.771367073059082,,,,,,,
64600,0.20612573623657227,13.764204978942871,,,,,,,
64700,0.15997269749641418,16.437095642089844,,,,,,,
64800,0.1996837556362152,14.217212677001953,,,,,,,
64900,0.17135779559612274,15.190781593322754,,,,,,,
65000,0.17089420557022095,15.020530700683594,,,,,,,
65100,0.23268811404705048,14.83796501159668,,,,,,,
65200,0.15300464630126953,15.490148544311523,,,,,,,
65300,0.12593041360378265,16.392669677734375,,,,,,,
65400,0.10156836360692978,16.75591278076172,,,,,,,
65500,0.15595941245555878,15.858407974243164,,,,,,,
65600,0.11954773962497711,16.26549530029297,,,,,,,
65700,0.14624449610710144,16.57225227355957,,,,,,,
65800,0.16338306665420532,16.007003784179688,,,,,,,
65900,0.14270596206188202,16.801803588867188,,,,,,,
66000,0.19792187213897705,14.450642585754395,,,,,,,
66100,0.2376646250486374,13.70780086517334,,,,,,,
66200,0.1437990963459015,15.836634635925293,,,,,,,
66300,0.21592926979064941,13.384288787841797,,,,,,,
66400,0.2041991651058197,13.888633728027344,,,,,,,
66500,0.14180196821689606,16.415164947509766,,,,,,,
66600,0.17249862849712372,16.50533676147461,,,,,,,
66700,0.15984611213207245,16.051753997802734,,,,,,,
66800,0.17441225051879883,15.222037315368652,,,,,,,
66900,0.14567862451076508,16.18265151977539,,,,,,,
67000,0.10923556983470917,16.15542984008789,,,,,,,
67100,0.1527632772922516,16.09536361694336,,,,,,,
67200,0.14688684046268463,15.757789611816406,,,,,,,
67300,0.17800340056419373,14.593955993652344,,,,,,,
67400,0.103767529129982,17.60544204711914,,,,,,,
67500,0.14475974440574646,15.221757888793945,,,,,,,
67600,0.17833638191223145,14.471321105957031,,,,,,,
67700,0.15065211057662964,16.36648178100586,,,,,,,
67800,0.10917415469884872,16.32643699645996,,,,,,,
67900,0.09667172282934189,17.225975036621094,,,,,,,
68000,0.1728624701499939,14.730720520019531,,,,,,,
68100,0.13568317890167236,15.809179306030273,,,,,,,
68200,0.07714646309614182,17.894859313964844,,,,,,,
68300,0.17638836801052094,15.713934898376465,,,,,,,
68400,0.16729649901390076,15.338109970092773,,,,,,,
68500,0.12278085947036743,16.972652435302734,,,,,,,
68600,0.11819138377904892,17.21072006225586,,,,,,,
68700,0.07008467614650726,18.476524353027344,,,,,,,
68800,0.16820871829986572,14.779696464538574,,,,,,,
68900,0.1946229189634323,14.03982162475586,,,,,,,
69000,0.08911268413066864,17.42319107055664,,,,,,,
69100,0.1448567807674408,16.668663024902344,,,,,,,
69200,0.18888036906719208,15.602042198181152,,,,,,,
69300,0.25031208992004395,14.809061050415039,,,,,,,
69400,0.15861032903194427,16.11566162109375,,,,,,,
69500,0.2433493584394455,13.54239273071289,,,,,,,
69600,0.08374407887458801,18.479875564575195,,,,,,,
69700,0.11329805850982666,16.433074951171875,,,,,,,
69800,0.10854016244411469,18.200761795043945,,,,,,,
69900,0.16599197685718536,15.006982803344727,,,,,,,
70000,0.13986831903457642,15.086015701293945,,,,,,,
70100,0.15555739402770996,15.48337173461914,,,,,,,
70200,0.1081250011920929,17.036623001098633,,,,,,,
70300,0.1672707051038742,14.812723159790039,,,,,,,
70400,0.19602665305137634,13.858918190002441,,,,,,,
70500,0.11803174018859863,16.56178092956543,,,,,,,
70600,0.17826548218727112,15.126890182495117,,,,,,,
70700,0.15139131247997284,16.3122615814209,,,,,,,
70800,0.14163796603679657,16.585609436035156,,,,,,,
70900,0.12287460267543793,16.337360382080078,,,,,,,
71000,0.13189184665679932,17.098487854003906,,,,,,,
71100,0.16400793194770813,15.456191062927246,,,,,,,
71200,0.10600553452968597,16.89345932006836,,,,,,,
71300,0.12628406286239624,15.806768417358398,,,,,,,
71400,0.13941848278045654,15.352800369262695,,,,,,,
71500,0.11895236372947693,16.65108871459961,,,,,,,
71600,0.1569424569606781,15.013490676879883,,,,,,,
71700,0.11014273017644882,16.967418670654297,,,,,,,
71800,0.17414584755897522,15.15834903717041,,,,,,,
71900,0.11435121297836304,16.924745559692383,,,,,,,
72000,0.2172619104385376,14.67539119720459,,,,,,,
72100,0.15034465491771698,15.682392120361328,,,,,,,
72200,0.10593660920858383,16.610502243041992,,,,,,,
72300,0.13197670876979828,16.254730224609375,,,,,,,
72400,0.19461219012737274,14.87373161315918,,,,,,,
72500,0.1405467391014099,15.986005783081055,,,,,,,
72600,0.13373586535453796,15.291244506835938,,,,,,,
72700,0.09677553176879883,18.15001678466797,,,,,,,
72800,0.14485858380794525,15.897358894348145,,,,,,,
72900,0.17340891063213348,14.914436340332031,,,,,,,
73000,0.1815783977508545,15.637191772460938,,,,,,,
73100,0.13765573501586914,15.763978004455566,,,,,,,
73200,0.14018943905830383,15.872086524963379,,,,,,,
73300,0.1062762588262558,16.84503936767578,,,,,,,
73400,0.09687499701976776,16.965913772583008,,,,,,,
73500,0.14584508538246155,15.484963417053223,,,,,,,
73600,0.19941437244415283,14.102212905883789,,,,,,,
73700,0.17286968231201172,15.500046730041504,,,,,,,
73800,0.12205113470554352,17.346256256103516,,,,,,,
73900,0.16128335893154144,14.887090682983398,,,,,,,
74000,0.12883540987968445,16.504714965820312,,,,,,,
74100,0.14795568585395813,15.511775970458984,,,,,,,
74200,0.18487024307250977,14.564831733703613,,,,,,,
74300,0.14201024174690247,15.28247356414795,,,,,,,
74400,0.09891778230667114,16.985435485839844,,,,,,,
74500,0.13253766298294067,15.984992980957031,,,,,,,
74600,0.19206082820892334,14.954216957092285,,,,,,,
74700,0.12318947911262512,16.710834503173828,,,,,,,
74800,0.17559967935085297,15.278470993041992,,,,,,,
74900,0.1155133992433548,17.15873908996582,,,,,,,
75000,0.0797656774520874,17.616682052612305,,,,,,,
75100,0.10187698900699615,16.556934356689453,,,,,,,
75200,0.16647189855575562,14.622562408447266,,,,,,,
75300,0.1102471873164177,17.587011337280273,,,,,,,
75400,0.12156452983617783,16.519733428955078,,,,,,,
75500,0.16080933809280396,15.303787231445312,,,,,,,
75600,0.10610388219356537,16.9239501953125,,,,,,,
75700,0.14744673669338226,15.295913696289062,,,,,,,
75800,0.14754384756088257,15.832893371582031,,,,,,,
75900,0.16812235116958618,14.85959243774414,,,,,,,
76000,0.1256597936153412,15.884492874145508,,,,,,,
76100,0.1263202428817749,17.059951782226562,,,,,,,
76200,0.08922946453094482,17.155466079711914,,,,,,,
76300,0.17248700559139252,14.065149307250977,,,,,,,
76400,0.12711401283740997,16.104721069335938,,,,,,,
76500,0.17136763036251068,14.734274864196777,,,,,,,
76600,0.16907189786434174,14.745088577270508,,,,,,,
76700,0.1361781358718872,16.234477996826172,,,,,,,
76800,0.12361903488636017,16.202972412109375,,,,,,,
76900,0.17252634465694427,14.756521224975586,,,,,,,
77000,0.1297621726989746,15.869840621948242,,,,,,,
77100,0.22523236274719238,13.794639587402344,,,,,,,
77200,0.11324231326580048,16.654590606689453,,,,,,,
77300,0.15843555331230164,14.762656211853027,,,,,,,
77400,0.12564729154109955,16.89737892150879,,,,,,,
77500,0.1059296578168869,17.26425552368164,,,,,,,
77600,0.23345200717449188,14.040140151977539,,,,,,,
77700,0.1326904296875,16.67669677734375,,,,,,,
77800,0.16272896528244019,15.395519256591797,,,,,,,
77900,0.09707673639059067,16.563217163085938,,,,,,,
78000,0.21787498891353607,13.941971778869629,,,,,,,
78100,0.11534413695335388,17.15042495727539,,,,,,,
78200,0.16762779653072357,15.879508018493652,,,,,,,
78300,0.15034568309783936,15.692120552062988,,,,,,,
78400,0.11642821878194809,16.198158264160156,,,,,,,
78500,0.20832866430282593,14.619466781616211,,,,,,,
78600,0.11192535609006882,16.660903930664062,,,,,,,
78700,0.11598783731460571,16.138147354125977,,,,,,,
78800,0.15154987573623657,15.197975158691406,,,,,,,
78900,0.11297579854726791,17.015411376953125,,,,,,,
79000,0.11489858478307724,16.429140090942383,,,,,,,
79100,0.10989993065595627,16.71898078918457,,,,,,,
79200,0.14780879020690918,15.28757381439209,,,,,,,
79300,0.10593196004629135,17.647611618041992,,,,,,,
79400,0.1905340552330017,14.848790168762207,,,,,,,
79500,0.1590614914894104,15.867304801940918,,,,,,,
79600,0.12493427842855453,16.97349739074707,,,,,,,
79700,0.13388964533805847,16.117290496826172,,,,,,,
79800,0.12821398675441742,16.083513259887695,,,,,,,
79900,0.14038139581680298,16.445953369140625,,,,,,,
80000,0.12257887423038483,17.48160743713379,,,,,,,
80100,0.1403314173221588,15.699409484863281,,,,,,,
80200,0.12069429457187653,15.980155944824219,,,,,,,
80300,0.1431584358215332,17.1416072845459,,,,,,,
80400,0.15708205103874207,15.179776191711426,,,,,,,
80500,0.1421806514263153,15.462264060974121,,,,,,,
80600,0.1417529433965683,16.373903274536133,,,,,,,
80700,0.1377972662448883,16.95244598388672,,,,,,,
80800,0.11633243411779404,16.504732131958008,,,,,,,
80900,0.11397191137075424,16.458101272583008,,,,,,,
81000,0.15125702321529388,15.919036865234375,,,,,,,
81100,0.139801487326622,15.147405624389648,,,,,,,
81200,0.15150651335716248,15.429146766662598,,,,,,,
81300,0.1113133653998375,16.93268585205078,,,,,,,
81400,0.14020970463752747,16.108400344848633,,,,,,,
81500,0.09408476948738098,17.605205535888672,,,,,,,
81600,0.11871089786291122,15.862325668334961,,,,,,,
81700,0.20723764598369598,14.15316104888916,,,,,,,
81800,0.15561041235923767,15.801291465759277,,,,,,,
81900,0.18435905873775482,14.938492774963379,,,,,,,
82000,0.1273757815361023,16.54974365234375,,,,,,,
82100,0.1798662394285202,16.347190856933594,,,,,,,
82200,0.11592923849821091,17.920612335205078,,,,,,,
82300,0.0923532173037529,17.73477554321289,,,,,,,
82400,0.16278529167175293,14.624334335327148,,,,,,,
82500,0.15142382681369781,15.278369903564453,,,,,,,
82600,0.16104058921337128,15.11526870727539,,,,,,,
82700,0.15663498640060425,15.911218643188477,,,,,,,
82800,0.12713733315467834,16.57120132446289,,,,,,,
82900,0.1576823592185974,15.196331977844238,,,,,,,
83000,0.14185243844985962,15.83799934387207,,,,,,,
83100,0.12267064303159714,18.002548217773438,,,,,,,
83200,0.10794147104024887,17.260074615478516,,,,,,,
83300,0.23150911927223206,14.187885284423828,,,,,,,
83400,0.12141638994216919,17.381763458251953,,,,,,,
83500,0.1880488395690918,14.615866661071777,,,,,,,
83600,0.12898145616054535,15.904268264770508,,,,,,,
83700,0.11145412176847458,17.13591766357422,,,,,,,
83800,0.21662567555904388,14.227714538574219,,,,,,,
83900,0.12851381301879883,16.531463623046875,,,,,,,
84000,0.1473943293094635,15.829080581665039,,,,,,,
84100,0.22021609544754028,13.995661735534668,,,,,,,
84200,0.1916881799697876,15.368654251098633,,,,,,,
84300,0.15504013001918793,16.04312515258789,,,,,,,
84400,0.14774535596370697,15.51774787902832,,,,,,,
84500,0.12778566777706146,16.16811752319336,,,,,,,
84600,0.15903881192207336,15.083696365356445,,,,,,,
84700,0.11872628331184387,16.818897247314453,,,,,,,
84800,0.22955545783042908,13.193460464477539,,,,,,,
84900,0.16989120841026306,14.603900909423828,,,,,,,
85000,0.11726829409599304,17.034639358520508,,,,,,,
85100,0.15373165905475616,15.937694549560547,,,,,,,
85200,0.17315742373466492,15.238680839538574,,,,,,,
85300,0.18922793865203857,14.613153457641602,,,,,,,
85400,0.11333947628736496,16.106502532958984,,,,,,,
85500,0.2070939540863037,14.744192123413086,,,,,,,
85600,0.08328207582235336,17.842336654663086,,,,,,,
85700,0.1736147254705429,15.338933944702148,,,,,,,
85800,0.13587309420108795,16.259098052978516,,,,,,,
85900,0.17701610922813416,14.690457344055176,,,,,,,
86000,0.1235230416059494,16.00975799560547,,,,,,,
86100,0.18162766098976135,14.86870002746582,,,,,,,
86200,0.13860002160072327,15.402254104614258,,,,,,,
86300,0.07377134263515472,18.347209930419922,,,,,,,
86400,0.17497295141220093,16.35891342163086,,,,,,,
86500,0.15026748180389404,14.878654479980469,,,,,,,
86600,0.24043342471122742,15.564542770385742,,,,,,,
86700,0.1842174530029297,14.818670272827148,,,,,,,
86800,0.10875323414802551,18.22878646850586,,,,,,,
86900,0.14577588438987732,16.00075912475586,,,,,,,
87000,0.1330162137746811,16.543628692626953,,,,,,,
87100,0.14997676014900208,15.477603912353516,,,,,,,
87200,0.11341103166341782,16.841468811035156,,,,,,,
87300,0.1167740747332573,16.51073455810547,,,,,,,
87400,0.13738730549812317,16.748384475708008,,,,,,,
87500,0.1338082253932953,15.607388496398926,,,,,,,
87600,0.19659237563610077,15.747310638427734,,,,,,,
87700,0.1437355875968933,15.675530433654785,,,,,,,
87800,0.14250561594963074,16.609630584716797,,,,,,,
87900,0.14956501126289368,15.601777076721191,,,,,,,
88000,0.1748940646648407,15.437088966369629,,,,,,,
88100,0.1514783352613449,15.92458724975586,,,,,,,
88200,0.1495264619588852,15.160576820373535,,,,,,,
88300,0.15306328237056732,15.304591178894043,,,,,,,
88400,0.10435809940099716,16.7611026763916,,,,,,,
88500,0.17281000316143036,15.143573760986328,,,,,,,
88600,0.1200757622718811,16.85122299194336,,,,,,,
88700,0.1411568522453308,16.21417808532715,,,,,,,
88800,0.1456274688243866,16.955080032348633,,,,,,,
88900,0.1912788450717926,14.230323791503906,,,,,,,
89000,0.13420219719409943,16.481754302978516,,,,,,,
89100,0.12569540739059448,15.504175186157227,,,,,,,
89200,0.15203231573104858,15.030980110168457,,,,,,,
89300,0.1639525592327118,14.773673057556152,,,,,,,
89400,0.12401396036148071,16.513397216796875,,,,,,,
89500,0.13341203331947327,16.47410774230957,,,,,,,
89600,0.1780644655227661,16.29942512512207,,,,,,,
89700,0.08947794139385223,18.04121971130371,,,,,,,
89800,0.1692153662443161,15.56699275970459,,,,,,,
89900,0.14222513139247894,16.428836822509766,,,,,,,
90000,0.14765684306621552,16.136058807373047,,,,,,,
90100,0.11818736046552658,16.170082092285156,,,,,,,
90200,0.15334615111351013,16.485071182250977,,,,,,,
90300,0.15053609013557434,15.272544860839844,,,,,,,
90400,0.19518136978149414,16.454254150390625,,,,,,,
90500,0.17155520617961884,14.455422401428223,,,,,,,
90600,0.19145958125591278,14.802477836608887,,,,,,,
90700,0.090570829808712,17.515771865844727,,,,,,,
90800,0.14617253839969635,15.190277099609375,,,,,,,
90900,0.14402802288532257,15.591649055480957,,,,,,,
91000,0.19280271232128143,14.364278793334961,,,,,,,
91100,0.1550169140100479,15.379667282104492,,,,,,,
91200,0.0807390809059143,18.749725341796875,,,,,,,
91300,0.12476538121700287,16.07813262939453,,,,,,,
91400,0.11617972701787949,17.571823120117188,,,,,,,
91500,0.1540074199438095,15.714273452758789,,,,,,,
91600,0.15816785395145416,15.775426864624023,,,,,,,
91700,0.1570141762495041,15.490808486938477,,,,,,,
91800,0.09607472270727158,17.4209041595459,,,,,,,
91900,0.1413010060787201,15.734700202941895,,,,,,,
92000,0.1385309398174286,15.269067764282227,,,,,,,
92100,0.16174033284187317,15.096649169921875,,,,,,,
92200,0.18554052710533142,14.075909614562988,,,,,,,
92300,0.15037579834461212,15.236408233642578,,,,,,,
92400,0.14768843352794647,16.121196746826172,,,,,,,
92500,0.09733051061630249,17.222476959228516,,,,,,,
92600,0.1470465362071991,15.829181671142578,,,,,,,
92700,0.13128402829170227,16.50530433654785,,,,,,,
92800,0.10928849875926971,16.297794342041016,,,,,,,
92900,0.14598074555397034,15.787418365478516,,,,,,,
93000,0.11691343784332275,17.3096981048584,,,,,,,
93100,0.11527791619300842,15.979327201843262,,,,,,,
93200,0.14853328466415405,15.66678237915039,,,,,,,
93300,0.14316841959953308,15.093696594238281,,,,,,,
93400,0.11415871232748032,16.505271911621094,,,,,,,
93500,0.1469915807247162,16.315298080444336,,,,,,,
93600,0.11150612682104111,16.257244110107422,,,,,,,
93700,0.10865714401006699,17.204206466674805,,,,,,,
93800,0.14690279960632324,15.655035018920898,,,,,,,
93900,0.13040651381015778,16.186538696289062,,,,,,,
94000,0.23909716308116913,14.363719940185547,,,,,,,
94100,0.13158945739269257,15.999212265014648,,,,,,,
94200,0.1336553692817688,16.7407283782959,,,,,,,
94300,0.1318744570016861,16.29436683654785,,,,,,,
94400,0.11968091130256653,16.217506408691406,,,,,,,
94500,0.11401291936635971,16.97449493408203,,,,,,,
94600,0.20071260631084442,14.545806884765625,,,,,,,
94700,0.12391927093267441,17.006427764892578,,,,,,,
94800,0.20732252299785614,14.455406188964844,,,,,,,
94900,0.13773155212402344,15.607561111450195,,,,,,,
95000,0.07093647122383118,18.301250457763672,,,,,,,
95100,0.14482921361923218,15.222978591918945,,,,,,,
95200,0.16864024102687836,14.646835327148438,,,,,,,
95300,0.18771493434906006,15.371297836303711,,,,,,,
95400,0.15416862070560455,15.71504020690918,,,,,,,
95500,0.09576909244060516,17.091434478759766,,,,,,,
95600,0.20171770453453064,13.889934539794922,,,,,,,
95700,0.18581578135490417,14.920356750488281,,,,,,,
95800,0.14560984075069427,16.286951065063477,,,,,,,
95900,0.08871030807495117,17.669658660888672,,,,,,,
96000,0.20000183582305908,13.970494270324707,,,,,,,
96100,0.16505733132362366,15.353816986083984,,,,,,,
96200,0.12093041837215424,16.34455680847168,,,,,,,
96300,0.1031796932220459,18.17995834350586,,,,,,,
96400,0.26542434096336365,13.39111328125,,,,,,,
96500,0.07269632071256638,18.482215881347656,,,,,,,
96600,0.12619665265083313,16.509288787841797,,,,,,,
96700,0.24995563924312592,13.363020896911621,,,,,,,
96800,0.16926513612270355,15.164506912231445,,,,,,,
96900,0.2395290732383728,13.779048919677734,,,,,,,
97000,0.1691558063030243,14.663246154785156,,,,,,,
97100,0.13275882601737976,15.861309051513672,,,,,,,
97200,0.13146138191223145,16.66057777404785,,,,,,,
97300,0.18317237496376038,14.375243186950684,,,,,,,
97400,0.1387794315814972,15.773801803588867,,,,,,,
97500,0.1294129490852356,15.785893440246582,,,,,,,
97600,0.11235682666301727,16.742019653320312,,,,,,,
97700,0.10974383354187012,17.115596771240234,,,,,,,
97800,0.1478491723537445,16.07493782043457,,,,,,,
97900,0.1256755292415619,16.46808433532715,,,,,,,
98000,0.13253667950630188,15.259771347045898,,,,,,,
98100,0.19034913182258606,14.533480644226074,,,,,,,
98200,0.17704296112060547,15.331233024597168,,,,,,,
98300,0.13578152656555176,16.002389907836914,,,,,,,
98400,0.18274204432964325,14.705743789672852,,,,,,,
98500,0.11326402425765991,16.45152473449707,,,,,,,
98600,0.13112682104110718,16.15129852294922,,,,,,,
98700,0.11401654779911041,16.344594955444336,,,,,,,
98800,0.1340850591659546,15.634780883789062,,,,,,,
98900,0.1360800713300705,15.476922988891602,,,,,,,
99000,0.18329517543315887,14.491552352905273,,,,,,,
99100,0.22283844649791718,13.614354133605957,,,,,,,
99200,0.15835008025169373,15.845467567443848,,,,,,,
99300,0.12984783947467804,15.73902702331543,,,,,,,
99400,0.14514468610286713,15.343225479125977,,,,,,,
99500,0.13352757692337036,15.916860580444336,,,,,,,
99600,0.19620053470134735,14.883598327636719,,,,,,,
99700,0.16941450536251068,14.530450820922852,,,,,,,
99800,0.0923260897397995,17.434396743774414,,,,,,,
99900,0.08805067837238312,18.341552734375,,,,,,,
