step,train/domain,train/loss,train/psnr,val/avg_psnr,val/imagenet-noise_psnr,val/imagenet-noise_ssim
0,38.0,0.4472031593322754,11.744197845458984,18.784082412719727,18.784082412719727,0.5485951900482178
1,,,,19.636978149414062,19.636978149414062,0.587734043598175
2,,,,19.894439697265625,19.894439697265625,0.609418511390686
3,,,,20.159469604492188,20.159469604492188,0.6280587315559387
4,,,,20.260398864746094,20.260398864746094,0.6389573216438293
5,,,,20.05198097229004,20.05198097229004,0.6319959759712219
6,,,,20.46160125732422,20.46160125732422,0.652079701423645
7,,,,20.498825073242188,20.498825073242188,0.6590810418128967
8,,,,20.518129348754883,20.518129348754883,0.6648380160331726
9,,,,20.32359504699707,20.32359504699707,0.6519191861152649
10,,,,20.597787857055664,20.597787857055664,0.6662883758544922
11,,,,20.448734283447266,20.448734283447266,0.6627159714698792
12,,,,20.719696044921875,20.719696044921875,0.669971227645874
13,,,,20.843379974365234,20.843379974365234,0.6799367666244507
14,,,,20.717641830444336,20.717641830444336,0.6764550805091858
15,,,,20.706298828125,20.706298828125,0.6779098510742188
16,,,,20.990034103393555,20.990034103393555,0.6893385052680969
17,,,,20.78765106201172,20.78765106201172,0.6816350221633911
18,,,,21.17433738708496,21.17433738708496,0.6947446465492249
19,,,,21.140239715576172,21.140239715576172,0.6938012838363647
20,,,,21.099685668945312,21.099685668945312,0.6952002644538879
21,,,,21.24322509765625,21.24322509765625,0.6985481977462769
22,,,,21.177766799926758,21.177766799926758,0.696638822555542
23,,,,21.3031063079834,21.3031063079834,0.699349582195282
24,,,,21.661212921142578,21.661212921142578,0.7181218862533569
25,,,,21.0440731048584,21.0440731048584,0.6892863512039185
26,,,,21.14134979248047,21.14134979248047,0.7024854421615601
27,,,,21.192840576171875,21.192840576171875,0.7002086639404297
28,,,,21.33461570739746,21.33461570739746,0.7071598172187805
29,,,,21.307464599609375,21.307464599609375,0.7024660706520081
30,,,,21.146766662597656,21.146766662597656,0.6997154951095581
31,,,,21.30313491821289,21.30313491821289,0.7102465629577637
32,,,,21.199281692504883,21.199281692504883,0.7016136050224304
33,,,,21.136991500854492,21.136991500854492,0.6987628936767578
34,,,,20.875246047973633,20.875246047973633,0.6954867839813232
35,,,,21.541688919067383,21.541688919067383,0.7156892418861389
36,,,,21.538841247558594,21.538841247558594,0.7185472249984741
37,,,,21.360300064086914,21.360300064086914,0.7146307826042175
38,,,,21.393009185791016,21.393009185791016,0.7108051180839539
39,,,,21.436033248901367,21.436033248901367,0.7164544463157654
40,,,,21.179353713989258,21.179353713989258,0.6998521089553833
41,,,,21.538007736206055,21.538007736206055,0.7204508185386658
42,,,,21.128032684326172,21.128032684326172,0.7069066166877747
43,,,,21.493940353393555,21.493940353393555,0.7207939624786377
44,,,,21.425140380859375,21.425140380859375,0.7222486138343811
45,,,,21.425031661987305,21.425031661987305,0.7173904180526733
46,,,,21.656238555908203,21.656238555908203,0.7234484553337097
47,,,,21.161970138549805,21.161970138549805,0.7070327401161194
48,,,,21.0534610748291,21.0534610748291,0.7021281719207764
49,,,,21.56403350830078,21.56403350830078,0.7279047966003418
50,,,,21.632423400878906,21.632423400878906,0.7284027338027954
51,,,,21.824678421020508,21.824678421020508,0.7363441586494446
52,,,,21.603923797607422,21.603923797607422,0.7291164994239807
53,,,,21.540563583374023,21.540563583374023,0.7182298898696899
54,,,,21.238460540771484,21.238460540771484,0.7155185341835022
55,,,,21.780183792114258,21.780183792114258,0.7308264374732971
56,,,,21.51468849182129,21.51468849182129,0.7224773168563843
57,,,,21.231904983520508,21.231904983520508,0.7149365544319153
58,,,,21.68240737915039,21.68240737915039,0.7306874394416809
59,,,,21.372066497802734,21.372066497802734,0.7154688239097595
60,,,,21.44873046875,21.44873046875,0.7215582728385925
61,,,,21.65323829650879,21.65323829650879,0.723771870136261
62,,,,21.64279556274414,21.64279556274414,0.728438138961792
63,,,,21.688589096069336,21.688589096069336,0.7274896502494812
64,,,,21.488174438476562,21.488174438476562,0.7265177965164185
65,,,,21.35382652282715,21.35382652282715,0.7129833698272705
66,,,,21.557649612426758,21.557649612426758,0.7230157852172852
67,,,,21.726360321044922,21.726360321044922,0.7307813167572021
68,,,,21.574899673461914,21.574899673461914,0.7291243672370911
69,,,,21.768600463867188,21.768600463867188,0.7359363436698914
70,,,,21.56210708618164,21.56210708618164,0.7234093546867371
71,,,,21.786462783813477,21.786462783813477,0.7321978807449341
72,,,,21.610870361328125,21.610870361328125,0.7237667441368103
73,,,,21.730737686157227,21.730737686157227,0.7302592396736145
74,,,,21.28775405883789,21.28775405883789,0.7152274250984192
75,,,,21.448118209838867,21.448118209838867,0.7213150262832642
76,,,,21.21049690246582,21.21049690246582,0.7121738791465759
77,,,,21.652236938476562,21.652236938476562,0.7287501692771912
78,,,,21.670391082763672,21.670391082763672,0.7310171723365784
79,,,,21.615947723388672,21.615947723388672,0.7293490171432495
80,,,,21.603511810302734,21.603511810302734,0.7262502908706665
81,,,,21.527450561523438,21.527450561523438,0.7248188257217407
82,,,,21.733627319335938,21.733627319335938,0.7313094735145569
83,,,,21.65264320373535,21.65264320373535,0.73082435131073
84,,,,21.671384811401367,21.671384811401367,0.7275630235671997
85,,,,21.6856746673584,21.6856746673584,0.729831337928772
86,,,,21.737621307373047,21.737621307373047,0.732197642326355
87,,,,21.75654411315918,21.75654411315918,0.7326183915138245
88,,,,21.730674743652344,21.730674743652344,0.7318888902664185
89,,,,21.628698348999023,21.628698348999023,0.7278302311897278
90,,,,21.674427032470703,21.674427032470703,0.7303271293640137
91,,,,21.685564041137695,21.685564041137695,0.7293489575386047
92,,,,21.673635482788086,21.673635482788086,0.7295858263969421
93,,,,21.626869201660156,21.626869201660156,0.7292346358299255
94,,,,21.690038681030273,21.690038681030273,0.7305561900138855
95,,,,21.68004035949707,21.68004035949707,0.7302220463752747
96,,,,21.651782989501953,21.651782989501953,0.7287996411323547
97,,,,21.684226989746094,21.684226989746094,0.7305745482444763
98,,,,21.681682586669922,21.681682586669922,0.7305803894996643
99,,,,21.69501304626465,21.69501304626465,0.7312316298484802
100,38.0,0.34046995639801025,13.745920181274414,,,
200,38.0,0.2720935046672821,15.555842399597168,,,
300,38.0,0.2771983742713928,15.30777359008789,,,
400,38.0,0.33468541502952576,13.656316757202148,,,
500,38.0,0.3557911813259125,13.150405883789062,,,
600,38.0,0.28253188729286194,15.651199340820312,,,
700,38.0,0.2610000669956207,16.23394203186035,,,
800,38.0,0.3035868704319,14.987695693969727,,,
900,38.0,0.27240538597106934,15.606300354003906,,,
1000,38.0,0.3252592086791992,14.495495796203613,,,
1100,38.0,0.288779616355896,15.712356567382812,,,
1200,38.0,0.3192440867424011,14.393442153930664,,,
1300,38.0,0.23548631370067596,16.753509521484375,,,
1400,38.0,0.2539009153842926,16.38836669921875,,,
1500,38.0,0.25347617268562317,16.64931297302246,,,
1600,38.0,0.3040488362312317,15.33983039855957,,,
1700,38.0,0.24783644080162048,16.346206665039062,,,
1800,38.0,0.27080243825912476,15.595874786376953,,,
1900,38.0,0.2660057246685028,15.679240226745605,,,
2000,38.0,0.21898801624774933,17.116151809692383,,,
2100,38.0,0.31405001878738403,15.0972900390625,,,
2200,38.0,0.27108514308929443,16.109718322753906,,,
2300,38.0,0.27366527915000916,15.568920135498047,,,
2400,38.0,0.2856491506099701,15.94460678100586,,,
2500,38.0,0.22405658662319183,17.341310501098633,,,
2600,38.0,0.25491565465927124,16.177722930908203,,,
2700,38.0,0.3287128210067749,13.954493522644043,,,
2800,38.0,0.24843275547027588,16.63654327392578,,,
2900,38.0,0.31271952390670776,14.88658618927002,,,
3000,38.0,0.21477414667606354,17.474246978759766,,,
3100,38.0,0.3322661221027374,14.03245735168457,,,
3200,38.0,0.32401251792907715,14.28148365020752,,,
3300,38.0,0.28604674339294434,15.325818061828613,,,
3400,38.0,0.2623886466026306,15.6065034866333,,,
3500,38.0,0.23029725253582,17.541505813598633,,,
3600,38.0,0.3075721561908722,15.42045783996582,,,
3700,38.0,0.23242028057575226,16.809553146362305,,,
3800,38.0,0.333052396774292,14.3242769241333,,,
3900,38.0,0.28814154863357544,15.6737699508667,,,
4000,38.0,0.23661962151527405,17.38239288330078,,,
4100,38.0,0.2222246676683426,17.169816970825195,,,
4200,38.0,0.2943158745765686,15.118656158447266,,,
4300,38.0,0.2745717465877533,15.92684555053711,,,
4400,38.0,0.2846038341522217,15.952461242675781,,,
4500,38.0,0.33075252175331116,14.753702163696289,,,
4600,38.0,0.2120257318019867,18.27248764038086,,,
4700,38.0,0.28519532084465027,16.265682220458984,,,
4800,38.0,0.26083508133888245,16.885433197021484,,,
4900,38.0,0.24999961256980896,16.483444213867188,,,
5000,38.0,0.24472497403621674,16.714221954345703,,,
5100,38.0,0.20057980716228485,17.914043426513672,,,
5200,38.0,0.26636677980422974,16.30103302001953,,,
5300,38.0,0.22534558176994324,17.86457061767578,,,
5400,38.0,0.2996532618999481,15.624385833740234,,,
5500,38.0,0.2619374394416809,16.315542221069336,,,
5600,38.0,0.2616480588912964,16.48004150390625,,,
5700,38.0,0.32114171981811523,14.253873825073242,,,
5800,38.0,0.2479257434606552,16.531368255615234,,,
5900,38.0,0.23488907516002655,17.03765869140625,,,
6000,38.0,0.2238513082265854,17.352890014648438,,,
6100,38.0,0.295955091714859,15.466594696044922,,,
6200,38.0,0.25095704197883606,16.73471450805664,,,
6300,38.0,0.2071494609117508,17.8935604095459,,,
6400,38.0,0.2711074948310852,15.644024848937988,,,
6500,38.0,0.278406023979187,15.8059663772583,,,
6600,38.0,0.18663810193538666,19.026973724365234,,,
6700,38.0,0.2173706591129303,18.554615020751953,,,
6800,38.0,0.24847190082073212,17.100509643554688,,,
6900,38.0,0.2331412434577942,17.298927307128906,,,
7000,38.0,0.2269337922334671,17.73932456970215,,,
7100,38.0,0.2943647801876068,16.425724029541016,,,
7200,38.0,0.2592620551586151,16.3704891204834,,,
7300,38.0,0.22943447530269623,17.66945457458496,,,
7400,38.0,0.2224256992340088,17.280609130859375,,,
7500,38.0,0.25842928886413574,16.714134216308594,,,
7600,38.0,0.19001784920692444,18.738880157470703,,,
7700,38.0,0.2282533496618271,17.41073989868164,,,
7800,38.0,0.24572394788265228,16.757919311523438,,,
7900,38.0,0.25871506333351135,16.051250457763672,,,
8000,38.0,0.26330602169036865,15.790990829467773,,,
8100,38.0,0.24652141332626343,16.919748306274414,,,
8200,38.0,0.2580944299697876,15.328668594360352,,,
8300,38.0,0.29205378890037537,15.249176979064941,,,
8400,38.0,0.21554581820964813,18.00868034362793,,,
8500,38.0,0.25314196944236755,16.45218276977539,,,
8600,38.0,0.23125801980495453,17.92020034790039,,,
8700,38.0,0.243570938706398,16.88681411743164,,,
8800,38.0,0.2717322111129761,15.734728813171387,,,
8900,38.0,0.3023788034915924,15.845391273498535,,,
9000,38.0,0.27909764647483826,15.841978073120117,,,
9100,38.0,0.2255178987979889,17.535972595214844,,,
9200,38.0,0.24212443828582764,17.16149139404297,,,
9300,38.0,0.2108476608991623,18.101871490478516,,,
9400,38.0,0.22780507802963257,18.116127014160156,,,
9500,38.0,0.261896550655365,16.995162963867188,,,
9600,38.0,0.2922382354736328,15.029230117797852,,,
9700,38.0,0.19754266738891602,18.616039276123047,,,
9800,38.0,0.2479100525379181,16.487903594970703,,,
9900,38.0,0.2368292212486267,17.26876449584961,,,
10000,38.0,0.2440764158964157,16.62413787841797,,,
10100,38.0,0.2500232756137848,16.02155113220215,,,
10200,38.0,0.23840446770191193,16.897403717041016,,,
10300,38.0,0.27398258447647095,15.812505722045898,,,
10400,38.0,0.2141721099615097,18.143795013427734,,,
10500,38.0,0.2197987139225006,17.300521850585938,,,
10600,38.0,0.2574235796928406,16.379383087158203,,,
10700,38.0,0.23487623035907745,16.92568588256836,,,
10800,38.0,0.2549876570701599,16.656545639038086,,,
10900,38.0,0.261715292930603,16.546218872070312,,,
11000,38.0,0.24071566760540009,17.013381958007812,,,
11100,38.0,0.19765959680080414,18.457717895507812,,,
11200,38.0,0.23937496542930603,17.016803741455078,,,
11300,38.0,0.18879272043704987,18.13623046875,,,
11400,38.0,0.26155927777290344,16.40203094482422,,,
11500,38.0,0.2907554507255554,15.268556594848633,,,
11600,38.0,0.16701120138168335,19.18962860107422,,,
11700,38.0,0.20559841394424438,18.419706344604492,,,
11800,38.0,0.2583174705505371,17.39791488647461,,,
11900,38.0,0.2554616332054138,16.76510238647461,,,
12000,38.0,0.19490690529346466,18.48373031616211,,,
12100,38.0,0.2856903672218323,15.766467094421387,,,
12200,38.0,0.23918020725250244,16.700096130371094,,,
12300,38.0,0.23102056980133057,17.586414337158203,,,
12400,38.0,0.2064424306154251,18.363872528076172,,,
12500,38.0,0.24191729724407196,16.700044631958008,,,
12600,38.0,0.2670280337333679,16.00011444091797,,,
12700,38.0,0.25567877292633057,16.069049835205078,,,
12800,38.0,0.2571343183517456,16.475557327270508,,,
12900,38.0,0.3028276860713959,15.170317649841309,,,
13000,38.0,0.20446550846099854,17.961814880371094,,,
13100,38.0,0.21461212635040283,18.766042709350586,,,
13200,38.0,0.22577506303787231,17.699169158935547,,,
13300,38.0,0.27973610162734985,15.979378700256348,,,
13400,38.0,0.24555668234825134,17.13486099243164,,,
13500,38.0,0.2750456631183624,16.359577178955078,,,
13600,38.0,0.2230473905801773,17.4295654296875,,,
13700,38.0,0.19153301417827606,18.711332321166992,,,
13800,38.0,0.18919157981872559,18.231088638305664,,,
13900,38.0,0.2076016366481781,17.83228302001953,,,
14000,38.0,0.2623250484466553,16.063631057739258,,,
14100,38.0,0.2883231043815613,15.59918212890625,,,
14200,38.0,0.20804494619369507,17.816736221313477,,,
14300,38.0,0.1865837574005127,18.950332641601562,,,
14400,38.0,0.2699351906776428,15.583633422851562,,,
14500,38.0,0.22342416644096375,17.99392318725586,,,
14600,38.0,0.27039971947669983,15.924219131469727,,,
14700,38.0,0.23884332180023193,16.936304092407227,,,
14800,38.0,0.22966623306274414,17.417543411254883,,,
14900,38.0,0.27362367510795593,15.342093467712402,,,
15000,38.0,0.27013805508613586,15.994726181030273,,,
15100,38.0,0.25035977363586426,16.852947235107422,,,
15200,38.0,0.2565500736236572,16.265819549560547,,,
15300,38.0,0.2701777219772339,15.96311092376709,,,
15400,38.0,0.2628186047077179,16.7393798828125,,,
15500,38.0,0.2548818588256836,16.679224014282227,,,
15600,38.0,0.2341708540916443,17.265953063964844,,,
15700,38.0,0.21562355756759644,17.701181411743164,,,
15800,38.0,0.2640882432460785,16.177845001220703,,,
15900,38.0,0.1856844425201416,18.91006851196289,,,
16000,38.0,0.20521876215934753,17.826152801513672,,,
16100,38.0,0.26040759682655334,16.52181053161621,,,
16200,38.0,0.2800022065639496,16.12648582458496,,,
16300,38.0,0.21293920278549194,17.785400390625,,,
16400,38.0,0.29914239048957825,15.367799758911133,,,
16500,38.0,0.2138344794511795,18.654163360595703,,,
16600,38.0,0.28879863023757935,14.981978416442871,,,
16700,38.0,0.2097957283258438,17.852275848388672,,,
16800,38.0,0.3192710876464844,14.938957214355469,,,
16900,38.0,0.21924026310443878,18.36914825439453,,,
17000,38.0,0.24956859648227692,16.590484619140625,,,
17100,38.0,0.25698044896125793,16.1943302154541,,,
17200,38.0,0.27978894114494324,15.555269241333008,,,
17300,38.0,0.2345028817653656,17.12769889831543,,,
17400,38.0,0.2043529450893402,18.047731399536133,,,
17500,38.0,0.18734079599380493,18.758251190185547,,,
17600,38.0,0.32196828722953796,14.43134880065918,,,
17700,38.0,0.30998891592025757,15.242334365844727,,,
17800,38.0,0.24379421770572662,16.843881607055664,,,
17900,38.0,0.19657060503959656,18.75812530517578,,,
18000,38.0,0.2643578350543976,16.254924774169922,,,
18100,38.0,0.28631067276000977,15.985733985900879,,,
18200,38.0,0.2317289263010025,16.861881256103516,,,
18300,38.0,0.2292393147945404,17.484764099121094,,,
18400,38.0,0.21575124561786652,17.675107955932617,,,
18500,38.0,0.24056442081928253,16.856117248535156,,,
18600,38.0,0.23152925074100494,17.232723236083984,,,
18700,38.0,0.2274281233549118,17.218372344970703,,,
18800,38.0,0.21045170724391937,18.093074798583984,,,
18900,38.0,0.28895464539527893,15.137892723083496,,,
19000,38.0,0.23519301414489746,17.18470001220703,,,
19100,38.0,0.2466564029455185,16.729412078857422,,,
19200,38.0,0.238277405500412,17.543071746826172,,,
19300,38.0,0.20932701230049133,17.760944366455078,,,
19400,38.0,0.21919788420200348,17.626890182495117,,,
19500,38.0,0.2430037558078766,16.830886840820312,,,
19600,38.0,0.271338552236557,16.936119079589844,,,
19700,38.0,0.2327292412519455,16.85686492919922,,,
19800,38.0,0.24326831102371216,16.57242774963379,,,
19900,38.0,0.25236374139785767,16.478912353515625,,,
20000,38.0,0.24995671212673187,16.546661376953125,,,
20100,38.0,0.25843706727027893,16.368640899658203,,,
20200,38.0,0.23759359121322632,17.408283233642578,,,
20300,38.0,0.2424657940864563,16.88329315185547,,,
20400,38.0,0.24038320779800415,16.61851692199707,,,
20500,38.0,0.29024234414100647,15.1234712600708,,,
20600,38.0,0.22574670612812042,17.23394203186035,,,
20700,38.0,0.22345267236232758,17.29435920715332,,,
20800,38.0,0.24088943004608154,16.978004455566406,,,
20900,38.0,0.2136990875005722,17.82111358642578,,,
21000,38.0,0.26784032583236694,16.0877685546875,,,
21100,38.0,0.2302936613559723,17.185701370239258,,,
21200,38.0,0.24225223064422607,16.693260192871094,,,
21300,38.0,0.22860842943191528,17.580814361572266,,,
21400,38.0,0.2157207727432251,18.47714614868164,,,
21500,38.0,0.23619739711284637,16.94185447692871,,,
21600,38.0,0.26472947001457214,16.221221923828125,,,
21700,38.0,0.23281913995742798,16.999000549316406,,,
21800,38.0,0.20881542563438416,18.73019027709961,,,
21900,38.0,0.23842290043830872,17.187732696533203,,,
22000,38.0,0.2750117778778076,15.841819763183594,,,
22100,38.0,0.24177086353302002,16.22368621826172,,,
22200,38.0,0.2628256678581238,16.300548553466797,,,
22300,38.0,0.22536510229110718,17.293315887451172,,,
22400,38.0,0.21146266162395477,17.725902557373047,,,
22500,38.0,0.23121145367622375,18.151357650756836,,,
22600,38.0,0.2742408514022827,16.042884826660156,,,
22700,38.0,0.24561454355716705,16.922958374023438,,,
22800,38.0,0.20015230774879456,18.308687210083008,,,
22900,38.0,0.23520366847515106,17.66389274597168,,,
23000,38.0,0.24053756892681122,17.094310760498047,,,
23100,38.0,0.22515496611595154,16.64121437072754,,,
23200,38.0,0.28580790758132935,14.923649787902832,,,
23300,38.0,0.18935444951057434,18.803451538085938,,,
23400,38.0,0.26105034351348877,15.759126663208008,,,
23500,38.0,0.23598040640354156,17.33560562133789,,,
23600,38.0,0.20890672504901886,18.118282318115234,,,
23700,38.0,0.2672159969806671,16.624364852905273,,,
23800,38.0,0.234934002161026,17.38834571838379,,,
23900,38.0,0.22772638499736786,17.60177230834961,,,
24000,38.0,0.239587664604187,16.6802921295166,,,
24100,38.0,0.25877031683921814,16.84858512878418,,,
24200,38.0,0.17040571570396423,19.306241989135742,,,
24300,38.0,0.22054681181907654,17.397491455078125,,,
24400,38.0,0.21897202730178833,17.310791015625,,,
24500,38.0,0.252163290977478,16.433788299560547,,,
24600,38.0,0.22481004893779755,17.58774185180664,,,
24700,38.0,0.22274240851402283,17.887645721435547,,,
24800,38.0,0.21783335506916046,17.372295379638672,,,
24900,38.0,0.22036167979240417,18.340251922607422,,,
25000,38.0,0.24175691604614258,16.687456130981445,,,
25100,38.0,0.2322014570236206,17.48995590209961,,,
25200,38.0,0.23111899197101593,17.490402221679688,,,
25300,38.0,0.26708030700683594,16.61441993713379,,,
25400,38.0,0.25993216037750244,16.215463638305664,,,
25500,38.0,0.2472143918275833,16.833532333374023,,,
25600,38.0,0.2569739818572998,16.790325164794922,,,
25700,38.0,0.24167822301387787,17.284273147583008,,,
25800,38.0,0.25114884972572327,16.57367515563965,,,
25900,38.0,0.21567510068416595,17.857280731201172,,,
26000,38.0,0.22507233917713165,17.810335159301758,,,
26100,38.0,0.2213868945837021,17.780803680419922,,,
26200,38.0,0.24548782408237457,17.052988052368164,,,
26300,38.0,0.23186162114143372,17.35138511657715,,,
26400,38.0,0.20892995595932007,18.352210998535156,,,
26500,38.0,0.19957321882247925,18.408615112304688,,,
26600,38.0,0.21850158274173737,17.50265884399414,,,
26700,38.0,0.27573493123054504,16.50055694580078,,,
26800,38.0,0.28822794556617737,15.716695785522461,,,
26900,38.0,0.22328367829322815,17.015140533447266,,,
27000,38.0,0.2625255584716797,16.58880615234375,,,
27100,38.0,0.2583957314491272,16.105926513671875,,,
27200,38.0,0.2566322684288025,16.09087371826172,,,
27300,38.0,0.27212876081466675,15.388795852661133,,,
27400,38.0,0.24487483501434326,16.74904441833496,,,
27500,38.0,0.21619905531406403,17.314653396606445,,,
27600,38.0,0.25186482071876526,17.129074096679688,,,
27700,38.0,0.2889502942562103,16.226940155029297,,,
27800,38.0,0.22541692852973938,17.163738250732422,,,
27900,38.0,0.22330792248249054,17.6063232421875,,,
28000,38.0,0.17422303557395935,19.295291900634766,,,
28100,38.0,0.16076457500457764,19.552093505859375,,,
28200,38.0,0.27189967036247253,16.27993392944336,,,
28300,38.0,0.24205967783927917,17.189594268798828,,,
28400,38.0,0.2588120400905609,15.957191467285156,,,
28500,38.0,0.24006512761116028,17.19707489013672,,,
28600,38.0,0.24544799327850342,16.816923141479492,,,
28700,38.0,0.243939608335495,16.682056427001953,,,
28800,38.0,0.27830636501312256,16.007659912109375,,,
28900,38.0,0.2019311785697937,17.881359100341797,,,
29000,38.0,0.2311100959777832,16.52098846435547,,,
29100,38.0,0.21936912834644318,17.79830551147461,,,
29200,38.0,0.24524372816085815,17.121370315551758,,,
29300,38.0,0.21631784737110138,17.88726043701172,,,
29400,38.0,0.20802532136440277,18.37101936340332,,,
29500,38.0,0.1831497699022293,18.904403686523438,,,
29600,38.0,0.2726641297340393,15.745884895324707,,,
29700,38.0,0.19023147225379944,18.72992515563965,,,
29800,38.0,0.21490216255187988,18.038436889648438,,,
29900,38.0,0.17709103226661682,19.46099853515625,,,
30000,38.0,0.23670512437820435,18.007526397705078,,,
30100,38.0,0.20769080519676208,18.2169189453125,,,
30200,38.0,0.2327125519514084,17.53924560546875,,,
30300,38.0,0.21782301366329193,17.593215942382812,,,
30400,38.0,0.2273854911327362,18.19489288330078,,,
30500,38.0,0.2413128912448883,16.850923538208008,,,
30600,38.0,0.218667671084404,18.734861373901367,,,
30700,38.0,0.24139384925365448,16.582141876220703,,,
30800,38.0,0.30404797196388245,15.205605506896973,,,
30900,38.0,0.23605841398239136,16.982826232910156,,,
31000,38.0,0.28941866755485535,15.41883659362793,,,
31100,38.0,0.20960213243961334,18.18168067932129,,,
31200,38.0,0.22895920276641846,18.223621368408203,,,
31300,38.0,0.1604200154542923,20.313386917114258,,,
31400,38.0,0.2518649101257324,16.621109008789062,,,
31500,38.0,0.2910301089286804,15.24483871459961,,,
31600,38.0,0.18494753539562225,19.244050979614258,,,
31700,38.0,0.3049064874649048,15.96158504486084,,,
31800,38.0,0.25137755274772644,16.9384765625,,,
31900,38.0,0.2562226355075836,16.221817016601562,,,
32000,38.0,0.23173005878925323,17.761215209960938,,,
32100,38.0,0.23480144143104553,17.119741439819336,,,
32200,38.0,0.2334282249212265,17.29277801513672,,,
32300,38.0,0.19187480211257935,18.74633026123047,,,
32400,38.0,0.35348668694496155,14.432202339172363,,,
32500,38.0,0.2538222670555115,16.905757904052734,,,
32600,38.0,0.29800087213516235,15.608304977416992,,,
32700,38.0,0.24273721873760223,17.15357208251953,,,
32800,38.0,0.212392657995224,18.486961364746094,,,
32900,38.0,0.22115300595760345,17.341821670532227,,,
33000,38.0,0.22467048466205597,18.079734802246094,,,
33100,38.0,0.23798362910747528,17.188215255737305,,,
33200,38.0,0.19791792333126068,18.27908706665039,,,
33300,38.0,0.23767676949501038,17.242534637451172,,,
33400,38.0,0.23617509007453918,16.680578231811523,,,
33500,38.0,0.20937012135982513,17.55524444580078,,,
33600,38.0,0.22789977490901947,17.484970092773438,,,
33700,38.0,0.23859894275665283,16.819908142089844,,,
33800,38.0,0.19791948795318604,18.371501922607422,,,
33900,38.0,0.19908834993839264,18.685365676879883,,,
34000,38.0,0.244819775223732,16.992759704589844,,,
34100,38.0,0.19201090931892395,18.455570220947266,,,
34200,38.0,0.24825821816921234,17.01604461669922,,,
34300,38.0,0.1935797780752182,18.755420684814453,,,
34400,38.0,0.26288121938705444,16.108463287353516,,,
34500,38.0,0.32349926233291626,14.202790260314941,,,
34600,38.0,0.26113563776016235,16.945358276367188,,,
34700,38.0,0.2637227773666382,15.828084945678711,,,
34800,38.0,0.21724599599838257,17.733097076416016,,,
34900,38.0,0.2378317266702652,16.927227020263672,,,
35000,38.0,0.2157026082277298,17.75416374206543,,,
35100,38.0,0.25452402234077454,16.093626022338867,,,
35200,38.0,0.2355441153049469,16.87940216064453,,,
35300,38.0,0.24503816664218903,17.274375915527344,,,
35400,38.0,0.2854742705821991,15.743900299072266,,,
35500,38.0,0.23321567475795746,16.829988479614258,,,
35600,38.0,0.17402853071689606,19.230907440185547,,,
35700,38.0,0.2565934360027313,15.695046424865723,,,
35800,38.0,0.2412947714328766,17.21282196044922,,,
35900,38.0,0.331734836101532,14.096330642700195,,,
36000,38.0,0.20229467749595642,18.12399673461914,,,
36100,38.0,0.23799191415309906,16.57659149169922,,,
36200,38.0,0.25041303038597107,16.79228973388672,,,
36300,38.0,0.2219037264585495,17.530620574951172,,,
36400,38.0,0.2532348334789276,16.748504638671875,,,
36500,38.0,0.1868174821138382,18.71898078918457,,,
36600,38.0,0.22195188701152802,17.84430694580078,,,
36700,38.0,0.23877198994159698,17.064125061035156,,,
36800,38.0,0.25913089513778687,16.48038101196289,,,
36900,38.0,0.22329360246658325,18.077058792114258,,,
37000,38.0,0.2381867915391922,17.555660247802734,,,
37100,38.0,0.2315167635679245,17.079143524169922,,,
37200,38.0,0.21986538171768188,17.562728881835938,,,
37300,38.0,0.23435279726982117,17.807832717895508,,,
37400,38.0,0.21372510492801666,17.955402374267578,,,
37500,38.0,0.2102486938238144,17.6249942779541,,,
37600,38.0,0.2647896707057953,16.97711181640625,,,
37700,38.0,0.23010733723640442,17.72115707397461,,,
37800,38.0,0.2636350095272064,15.820428848266602,,,
37900,38.0,0.25340595841407776,17.32181167602539,,,
38000,38.0,0.29020294547080994,15.28944206237793,,,
38100,38.0,0.19252267479896545,18.410831451416016,,,
38200,38.0,0.29654234647750854,15.176606178283691,,,
38300,38.0,0.19221408665180206,18.869338989257812,,,
38400,38.0,0.2606427073478699,16.407129287719727,,,
38500,38.0,0.27902892231941223,15.804349899291992,,,
38600,38.0,0.27071258425712585,16.391796112060547,,,
38700,38.0,0.3132706582546234,15.235264778137207,,,
38800,38.0,0.23621490597724915,16.895462036132812,,,
38900,38.0,0.16515673696994781,19.898590087890625,,,
39000,38.0,0.28048384189605713,15.709623336791992,,,
39100,38.0,0.24980947375297546,16.709047317504883,,,
39200,38.0,0.27016666531562805,15.856224060058594,,,
39300,38.0,0.2389579564332962,17.602375030517578,,,
39400,38.0,0.16206902265548706,20.41595458984375,,,
39500,38.0,0.226734459400177,17.873912811279297,,,
39600,38.0,0.27961277961730957,16.169708251953125,,,
39700,38.0,0.21688663959503174,17.66733169555664,,,
39800,38.0,0.23161491751670837,17.10064697265625,,,
39900,38.0,0.24587905406951904,16.789979934692383,,,
40000,38.0,0.27938592433929443,15.348201751708984,,,
40100,38.0,0.20543037354946136,18.31478500366211,,,
40200,38.0,0.28933456540107727,16.29851531982422,,,
40300,38.0,0.22662964463233948,17.600971221923828,,,
40400,38.0,0.21862095594406128,17.330265045166016,,,
40500,38.0,0.25828972458839417,16.196922302246094,,,
40600,38.0,0.23469851911067963,16.75357437133789,,,
40700,38.0,0.20850345492362976,18.540910720825195,,,
40800,38.0,0.21116812527179718,18.39395523071289,,,
40900,38.0,0.2429594099521637,16.91712188720703,,,
41000,38.0,0.30082622170448303,15.099377632141113,,,
41100,38.0,0.2594876289367676,16.770421981811523,,,
41200,38.0,0.21414022147655487,18.557600021362305,,,
41300,38.0,0.26393553614616394,15.79410171508789,,,
41400,38.0,0.2601962387561798,16.42321014404297,,,
41500,38.0,0.23628126084804535,16.693532943725586,,,
41600,38.0,0.19229522347450256,18.654003143310547,,,
41700,38.0,0.2498491257429123,16.89910888671875,,,
41800,38.0,0.26113539934158325,16.452054977416992,,,
41900,38.0,0.23101991415023804,17.654537200927734,,,
42000,38.0,0.3139525055885315,14.62478256225586,,,
42100,38.0,0.23913832008838654,16.53583526611328,,,
42200,38.0,0.24771949648857117,17.007823944091797,,,
42300,38.0,0.31676551699638367,15.208282470703125,,,
42400,38.0,0.22471673786640167,17.397964477539062,,,
42500,38.0,0.1751822531223297,20.248634338378906,,,
42600,38.0,0.2063736915588379,18.350685119628906,,,
42700,38.0,0.21883916854858398,17.769210815429688,,,
42800,38.0,0.232644185423851,17.56647491455078,,,
42900,38.0,0.21667620539665222,17.985858917236328,,,
43000,38.0,0.23989319801330566,17.147504806518555,,,
43100,38.0,0.2550230920314789,16.598466873168945,,,
43200,38.0,0.23388759791851044,17.23373794555664,,,
43300,38.0,0.25186365842819214,15.897822380065918,,,
43400,38.0,0.19853229820728302,18.784225463867188,,,
43500,38.0,0.18481044471263885,18.925081253051758,,,
43600,38.0,0.24029403924942017,17.14642333984375,,,
43700,38.0,0.21448291838169098,17.59796905517578,,,
43800,38.0,0.2917253375053406,15.243331909179688,,,
43900,38.0,0.23126301169395447,17.217426300048828,,,
44000,38.0,0.26250654458999634,16.683500289916992,,,
44100,38.0,0.2286442071199417,17.519325256347656,,,
44200,38.0,0.23415295779705048,18.20453643798828,,,
44300,38.0,0.22337739169597626,17.660593032836914,,,
44400,38.0,0.24161674082279205,16.8897705078125,,,
44500,38.0,0.24246744811534882,17.100666046142578,,,
44600,38.0,0.15185962617397308,20.06427574157715,,,
44700,38.0,0.24840997159481049,16.80107879638672,,,
44800,38.0,0.19291983544826508,18.357891082763672,,,
44900,38.0,0.23435576260089874,16.9794864654541,,,
45000,38.0,0.3070392906665802,14.398544311523438,,,
45100,38.0,0.2904830574989319,14.763622283935547,,,
45200,38.0,0.2523842751979828,16.791698455810547,,,
45300,38.0,0.294998437166214,14.993659973144531,,,
45400,38.0,0.30277708172798157,15.460378646850586,,,
45500,38.0,0.24815848469734192,16.91512680053711,,,
45600,38.0,0.25720155239105225,17.032466888427734,,,
45700,38.0,0.26432302594184875,16.48158073425293,,,
45800,38.0,0.2226131409406662,17.14472198486328,,,
45900,38.0,0.2968531847000122,14.828529357910156,,,
46000,38.0,0.22815516591072083,17.564186096191406,,,
46100,38.0,0.22109945118427277,17.744659423828125,,,
46200,38.0,0.25598278641700745,16.35198974609375,,,
46300,38.0,0.23810629546642303,17.32686996459961,,,
46400,38.0,0.22833757102489471,16.96106719970703,,,
46500,38.0,0.24620775878429413,16.96422004699707,,,
46600,38.0,0.3013756275177002,15.696817398071289,,,
46700,38.0,0.22719378769397736,18.136533737182617,,,
46800,38.0,0.20344212651252747,18.820629119873047,,,
46900,38.0,0.26118171215057373,16.279659271240234,,,
47000,38.0,0.20227597653865814,18.61994743347168,,,
47100,38.0,0.23937605321407318,17.42062759399414,,,
47200,38.0,0.22210593521595,17.613155364990234,,,
47300,38.0,0.2559238374233246,16.187705993652344,,,
47400,38.0,0.2685835063457489,15.898286819458008,,,
47500,38.0,0.23738041520118713,17.071731567382812,,,
47600,38.0,0.28462842106819153,16.277769088745117,,,
47700,38.0,0.25478771328926086,16.878644943237305,,,
47800,38.0,0.25203877687454224,16.460132598876953,,,
47900,38.0,0.26523035764694214,16.360572814941406,,,
48000,38.0,0.21090257167816162,17.472209930419922,,,
48100,38.0,0.23526184260845184,17.341829299926758,,,
48200,38.0,0.2561449110507965,16.33953857421875,,,
48300,38.0,0.1867132931947708,19.050540924072266,,,
48400,38.0,0.2055293321609497,18.087501525878906,,,
48500,38.0,0.1982552856206894,17.85285186767578,,,
48600,38.0,0.222380131483078,17.550296783447266,,,
48700,38.0,0.22258462011814117,17.958833694458008,,,
48800,38.0,0.2334916740655899,17.681957244873047,,,
48900,38.0,0.23140056431293488,17.153636932373047,,,
49000,38.0,0.21173754334449768,17.806812286376953,,,
49100,38.0,0.2952846586704254,15.882169723510742,,,
49200,38.0,0.21745269000530243,17.159400939941406,,,
49300,38.0,0.24781577289104462,16.787805557250977,,,
49400,38.0,0.2039683312177658,17.725753784179688,,,
49500,38.0,0.23047561943531036,17.018325805664062,,,
49600,38.0,0.2288994938135147,17.09994125366211,,,
49700,38.0,0.23749394714832306,16.692588806152344,,,
49800,38.0,0.13987839221954346,21.239933013916016,,,
49900,38.0,0.19738924503326416,18.10025978088379,,,
50000,38.0,0.23295532166957855,16.998947143554688,,,
50100,38.0,0.23425620794296265,17.404186248779297,,,
50200,38.0,0.29124099016189575,15.811481475830078,,,
50300,38.0,0.22215309739112854,17.35689926147461,,,
50400,38.0,0.24643424153327942,17.200456619262695,,,
50500,38.0,0.24075160920619965,16.93355369567871,,,
50600,38.0,0.2282666563987732,17.552207946777344,,,
50700,38.0,0.2581373453140259,16.260879516601562,,,
50800,38.0,0.18822498619556427,18.505266189575195,,,
50900,38.0,0.2795088589191437,15.484411239624023,,,
51000,38.0,0.2847607433795929,15.703340530395508,,,
51100,38.0,0.28303223848342896,16.2166690826416,,,
51200,38.0,0.2198420763015747,17.69955062866211,,,
51300,38.0,0.23706312477588654,17.07692527770996,,,
51400,38.0,0.24316851794719696,16.40728759765625,,,
51500,38.0,0.1899888664484024,18.4036808013916,,,
51600,38.0,0.2764368951320648,15.829118728637695,,,
51700,38.0,0.14054915308952332,20.898757934570312,,,
51800,38.0,0.2188854217529297,17.802474975585938,,,
51900,38.0,0.3083086609840393,14.221176147460938,,,
52000,38.0,0.24984706938266754,16.70948028564453,,,
52100,38.0,0.312981516122818,14.862268447875977,,,
52200,38.0,0.20595337450504303,18.440034866333008,,,
52300,38.0,0.2724064886569977,16.157461166381836,,,
52400,38.0,0.3107622265815735,15.015851974487305,,,
52500,38.0,0.23640179634094238,16.632213592529297,,,
52600,38.0,0.21815885603427887,17.631893157958984,,,
52700,38.0,0.2105628401041031,18.130950927734375,,,
52800,38.0,0.27327147126197815,16.421741485595703,,,
52900,38.0,0.25924447178840637,16.738544464111328,,,
53000,38.0,0.1816445291042328,19.636816024780273,,,
53100,38.0,0.19463011622428894,18.400630950927734,,,
53200,38.0,0.2786470353603363,16.319705963134766,,,
53300,38.0,0.2151786983013153,17.350561141967773,,,
53400,38.0,0.23959967494010925,17.12364959716797,,,
53500,38.0,0.23602990806102753,17.3609619140625,,,
53600,38.0,0.15981507301330566,20.169038772583008,,,
53700,38.0,0.2446543574333191,16.91799545288086,,,
53800,38.0,0.18871881067752838,18.933940887451172,,,
53900,38.0,0.1456487774848938,20.964584350585938,,,
54000,38.0,0.26187369227409363,16.846107482910156,,,
54100,38.0,0.2512092888355255,17.018102645874023,,,
54200,38.0,0.22186940908432007,17.19559097290039,,,
54300,38.0,0.2269553244113922,17.266616821289062,,,
54400,38.0,0.21650591492652893,17.780248641967773,,,
54500,38.0,0.28806769847869873,15.09958267211914,,,
54600,38.0,0.23185472190380096,17.067380905151367,,,
54700,38.0,0.17017751932144165,20.043962478637695,,,
54800,38.0,0.19551730155944824,18.280765533447266,,,
54900,38.0,0.2898862957954407,15.848535537719727,,,
55000,38.0,0.23828652501106262,16.875228881835938,,,
55100,38.0,0.2724030017852783,16.71677017211914,,,
55200,38.0,0.2094659060239792,17.4815673828125,,,
55300,38.0,0.19327937066555023,19.276453018188477,,,
55400,38.0,0.22144357860088348,17.372201919555664,,,
55500,38.0,0.23693369328975677,16.718158721923828,,,
55600,38.0,0.18776170909404755,18.963359832763672,,,
55700,38.0,0.2343851625919342,17.502193450927734,,,
55800,38.0,0.2365180253982544,17.03689956665039,,,
55900,38.0,0.2637704908847809,16.393775939941406,,,
56000,38.0,0.30675196647644043,14.089385986328125,,,
56100,38.0,0.3453885316848755,13.88348388671875,,,
56200,38.0,0.20165382325649261,17.940181732177734,,,
56300,38.0,0.2805846631526947,15.358793258666992,,,
56400,38.0,0.19279377162456512,18.450641632080078,,,
56500,38.0,0.24169252812862396,17.447959899902344,,,
56600,38.0,0.27121177315711975,16.54955291748047,,,
56700,38.0,0.28223568201065063,15.898080825805664,,,
56800,38.0,0.22776532173156738,17.12306022644043,,,
56900,38.0,0.2245113104581833,17.284427642822266,,,
57000,38.0,0.2610797882080078,16.886260986328125,,,
57100,38.0,0.23550881445407867,16.852846145629883,,,
57200,38.0,0.2047918289899826,18.4798641204834,,,
57300,38.0,0.2052048146724701,17.57209014892578,,,
57400,38.0,0.23651710152626038,16.858402252197266,,,
57500,38.0,0.22040511667728424,17.6326847076416,,,
57600,38.0,0.21367524564266205,18.375732421875,,,
57700,38.0,0.14917704463005066,20.318283081054688,,,
57800,38.0,0.27522537112236023,15.983494758605957,,,
57900,38.0,0.24855364859104156,17.952186584472656,,,
58000,38.0,0.2178715616464615,17.52373504638672,,,
58100,38.0,0.2114822417497635,18.204975128173828,,,
58200,38.0,0.2348572015762329,16.947004318237305,,,
58300,38.0,0.2391389161348343,16.95050621032715,,,
58400,38.0,0.23613384366035461,17.3945255279541,,,
58500,38.0,0.23131437599658966,17.41290283203125,,,
58600,38.0,0.296213299036026,15.779869079589844,,,
58700,38.0,0.182364359498024,19.189437866210938,,,
58800,38.0,0.30539408326148987,15.830728530883789,,,
58900,38.0,0.20425136387348175,19.453914642333984,,,
59000,38.0,0.2678939700126648,16.530303955078125,,,
59100,38.0,0.22724992036819458,17.724472045898438,,,
59200,38.0,0.25308290123939514,16.451828002929688,,,
59300,38.0,0.22191469371318817,18.247787475585938,,,
59400,38.0,0.2233140617609024,17.34099006652832,,,
59500,38.0,0.28825363516807556,15.524085998535156,,,
59600,38.0,0.23070305585861206,17.615676879882812,,,
59700,38.0,0.2398785501718521,17.378185272216797,,,
59800,38.0,0.18821202218532562,18.56121826171875,,,
59900,38.0,0.1517825573682785,19.932693481445312,,,
60000,38.0,0.24918949604034424,16.7984561920166,,,
60100,38.0,0.2182908058166504,17.70090103149414,,,
60200,38.0,0.23887190222740173,17.39891242980957,,,
60300,38.0,0.18358148634433746,19.19736671447754,,,
60400,38.0,0.2390781044960022,17.232107162475586,,,
60500,38.0,0.214505136013031,18.391632080078125,,,
60600,38.0,0.2658322751522064,16.230182647705078,,,
60700,38.0,0.3428197205066681,14.079842567443848,,,
60800,38.0,0.28289422392845154,15.657258987426758,,,
60900,38.0,0.24148480594158173,16.79478645324707,,,
61000,38.0,0.23120428621768951,16.961681365966797,,,
61100,38.0,0.24745075404644012,16.825542449951172,,,
61200,38.0,0.2037070095539093,18.194808959960938,,,
61300,38.0,0.2847130596637726,16.142475128173828,,,
61400,38.0,0.19341722130775452,18.697628021240234,,,
61500,38.0,0.24855318665504456,17.146236419677734,,,
61600,38.0,0.19732442498207092,18.351938247680664,,,
61700,38.0,0.21558040380477905,18.692373275756836,,,
61800,38.0,0.21232883632183075,17.881423950195312,,,
61900,38.0,0.1968936324119568,18.71190643310547,,,
62000,38.0,0.23935934901237488,17.11501121520996,,,
62100,38.0,0.26575198769569397,15.999433517456055,,,
62200,38.0,0.22788262367248535,17.718830108642578,,,
62300,38.0,0.23825673758983612,16.501705169677734,,,
62400,38.0,0.26697054505348206,16.175823211669922,,,
62500,38.0,0.2444971352815628,16.622783660888672,,,
62600,38.0,0.22176595032215118,17.83551788330078,,,
62700,38.0,0.19488660991191864,18.327014923095703,,,
62800,38.0,0.2778138518333435,15.894171714782715,,,
62900,38.0,0.21998387575149536,17.353496551513672,,,
63000,38.0,0.2067420333623886,18.602691650390625,,,
63100,38.0,0.1988789439201355,18.709186553955078,,,
63200,38.0,0.3423319458961487,13.60677433013916,,,
63300,38.0,0.2647168040275574,16.13511085510254,,,
63400,38.0,0.23817284405231476,16.655691146850586,,,
63500,38.0,0.23614531755447388,18.16464614868164,,,
63600,38.0,0.2237907350063324,18.12929344177246,,,
63700,38.0,0.2398606687784195,16.928760528564453,,,
63800,38.0,0.2995189130306244,15.228619575500488,,,
63900,38.0,0.17258873581886292,19.308229446411133,,,
64000,38.0,0.22266007959842682,17.620986938476562,,,
64100,38.0,0.18922291696071625,19.02462387084961,,,
64200,38.0,0.21506036818027496,18.62818717956543,,,
64300,38.0,0.18325333297252655,19.28114891052246,,,
64400,38.0,0.25255951285362244,17.305444717407227,,,
64500,38.0,0.21853065490722656,17.463911056518555,,,
64600,38.0,0.1799122393131256,18.96009635925293,,,
64700,38.0,0.2184150367975235,17.551464080810547,,,
64800,38.0,0.23904713988304138,16.74131965637207,,,
64900,38.0,0.2031700760126114,18.49759292602539,,,
65000,38.0,0.2043324112892151,18.604053497314453,,,
65100,38.0,0.25486594438552856,16.695919036865234,,,
65200,38.0,0.2928272485733032,15.078859329223633,,,
65300,38.0,0.24980175495147705,16.853391647338867,,,
65400,38.0,0.2350814938545227,17.540367126464844,,,
65500,38.0,0.2370140254497528,17.00025177001953,,,
65600,38.0,0.235027477145195,17.652442932128906,,,
65700,38.0,0.21049976348876953,18.223474502563477,,,
65800,38.0,0.24350419640541077,18.543148040771484,,,
65900,38.0,0.2779037356376648,16.598064422607422,,,
66000,38.0,0.17735181748867035,19.552955627441406,,,
66100,38.0,0.20566630363464355,18.159744262695312,,,
66200,38.0,0.23636701703071594,17.788406372070312,,,
66300,38.0,0.2509530484676361,16.352144241333008,,,
66400,38.0,0.23712767660617828,17.607105255126953,,,
66500,38.0,0.23871146142482758,17.281719207763672,,,
66600,38.0,0.21799388527870178,17.797901153564453,,,
66700,38.0,0.2397950142621994,16.832475662231445,,,
66800,38.0,0.26587048172950745,16.472270965576172,,,
66900,38.0,0.19521108269691467,18.873937606811523,,,
67000,38.0,0.20829634368419647,17.4068603515625,,,
67100,38.0,0.23847855627536774,17.199438095092773,,,
67200,38.0,0.22317799925804138,17.404924392700195,,,
67300,38.0,0.2733156681060791,15.43523120880127,,,
67400,38.0,0.20472747087478638,18.040538787841797,,,
67500,38.0,0.21019649505615234,17.86164093017578,,,
67600,38.0,0.22000418603420258,17.72816276550293,,,
67700,38.0,0.20722655951976776,18.3988037109375,,,
67800,38.0,0.2314181625843048,17.536518096923828,,,
67900,38.0,0.23040705919265747,16.798330307006836,,,
68000,38.0,0.3144572079181671,14.971251487731934,,,
68100,38.0,0.22231020033359528,17.950050354003906,,,
68200,38.0,0.2893274426460266,15.898962020874023,,,
68300,38.0,0.21516403555870056,18.480083465576172,,,
68400,38.0,0.20360766351222992,18.484346389770508,,,
68500,38.0,0.21217206120491028,18.16875457763672,,,
68600,38.0,0.23905260860919952,16.735111236572266,,,
68700,38.0,0.28719162940979004,15.446878433227539,,,
68800,38.0,0.2367374151945114,17.479211807250977,,,
68900,38.0,0.22128891944885254,17.792282104492188,,,
69000,38.0,0.23919489979743958,17.155412673950195,,,
69100,38.0,0.211963951587677,17.589176177978516,,,
69200,38.0,0.2094292938709259,18.350595474243164,,,
69300,38.0,0.24010010063648224,16.72966957092285,,,
69400,38.0,0.18914154171943665,19.17388343811035,,,
69500,38.0,0.2454928159713745,17.042205810546875,,,
69600,38.0,0.19114245474338531,18.410327911376953,,,
69700,38.0,0.24823281168937683,16.359886169433594,,,
69800,38.0,0.23883993923664093,17.235942840576172,,,
69900,38.0,0.19064763188362122,18.91063690185547,,,
70000,38.0,0.2186570018529892,17.78986358642578,,,
70100,38.0,0.2706074118614197,15.51982307434082,,,
70200,38.0,0.27445149421691895,15.908367156982422,,,
70300,38.0,0.22555509209632874,17.603717803955078,,,
70400,38.0,0.24797740578651428,17.211336135864258,,,
70500,38.0,0.20850244164466858,17.90155029296875,,,
70600,38.0,0.2843190133571625,15.916908264160156,,,
70700,38.0,0.1675185114145279,19.710113525390625,,,
70800,38.0,0.30875450372695923,15.022977828979492,,,
70900,38.0,0.22331278026103973,17.577468872070312,,,
71000,38.0,0.29167744517326355,15.462284088134766,,,
71100,38.0,0.24035291373729706,17.977401733398438,,,
71200,38.0,0.21876366436481476,17.536190032958984,,,
71300,38.0,0.19672951102256775,18.2967472076416,,,
71400,38.0,0.24037376046180725,16.55237579345703,,,
71500,38.0,0.22939057648181915,17.546674728393555,,,
71600,38.0,0.20982861518859863,18.11428451538086,,,
71700,38.0,0.24386677145957947,16.906356811523438,,,
71800,38.0,0.20602166652679443,18.23284149169922,,,
71900,38.0,0.24797631800174713,16.28850555419922,,,
72000,38.0,0.21163536608219147,18.33411407470703,,,
72100,38.0,0.2764098048210144,16.699634552001953,,,
72200,38.0,0.2897990047931671,15.500387191772461,,,
72300,38.0,0.2387116700410843,16.610088348388672,,,
72400,38.0,0.1839883029460907,19.005321502685547,,,
72500,38.0,0.21200484037399292,17.64037322998047,,,
72600,38.0,0.15831629931926727,19.97265625,,,
72700,38.0,0.22340352833271027,17.88164520263672,,,
72800,38.0,0.248922660946846,16.6743221282959,,,
72900,38.0,0.22382624447345734,17.731523513793945,,,
73000,38.0,0.2811785340309143,16.269559860229492,,,
73100,38.0,0.25465384125709534,16.23856544494629,,,
73200,38.0,0.1741531938314438,19.103004455566406,,,
73300,38.0,0.2744319438934326,16.079723358154297,,,
73400,38.0,0.195047527551651,18.250247955322266,,,
73500,38.0,0.18187543749809265,18.93242645263672,,,
73600,38.0,0.2514307498931885,17.451744079589844,,,
73700,38.0,0.2142792046070099,17.966197967529297,,,
73800,38.0,0.24332791566848755,17.155561447143555,,,
73900,38.0,0.21063391864299774,18.108169555664062,,,
74000,38.0,0.2861553430557251,16.219688415527344,,,
74100,38.0,0.2115553617477417,17.92011260986328,,,
74200,38.0,0.2613295912742615,16.58462905883789,,,
74300,38.0,0.20556829869747162,18.449817657470703,,,
74400,38.0,0.22681201994419098,18.115373611450195,,,
74500,38.0,0.3462248146533966,14.168167114257812,,,
74600,38.0,0.2649540901184082,16.963054656982422,,,
74700,38.0,0.21221576631069183,18.23721694946289,,,
74800,38.0,0.2370697408914566,17.585216522216797,,,
74900,38.0,0.24186453223228455,17.182876586914062,,,
75000,38.0,0.23457443714141846,16.922386169433594,,,
75100,38.0,0.2119678258895874,18.341915130615234,,,
75200,38.0,0.20765380561351776,18.20701789855957,,,
75300,38.0,0.23733612895011902,16.82961654663086,,,
75400,38.0,0.22997747361660004,17.068321228027344,,,
75500,38.0,0.23968319594860077,16.985137939453125,,,
75600,38.0,0.2648923695087433,16.416278839111328,,,
75700,38.0,0.20120950043201447,18.98815155029297,,,
75800,38.0,0.22460852563381195,17.546892166137695,,,
75900,38.0,0.15341395139694214,20.43653678894043,,,
76000,38.0,0.2346307784318924,17.46647071838379,,,
76100,38.0,0.1930369734764099,18.730052947998047,,,
76200,38.0,0.2216275930404663,17.8142147064209,,,
76300,38.0,0.2154054194688797,17.863937377929688,,,
76400,38.0,0.2251463532447815,17.532543182373047,,,
76500,38.0,0.2473122477531433,16.168699264526367,,,
76600,38.0,0.23948882520198822,16.594755172729492,,,
76700,38.0,0.2768237292766571,16.200407028198242,,,
76800,38.0,0.26578179001808167,17.263010025024414,,,
76900,38.0,0.23156003654003143,17.656888961791992,,,
77000,38.0,0.2358396202325821,17.31899070739746,,,
77100,38.0,0.2507968544960022,16.216392517089844,,,
77200,38.0,0.2591099143028259,16.800243377685547,,,
77300,38.0,0.19522227346897125,18.813968658447266,,,
77400,38.0,0.27539515495300293,16.6082763671875,,,
77500,38.0,0.2700354754924774,16.085540771484375,,,
77600,38.0,0.1770799607038498,19.13956069946289,,,
77700,38.0,0.2465999722480774,16.373241424560547,,,
77800,38.0,0.18366405367851257,19.649768829345703,,,
77900,38.0,0.23240195214748383,17.647850036621094,,,
78000,38.0,0.2321692854166031,16.690921783447266,,,
78100,38.0,0.19953623414039612,19.097759246826172,,,
78200,38.0,0.23146483302116394,17.940690994262695,,,
78300,38.0,0.21327728033065796,17.84209442138672,,,
78400,38.0,0.2457391768693924,17.541213989257812,,,
78500,38.0,0.237143412232399,17.419689178466797,,,
78600,38.0,0.28398311138153076,16.369152069091797,,,
78700,38.0,0.1697380542755127,19.4002628326416,,,
78800,38.0,0.24202944338321686,17.15825653076172,,,
78900,38.0,0.21308737993240356,17.942153930664062,,,
79000,38.0,0.22080457210540771,17.07532501220703,,,
79100,38.0,0.14860400557518005,20.48141098022461,,,
79200,38.0,0.26730382442474365,16.453401565551758,,,
79300,38.0,0.23808810114860535,16.9801025390625,,,
79400,38.0,0.21425414085388184,17.388484954833984,,,
79500,38.0,0.24946296215057373,16.71159553527832,,,
79600,38.0,0.22605986893177032,17.20182228088379,,,
79700,38.0,0.21124114096164703,18.128530502319336,,,
79800,38.0,0.2713874280452728,16.306129455566406,,,
79900,38.0,0.2572951018810272,16.053869247436523,,,
80000,38.0,0.18988220393657684,19.463762283325195,,,
80100,38.0,0.2682124078273773,15.789515495300293,,,
80200,38.0,0.26782551407814026,16.661277770996094,,,
80300,38.0,0.2394995093345642,16.873361587524414,,,
80400,38.0,0.16908414661884308,19.558561325073242,,,
80500,38.0,0.22013118863105774,18.274295806884766,,,
80600,38.0,0.216402068734169,17.636051177978516,,,
80700,38.0,0.22368162870407104,17.616567611694336,,,
80800,38.0,0.2007370889186859,18.52073860168457,,,
80900,38.0,0.2487783282995224,16.657737731933594,,,
81000,38.0,0.23831374943256378,16.723833084106445,,,
81100,38.0,0.28603747487068176,14.99096965789795,,,
81200,38.0,0.20423920452594757,18.47844696044922,,,
81300,38.0,0.2375958114862442,16.627727508544922,,,
81400,38.0,0.21998175978660583,17.269824981689453,,,
81500,38.0,0.20524272322654724,18.280790328979492,,,
81600,38.0,0.2888350188732147,15.155192375183105,,,
81700,38.0,0.23741769790649414,16.862350463867188,,,
81800,38.0,0.17462463676929474,19.631549835205078,,,
81900,38.0,0.17685315012931824,20.187633514404297,,,
82000,38.0,0.25965070724487305,16.578807830810547,,,
82100,38.0,0.33271729946136475,15.24941635131836,,,
82200,38.0,0.2726781964302063,16.10260772705078,,,
82300,38.0,0.24826295673847198,16.307830810546875,,,
82400,38.0,0.19950340688228607,18.979896545410156,,,
82500,38.0,0.27817070484161377,15.672481536865234,,,
82600,38.0,0.2077639400959015,18.01229476928711,,,
82700,38.0,0.21841174364089966,18.97936248779297,,,
82800,38.0,0.23719199001789093,16.8349609375,,,
82900,38.0,0.21390309929847717,17.803375244140625,,,
83000,38.0,0.22017616033554077,17.572546005249023,,,
83100,38.0,0.15855473279953003,20.29739761352539,,,
83200,38.0,0.17461813986301422,18.7737979888916,,,
83300,38.0,0.2450166791677475,17.342239379882812,,,
83400,38.0,0.2540382146835327,16.98785400390625,,,
83500,38.0,0.19819320738315582,18.772212982177734,,,
83600,38.0,0.18459780514240265,19.17384910583496,,,
83700,38.0,0.2713223993778229,16.951961517333984,,,
83800,38.0,0.2325586974620819,17.389476776123047,,,
83900,38.0,0.28419092297554016,15.212404251098633,,,
84000,38.0,0.2893538475036621,15.484626770019531,,,
84100,38.0,0.2043435424566269,18.5485897064209,,,
84200,38.0,0.22468633949756622,17.55242156982422,,,
84300,38.0,0.1842462569475174,18.8830623626709,,,
84400,38.0,0.22097238898277283,17.817707061767578,,,
84500,38.0,0.2343752682209015,17.69381332397461,,,
84600,38.0,0.28980395197868347,15.540349006652832,,,
84700,38.0,0.16093149781227112,20.365806579589844,,,
84800,38.0,0.26964759826660156,15.521574020385742,,,
84900,38.0,0.2844056785106659,15.342174530029297,,,
85000,38.0,0.25607624650001526,16.041404724121094,,,
85100,38.0,0.25282248854637146,18.047340393066406,,,
85200,38.0,0.1619579941034317,19.85386848449707,,,
85300,38.0,0.16355246305465698,20.121461868286133,,,
85400,38.0,0.25553977489471436,16.910905838012695,,,
85500,38.0,0.22089426219463348,17.648635864257812,,,
85600,38.0,0.23635327816009521,17.44655990600586,,,
85700,38.0,0.15113824605941772,20.764612197875977,,,
85800,38.0,0.1666567623615265,19.952350616455078,,,
85900,38.0,0.19100603461265564,18.813861846923828,,,
86000,38.0,0.2491515576839447,16.49089813232422,,,
86100,38.0,0.24876773357391357,16.91039276123047,,,
86200,38.0,0.21879179775714874,17.64657211303711,,,
86300,38.0,0.22752328217029572,17.618125915527344,,,
86400,38.0,0.19720327854156494,18.248687744140625,,,
86500,38.0,0.2242731899023056,16.965839385986328,,,
86600,38.0,0.20746491849422455,18.465164184570312,,,
86700,38.0,0.2679915130138397,16.231496810913086,,,
86800,38.0,0.2947303354740143,15.35812759399414,,,
86900,38.0,0.22150146961212158,17.763072967529297,,,
87000,38.0,0.25691381096839905,16.000553131103516,,,
87100,38.0,0.20644353330135345,18.208505630493164,,,
87200,38.0,0.22348490357398987,18.036014556884766,,,
87300,38.0,0.149579256772995,20.459835052490234,,,
87400,38.0,0.24343998730182648,17.164142608642578,,,
87500,38.0,0.1694585084915161,19.651409149169922,,,
87600,38.0,0.2134525030851364,17.724111557006836,,,
87700,38.0,0.217409148812294,17.922197341918945,,,
87800,38.0,0.2519609034061432,17.35424041748047,,,
87900,38.0,0.21008576452732086,17.531089782714844,,,
88000,38.0,0.2259475439786911,16.906124114990234,,,
88100,38.0,0.275870144367218,16.29122543334961,,,
88200,38.0,0.21560171246528625,17.794910430908203,,,
88300,38.0,0.21197509765625,18.286813735961914,,,
88400,38.0,0.24145245552062988,17.104568481445312,,,
88500,38.0,0.2288443148136139,16.846092224121094,,,
88600,38.0,0.2469092309474945,17.34437370300293,,,
88700,38.0,0.20588937401771545,18.905651092529297,,,
88800,38.0,0.2674863934516907,16.619903564453125,,,
88900,38.0,0.24038268625736237,16.947092056274414,,,
89000,38.0,0.236723393201828,17.317543029785156,,,
89100,38.0,0.21801690757274628,18.405479431152344,,,
89200,38.0,0.21620331704616547,18.248111724853516,,,
89300,38.0,0.21273033320903778,18.703006744384766,,,
89400,38.0,0.19258815050125122,19.22370147705078,,,
89500,38.0,0.18399646878242493,18.381732940673828,,,
89600,38.0,0.27295631170272827,15.909168243408203,,,
89700,38.0,0.2338716983795166,17.101791381835938,,,
89800,38.0,0.21929742395877838,17.783498764038086,,,
89900,38.0,0.13349752128124237,21.69171905517578,,,
90000,38.0,0.2762167453765869,16.750232696533203,,,
90100,38.0,0.22407224774360657,17.77759552001953,,,
90200,38.0,0.25669676065444946,16.297168731689453,,,
90300,38.0,0.22580695152282715,17.37044906616211,,,
90400,38.0,0.2095041275024414,17.90955924987793,,,
90500,38.0,0.23066173493862152,16.958232879638672,,,
90600,38.0,0.23918193578720093,16.82842445373535,,,
90700,38.0,0.27080056071281433,15.393590927124023,,,
90800,38.0,0.22631093859672546,17.50241470336914,,,
90900,38.0,0.2740533947944641,16.13100814819336,,,
91000,38.0,0.22960998117923737,17.533119201660156,,,
91100,38.0,0.2600739300251007,17.63843536376953,,,
91200,38.0,0.28397053480148315,14.984518051147461,,,
91300,38.0,0.26152661442756653,15.797938346862793,,,
91400,38.0,0.19145748019218445,18.65001678466797,,,
91500,38.0,0.24542337656021118,17.18001937866211,,,
91600,38.0,0.27761074900627136,15.958542823791504,,,
91700,38.0,0.17422492802143097,19.365615844726562,,,
91800,38.0,0.19627387821674347,18.97989845275879,,,
91900,38.0,0.18486091494560242,18.42922019958496,,,
92000,38.0,0.29876264929771423,14.658231735229492,,,
92100,38.0,0.2663358449935913,16.9078311920166,,,
92200,38.0,0.22217001020908356,17.248733520507812,,,
92300,38.0,0.21130870282649994,17.788646697998047,,,
92400,38.0,0.28031426668167114,16.095069885253906,,,
92500,38.0,0.15143753588199615,21.068714141845703,,,
92600,38.0,0.25206121802330017,16.838062286376953,,,
92700,38.0,0.2373514324426651,16.675193786621094,,,
92800,38.0,0.19798217713832855,18.38080596923828,,,
92900,38.0,0.20769014954566956,18.91393280029297,,,
93000,38.0,0.2045615315437317,18.364784240722656,,,
93100,38.0,0.15492889285087585,20.218671798706055,,,
93200,38.0,0.22424612939357758,18.12096405029297,,,
93300,38.0,0.26620373129844666,16.172945022583008,,,
93400,38.0,0.2416553795337677,16.78388214111328,,,
93500,38.0,0.24926894903182983,16.416919708251953,,,
93600,38.0,0.29517340660095215,14.867271423339844,,,
93700,38.0,0.2694523334503174,15.676949501037598,,,
93800,38.0,0.29713866114616394,14.455705642700195,,,
93900,38.0,0.19290103018283844,19.1854190826416,,,
94000,38.0,0.22825482487678528,17.29360580444336,,,
94100,38.0,0.19517940282821655,18.472393035888672,,,
94200,38.0,0.2344125360250473,17.288433074951172,,,
94300,38.0,0.24306048452854156,17.132686614990234,,,
94400,38.0,0.18117235600948334,19.793359756469727,,,
94500,38.0,0.24933888018131256,16.74768829345703,,,
94600,38.0,0.1930338740348816,18.016515731811523,,,
94700,38.0,0.29540953040122986,15.467090606689453,,,
94800,38.0,0.23354282975196838,16.940261840820312,,,
94900,38.0,0.13092169165611267,21.703689575195312,,,
95000,38.0,0.18002556264400482,19.121912002563477,,,
95100,38.0,0.20716169476509094,18.174999237060547,,,
95200,38.0,0.21460160613059998,17.916763305664062,,,
95300,38.0,0.21179115772247314,18.325185775756836,,,
95400,38.0,0.20720882713794708,18.357318878173828,,,
95500,38.0,0.23847949504852295,17.399356842041016,,,
95600,38.0,0.3155265748500824,14.904972076416016,,,
95700,38.0,0.23265591263771057,17.449899673461914,,,
95800,38.0,0.2264091670513153,17.635879516601562,,,
95900,38.0,0.22414681315422058,17.537378311157227,,,
96000,38.0,0.202700674533844,18.320293426513672,,,
96100,38.0,0.239634707570076,17.894847869873047,,,
96200,38.0,0.17320790886878967,19.097681045532227,,,
96300,38.0,0.21505853533744812,18.69418716430664,,,
96400,38.0,0.2649679481983185,16.925979614257812,,,
96500,38.0,0.22211548686027527,17.871431350708008,,,
96600,38.0,0.1273309588432312,21.7500057220459,,,
96700,38.0,0.27926746010780334,16.17313575744629,,,
96800,38.0,0.21839748322963715,17.358612060546875,,,
96900,38.0,0.27341440320014954,16.397518157958984,,,
97000,38.0,0.2604292631149292,16.092151641845703,,,
97100,38.0,0.20774255692958832,18.702102661132812,,,
97200,38.0,0.2866402566432953,14.90402889251709,,,
97300,38.0,0.29415374994277954,15.146917343139648,,,
97400,38.0,0.22732122242450714,17.8824462890625,,,
97500,38.0,0.25547924637794495,16.360097885131836,,,
97600,38.0,0.18564704060554504,19.220233917236328,,,
97700,38.0,0.2755906581878662,16.504056930541992,,,
97800,38.0,0.1887672245502472,18.89340591430664,,,
97900,38.0,0.27247780561447144,15.962697982788086,,,
98000,38.0,0.23097854852676392,17.743799209594727,,,
98100,38.0,0.23889222741127014,17.146034240722656,,,
98200,38.0,0.2341729700565338,17.283559799194336,,,
98300,38.0,0.16135355830192566,20.219768524169922,,,
98400,38.0,0.26237794756889343,16.392087936401367,,,
98500,38.0,0.1950472593307495,18.814786911010742,,,
98600,38.0,0.22459983825683594,17.830541610717773,,,
98700,38.0,0.21220822632312775,17.876220703125,,,
98800,38.0,0.20570328831672668,18.447555541992188,,,
98900,38.0,0.229395791888237,17.760520935058594,,,
99000,38.0,0.2468407154083252,16.489625930786133,,,
99100,38.0,0.2748083174228668,15.989280700683594,,,
99200,38.0,0.19552990794181824,18.33450698852539,,,
99300,38.0,0.23782584071159363,17.140785217285156,,,
99400,38.0,0.21719539165496826,17.732091903686523,,,
99500,38.0,0.30426856875419617,14.086165428161621,,,
99600,38.0,0.21806742250919342,18.27735137939453,,,
99700,38.0,0.23789511620998383,17.28818130493164,,,
99800,38.0,0.2166854590177536,18.506549835205078,,,
99900,38.0,0.2631971836090088,15.391324043273926,,,
